[0.000000] (-) TimerEvent: {}
[0.000560] (explore_lite_msgs) JobQueued: {'identifier': 'explore_lite_msgs', 'dependencies': OrderedDict()}
[0.000953] (go2_nav) JobQueued: {'identifier': 'go2_nav', 'dependencies': OrderedDict()}
[0.001111] (multirobot_map_merge) JobQueued: {'identifier': 'multirobot_map_merge', 'dependencies': OrderedDict()}
[0.001141] (explore_lite) JobQueued: {'identifier': 'explore_lite', 'dependencies': OrderedDict([('explore_lite_msgs', '/home/safal/Desktop/unitreego2nav/install/explore_lite_msgs')])}
[0.001174] (explore_lite_msgs) JobStarted: {'identifier': 'explore_lite_msgs'}
[0.008217] (go2_nav) JobStarted: {'identifier': 'go2_nav'}
[0.019060] (multirobot_map_merge) JobStarted: {'identifier': 'multirobot_map_merge'}
[0.026070] (explore_lite_msgs) JobProgress: {'identifier': 'explore_lite_msgs', 'progress': 'cmake'}
[0.026659] (explore_lite_msgs) Command: {'cmd': ['/usr/bin/cmake', '/home/safal/Desktop/unitreego2nav/src/m-explore-ros2/explore_lite_msgs', '-DCMAKE_INSTALL_PREFIX=/home/safal/Desktop/unitreego2nav/install/explore_lite_msgs'], 'cwd': '/home/safal/Desktop/unitreego2nav/build/explore_lite_msgs', 'env': OrderedDict([('LESSOPEN', '| /usr/bin/lesspipe %s'), ('USER', 'safal'), ('LC_TIME', 'bho_NP'), ('XDG_SESSION_TYPE', 'wayland'), ('SHLVL', '1'), ('LD_LIBRARY_PATH', '/home/safal/Desktop/unitreego2nav/install/multirobot_map_merge/lib:/home/safal/Desktop/unitreego2nav/install/explore_lite_msgs/lib:/usr/lib/x86_64-linux-gnu/gazebo-11/plugins:/opt/ros/humble/opt/rviz_ogre_vendor/lib:/opt/ros/humble/lib/x86_64-linux-gnu:/opt/ros/humble/lib'), ('HOME', '/home/safal'), ('CONDA_SHLVL', '0'), ('CYCLONEDDS_URI', '<CycloneDDS><Domain><General><Interfaces><NetworkInterface name="enp4s0" priority="default" multicast="default"/></Interfaces></General></Domain></CycloneDDS>'), ('DESKTOP_SESSION', 'ubuntu'), ('ROS_PYTHON_VERSION', '3'), ('GNOME_SHELL_SESSION_MODE', 'ubuntu'), ('GTK_MODULES', 'gail:atk-bridge'), ('LC_MONETARY', 'bho_NP'), ('SYSTEMD_EXEC_PID', '123838'), ('DBUS_SESSION_BUS_ADDRESS', 'unix:path=/run/user/1000/bus'), ('COLORTERM', 'truecolor'), ('_CE_M', ''), ('_CONDA_ROOT', '/home/safal/miniconda3'), ('IM_CONFIG_PHASE', '1'), ('WAYLAND_DISPLAY', 'wayland-0'), ('COLCON_PREFIX_PATH', '/home/safal/Desktop/unitreego2nav/install'), ('ROS_DISTRO', 'humble'), ('LOGNAME', 'safal'), ('_', '/usr/bin/colcon'), ('ROS_VERSION', '2'), ('XDG_SESSION_CLASS', 'user'), ('USERNAME', 'safal'), ('TERM', 'xterm-256color'), ('GNOME_DESKTOP_SESSION_ID', 'this-is-deprecated'), ('_CE_CONDA', ''), ('ROS_LOCALHOST_ONLY', '0'), ('PATH', '/opt/ros/humble/bin:/home/safal/miniconda3/condabin:/home/safal/.local/bin:/usr/local/sbin:/usr/local/bin:/usr/sbin:/usr/bin:/sbin:/bin:/usr/games:/usr/local/games:/snap/bin:/snap/bin'), ('SESSION_MANAGER', 'local/safal:@/tmp/.ICE-unix/1615,unix/safal:/tmp/.ICE-unix/1615'), ('XDG_MENU_PREFIX', 'gnome-'), ('LC_ADDRESS', 'bho_NP'), ('GNOME_TERMINAL_SCREEN', '/org/gnome/Terminal/screen/915e8a2d_ac6e_4f6f_acca_6760289847ac'), ('GNOME_SETUP_DISPLAY', ':1'), ('COLCON_CMAKE_ARGS', '-DCMAKE_POLICY_VERSION_MINIMUM=3.5'), ('XDG_RUNTIME_DIR', '/run/user/1000'), ('DISPLAY', ':0'), ('LANG', 'en_US.UTF-8'), ('XDG_CURRENT_DESKTOP', 'ubuntu:GNOME'), ('LC_TELEPHONE', 'bho_NP'), ('RMW_IMPLEMENTATION', 'rmw_cyclonedds_cpp'), ('XMODIFIERS', '@im=ibus'), ('XDG_SESSION_DESKTOP', 'ubuntu'), ('XAUTHORITY', '/run/user/1000/.mutter-Xwaylandauth.TNARR3'), ('LS_COLORS', 'rs=0:di=01;34:ln=01;36:mh=00:pi=40;33:so=01;35:do=01;35:bd=40;33;01:cd=40;33;01:or=40;31;01:mi=00:su=37;41:sg=30;43:ca=30;41:tw=30;42:ow=34;42:st=37;44:ex=01;32:*.tar=01;31:*.tgz=01;31:*.arc=01;31:*.arj=01;31:*.taz=01;31:*.lha=01;31:*.lz4=01;31:*.lzh=01;31:*.lzma=01;31:*.tlz=01;31:*.txz=01;31:*.tzo=01;31:*.t7z=01;31:*.zip=01;31:*.z=01;31:*.dz=01;31:*.gz=01;31:*.lrz=01;31:*.lz=01;31:*.lzo=01;31:*.xz=01;31:*.zst=01;31:*.tzst=01;31:*.bz2=01;31:*.bz=01;31:*.tbz=01;31:*.tbz2=01;31:*.tz=01;31:*.deb=01;31:*.rpm=01;31:*.jar=01;31:*.war=01;31:*.ear=01;31:*.sar=01;31:*.rar=01;31:*.alz=01;31:*.ace=01;31:*.zoo=01;31:*.cpio=01;31:*.7z=01;31:*.rz=01;31:*.cab=01;31:*.wim=01;31:*.swm=01;31:*.dwm=01;31:*.esd=01;31:*.jpg=01;35:*.jpeg=01;35:*.mjpg=01;35:*.mjpeg=01;35:*.gif=01;35:*.bmp=01;35:*.pbm=01;35:*.pgm=01;35:*.ppm=01;35:*.tga=01;35:*.xbm=01;35:*.xpm=01;35:*.tif=01;35:*.tiff=01;35:*.png=01;35:*.svg=01;35:*.svgz=01;35:*.mng=01;35:*.pcx=01;35:*.mov=01;35:*.mpg=01;35:*.mpeg=01;35:*.m2v=01;35:*.mkv=01;35:*.webm=01;35:*.webp=01;35:*.ogm=01;35:*.mp4=01;35:*.m4v=01;35:*.mp4v=01;35:*.vob=01;35:*.qt=01;35:*.nuv=01;35:*.wmv=01;35:*.asf=01;35:*.rm=01;35:*.rmvb=01;35:*.flc=01;35:*.avi=01;35:*.fli=01;35:*.flv=01;35:*.gl=01;35:*.dl=01;35:*.xcf=01;35:*.xwd=01;35:*.yuv=01;35:*.cgm=01;35:*.emf=01;35:*.ogv=01;35:*.ogx=01;35:*.aac=00;36:*.au=00;36:*.flac=00;36:*.m4a=00;36:*.mid=00;36:*.midi=00;36:*.mka=00;36:*.mp3=00;36:*.mpc=00;36:*.ogg=00;36:*.ra=00;36:*.wav=00;36:*.oga=00;36:*.opus=00;36:*.spx=00;36:*.xspf=00;36:'), ('GNOME_TERMINAL_SERVICE', ':1.385'), ('SSH_AGENT_LAUNCHER', 'gnome-keyring'), ('SSH_AUTH_SOCK', '/run/user/1000/keyring/ssh'), ('AMENT_PREFIX_PATH', '/home/safal/Desktop/unitreego2nav/install/multirobot_map_merge:/home/safal/Desktop/unitreego2nav/install/go2_nav:/home/safal/Desktop/unitreego2nav/install/explore_lite:/home/safal/Desktop/unitreego2nav/install/explore_lite_msgs:/opt/ros/humble'), ('CONDA_PYTHON_EXE', '/home/safal/miniconda3/bin/python'), ('SHELL', '/bin/bash'), ('LC_NAME', 'bho_NP'), ('QT_ACCESSIBILITY', '1'), ('GDMSESSION', 'ubuntu'), ('LESSCLOSE', '/usr/bin/lesspipe %s %s'), ('LC_MEASUREMENT', 'bho_NP'), ('_CONDA_EXE', '/home/safal/miniconda3/bin/conda'), ('LC_IDENTIFICATION', 'bho_NP'), ('QT_IM_MODULE', 'ibus'), ('PWD', '/home/safal/Desktop/unitreego2nav/build/explore_lite_msgs'), ('LC_ALL', 'en_US.UTF-8'), ('XDG_CONFIG_DIRS', '/etc/xdg/xdg-ubuntu:/etc/xdg'), ('CONDA_EXE', '/home/safal/miniconda3/bin/conda'), ('XDG_DATA_DIRS', '/usr/share/ubuntu:/usr/local/share/:/usr/share/:/var/lib/snapd/desktop'), ('PYTHONPATH', '/home/safal/Desktop/unitreego2nav/install/go2_nav/lib/python3.10/site-packages:/home/safal/Desktop/unitreego2nav/install/explore_lite_msgs/local/lib/python3.10/dist-packages:/opt/ros/humble/lib/python3.10/site-packages:/opt/ros/humble/local/lib/python3.10/dist-packages'), ('LC_NUMERIC', 'bho_NP'), ('LC_PAPER', 'bho_NP'), ('COLCON', '1'), ('VTE_VERSION', '6800'), ('CMAKE_PREFIX_PATH', '/home/safal/Desktop/unitreego2nav/install/multirobot_map_merge:/home/safal/Desktop/unitreego2nav/install/explore_lite:/home/safal/Desktop/unitreego2nav/install/explore_lite_msgs:/home/safal/Desktop/unitreego2nav/install/go2_nav:/opt/ros/humble')]), 'shell': False}
[0.099739] (-) TimerEvent: {}
[0.200140] (-) TimerEvent: {}
[0.300546] (-) TimerEvent: {}
[0.400911] (-) TimerEvent: {}
[0.450959] (explore_lite_msgs) StdoutLine: {'line': b'-- The C compiler identification is GNU 11.4.0\n'}
[0.451937] (explore_lite_msgs) StdoutLine: {'line': b'-- The CXX compiler identification is GNU 11.4.0\n'}
[0.452529] (explore_lite_msgs) StdoutLine: {'line': b'-- Detecting C compiler ABI info\n'}
[0.452833] (explore_lite_msgs) StdoutLine: {'line': b'-- Detecting C compiler ABI info - done\n'}
[0.452931] (explore_lite_msgs) StdoutLine: {'line': b'-- Check for working C compiler: /usr/bin/cc - skipped\n'}
[0.453023] (explore_lite_msgs) StdoutLine: {'line': b'-- Detecting C compile features\n'}
[0.453118] (explore_lite_msgs) StdoutLine: {'line': b'-- Detecting C compile features - done\n'}
[0.453211] (explore_lite_msgs) StdoutLine: {'line': b'-- Detecting CXX compiler ABI info\n'}
[0.453307] (explore_lite_msgs) StdoutLine: {'line': b'-- Detecting CXX compiler ABI info - done\n'}
[0.453660] (explore_lite_msgs) StdoutLine: {'line': b'-- Check for working CXX compiler: /usr/bin/c++ - skipped\n'}
[0.453761] (explore_lite_msgs) StdoutLine: {'line': b'-- Detecting CXX compile features\n'}
[0.453849] (explore_lite_msgs) StdoutLine: {'line': b'-- Detecting CXX compile features - done\n'}
[0.453934] (explore_lite_msgs) StdoutLine: {'line': b'-- Found ament_cmake: 1.3.14 (/opt/ros/humble/share/ament_cmake/cmake)\n'}
[0.454019] (explore_lite_msgs) StderrLine: {'line': b'\x1b[0mCMake Deprecation Warning at CMakeLists.txt:1 (cmake_minimum_required):\n'}
[0.454155] (explore_lite_msgs) StderrLine: {'line': b'  Compatibility with CMake < 3.10 will be removed from a future version of\n'}
[0.454261] (explore_lite_msgs) StderrLine: {'line': b'  CMake.\n'}
[0.454466] (explore_lite_msgs) StderrLine: {'line': b'\n'}
[0.454565] (explore_lite_msgs) StderrLine: {'line': b'  Update the VERSION argument <min> value.  Or, use the <min>...<max> syntax\n'}
[0.454635] (explore_lite_msgs) StderrLine: {'line': b'  to tell CMake that the project requires at least <min> but has been updated\n'}
[0.454701] (explore_lite_msgs) StderrLine: {'line': b'  to work with policies introduced by <max> or earlier.\n'}
[0.454766] (explore_lite_msgs) StderrLine: {'line': b'\n'}
[0.454829] (explore_lite_msgs) StderrLine: {'line': b'\x1b[0m\n'}
[0.454895] (multirobot_map_merge) JobProgress: {'identifier': 'multirobot_map_merge', 'progress': 'cmake'}
[0.454970] (multirobot_map_merge) Command: {'cmd': ['/usr/bin/cmake', '/home/safal/Desktop/unitreego2nav/src/m-explore-ros2/map_merge', '-DCMAKE_INSTALL_PREFIX=/home/safal/Desktop/unitreego2nav/install/multirobot_map_merge'], 'cwd': '/home/safal/Desktop/unitreego2nav/build/multirobot_map_merge', 'env': OrderedDict([('LESSOPEN', '| /usr/bin/lesspipe %s'), ('USER', 'safal'), ('LC_TIME', 'bho_NP'), ('XDG_SESSION_TYPE', 'wayland'), ('SHLVL', '1'), ('LD_LIBRARY_PATH', '/home/safal/Desktop/unitreego2nav/install/multirobot_map_merge/lib:/home/safal/Desktop/unitreego2nav/install/explore_lite_msgs/lib:/usr/lib/x86_64-linux-gnu/gazebo-11/plugins:/opt/ros/humble/opt/rviz_ogre_vendor/lib:/opt/ros/humble/lib/x86_64-linux-gnu:/opt/ros/humble/lib'), ('HOME', '/home/safal'), ('CONDA_SHLVL', '0'), ('CYCLONEDDS_URI', '<CycloneDDS><Domain><General><Interfaces><NetworkInterface name="enp4s0" priority="default" multicast="default"/></Interfaces></General></Domain></CycloneDDS>'), ('DESKTOP_SESSION', 'ubuntu'), ('ROS_PYTHON_VERSION', '3'), ('GNOME_SHELL_SESSION_MODE', 'ubuntu'), ('GTK_MODULES', 'gail:atk-bridge'), ('LC_MONETARY', 'bho_NP'), ('SYSTEMD_EXEC_PID', '123838'), ('DBUS_SESSION_BUS_ADDRESS', 'unix:path=/run/user/1000/bus'), ('COLORTERM', 'truecolor'), ('_CE_M', ''), ('_CONDA_ROOT', '/home/safal/miniconda3'), ('IM_CONFIG_PHASE', '1'), ('WAYLAND_DISPLAY', 'wayland-0'), ('COLCON_PREFIX_PATH', '/home/safal/Desktop/unitreego2nav/install'), ('ROS_DISTRO', 'humble'), ('LOGNAME', 'safal'), ('_', '/usr/bin/colcon'), ('ROS_VERSION', '2'), ('XDG_SESSION_CLASS', 'user'), ('USERNAME', 'safal'), ('TERM', 'xterm-256color'), ('GNOME_DESKTOP_SESSION_ID', 'this-is-deprecated'), ('_CE_CONDA', ''), ('ROS_LOCALHOST_ONLY', '0'), ('PATH', '/opt/ros/humble/bin:/home/safal/miniconda3/condabin:/home/safal/.local/bin:/usr/local/sbin:/usr/local/bin:/usr/sbin:/usr/bin:/sbin:/bin:/usr/games:/usr/local/games:/snap/bin:/snap/bin'), ('SESSION_MANAGER', 'local/safal:@/tmp/.ICE-unix/1615,unix/safal:/tmp/.ICE-unix/1615'), ('XDG_MENU_PREFIX', 'gnome-'), ('LC_ADDRESS', 'bho_NP'), ('GNOME_TERMINAL_SCREEN', '/org/gnome/Terminal/screen/915e8a2d_ac6e_4f6f_acca_6760289847ac'), ('GNOME_SETUP_DISPLAY', ':1'), ('COLCON_CMAKE_ARGS', '-DCMAKE_POLICY_VERSION_MINIMUM=3.5'), ('XDG_RUNTIME_DIR', '/run/user/1000'), ('DISPLAY', ':0'), ('LANG', 'en_US.UTF-8'), ('XDG_CURRENT_DESKTOP', 'ubuntu:GNOME'), ('LC_TELEPHONE', 'bho_NP'), ('RMW_IMPLEMENTATION', 'rmw_cyclonedds_cpp'), ('XMODIFIERS', '@im=ibus'), ('XDG_SESSION_DESKTOP', 'ubuntu'), ('XAUTHORITY', '/run/user/1000/.mutter-Xwaylandauth.TNARR3'), ('LS_COLORS', 'rs=0:di=01;34:ln=01;36:mh=00:pi=40;33:so=01;35:do=01;35:bd=40;33;01:cd=40;33;01:or=40;31;01:mi=00:su=37;41:sg=30;43:ca=30;41:tw=30;42:ow=34;42:st=37;44:ex=01;32:*.tar=01;31:*.tgz=01;31:*.arc=01;31:*.arj=01;31:*.taz=01;31:*.lha=01;31:*.lz4=01;31:*.lzh=01;31:*.lzma=01;31:*.tlz=01;31:*.txz=01;31:*.tzo=01;31:*.t7z=01;31:*.zip=01;31:*.z=01;31:*.dz=01;31:*.gz=01;31:*.lrz=01;31:*.lz=01;31:*.lzo=01;31:*.xz=01;31:*.zst=01;31:*.tzst=01;31:*.bz2=01;31:*.bz=01;31:*.tbz=01;31:*.tbz2=01;31:*.tz=01;31:*.deb=01;31:*.rpm=01;31:*.jar=01;31:*.war=01;31:*.ear=01;31:*.sar=01;31:*.rar=01;31:*.alz=01;31:*.ace=01;31:*.zoo=01;31:*.cpio=01;31:*.7z=01;31:*.rz=01;31:*.cab=01;31:*.wim=01;31:*.swm=01;31:*.dwm=01;31:*.esd=01;31:*.jpg=01;35:*.jpeg=01;35:*.mjpg=01;35:*.mjpeg=01;35:*.gif=01;35:*.bmp=01;35:*.pbm=01;35:*.pgm=01;35:*.ppm=01;35:*.tga=01;35:*.xbm=01;35:*.xpm=01;35:*.tif=01;35:*.tiff=01;35:*.png=01;35:*.svg=01;35:*.svgz=01;35:*.mng=01;35:*.pcx=01;35:*.mov=01;35:*.mpg=01;35:*.mpeg=01;35:*.m2v=01;35:*.mkv=01;35:*.webm=01;35:*.webp=01;35:*.ogm=01;35:*.mp4=01;35:*.m4v=01;35:*.mp4v=01;35:*.vob=01;35:*.qt=01;35:*.nuv=01;35:*.wmv=01;35:*.asf=01;35:*.rm=01;35:*.rmvb=01;35:*.flc=01;35:*.avi=01;35:*.fli=01;35:*.flv=01;35:*.gl=01;35:*.dl=01;35:*.xcf=01;35:*.xwd=01;35:*.yuv=01;35:*.cgm=01;35:*.emf=01;35:*.ogv=01;35:*.ogx=01;35:*.aac=00;36:*.au=00;36:*.flac=00;36:*.m4a=00;36:*.mid=00;36:*.midi=00;36:*.mka=00;36:*.mp3=00;36:*.mpc=00;36:*.ogg=00;36:*.ra=00;36:*.wav=00;36:*.oga=00;36:*.opus=00;36:*.spx=00;36:*.xspf=00;36:'), ('GNOME_TERMINAL_SERVICE', ':1.385'), ('SSH_AGENT_LAUNCHER', 'gnome-keyring'), ('SSH_AUTH_SOCK', '/run/user/1000/keyring/ssh'), ('AMENT_PREFIX_PATH', '/home/safal/Desktop/unitreego2nav/install/multirobot_map_merge:/home/safal/Desktop/unitreego2nav/install/go2_nav:/home/safal/Desktop/unitreego2nav/install/explore_lite:/home/safal/Desktop/unitreego2nav/install/explore_lite_msgs:/opt/ros/humble'), ('CONDA_PYTHON_EXE', '/home/safal/miniconda3/bin/python'), ('SHELL', '/bin/bash'), ('LC_NAME', 'bho_NP'), ('QT_ACCESSIBILITY', '1'), ('GDMSESSION', 'ubuntu'), ('LESSCLOSE', '/usr/bin/lesspipe %s %s'), ('LC_MEASUREMENT', 'bho_NP'), ('_CONDA_EXE', '/home/safal/miniconda3/bin/conda'), ('LC_IDENTIFICATION', 'bho_NP'), ('QT_IM_MODULE', 'ibus'), ('PWD', '/home/safal/Desktop/unitreego2nav/build/multirobot_map_merge'), ('LC_ALL', 'en_US.UTF-8'), ('XDG_CONFIG_DIRS', '/etc/xdg/xdg-ubuntu:/etc/xdg'), ('CONDA_EXE', '/home/safal/miniconda3/bin/conda'), ('XDG_DATA_DIRS', '/usr/share/ubuntu:/usr/local/share/:/usr/share/:/var/lib/snapd/desktop'), ('PYTHONPATH', '/home/safal/Desktop/unitreego2nav/install/go2_nav/lib/python3.10/site-packages:/home/safal/Desktop/unitreego2nav/install/explore_lite_msgs/local/lib/python3.10/dist-packages:/opt/ros/humble/lib/python3.10/site-packages:/opt/ros/humble/local/lib/python3.10/dist-packages'), ('LC_NUMERIC', 'bho_NP'), ('LC_PAPER', 'bho_NP'), ('COLCON', '1'), ('VTE_VERSION', '6800'), ('CMAKE_PREFIX_PATH', '/home/safal/Desktop/unitreego2nav/install/multirobot_map_merge:/home/safal/Desktop/unitreego2nav/install/explore_lite:/home/safal/Desktop/unitreego2nav/install/explore_lite_msgs:/home/safal/Desktop/unitreego2nav/install/go2_nav:/opt/ros/humble')]), 'shell': False}
[0.461473] (multirobot_map_merge) StderrLine: {'line': b'\x1b[0mCMake Deprecation Warning at CMakeLists.txt:1 (cmake_minimum_required):\n'}
[0.461784] (multirobot_map_merge) StderrLine: {'line': b'  Compatibility with CMake < 3.10 will be removed from a future version of\n'}
[0.461978] (multirobot_map_merge) StderrLine: {'line': b'  CMake.\n'}
[0.462129] (multirobot_map_merge) StderrLine: {'line': b'\n'}
[0.462274] (multirobot_map_merge) StderrLine: {'line': b'  Update the VERSION argument <min> value.  Or, use the <min>...<max> syntax\n'}
[0.462448] (multirobot_map_merge) StderrLine: {'line': b'  to tell CMake that the project requires at least <min> but has been updated\n'}
[0.462615] (multirobot_map_merge) StderrLine: {'line': b'  to work with policies introduced by <max> or earlier.\n'}
[0.462780] (multirobot_map_merge) StderrLine: {'line': b'\n'}
[0.462929] (multirobot_map_merge) StderrLine: {'line': b'\x1b[0m\n'}
[0.501020] (-) TimerEvent: {}
[0.512846] (multirobot_map_merge) StdoutLine: {'line': b'-- The C compiler identification is GNU 11.4.0\n'}
[0.593378] (multirobot_map_merge) StdoutLine: {'line': b'-- The CXX compiler identification is GNU 11.4.0\n'}
[0.601119] (-) TimerEvent: {}
[0.602562] (multirobot_map_merge) StdoutLine: {'line': b'-- Detecting C compiler ABI info\n'}
[0.650909] (explore_lite_msgs) StdoutLine: {'line': b'-- Found Python3: /usr/bin/python3 (found version "3.10.12") found components: Interpreter\n'}
[0.667998] (multirobot_map_merge) StdoutLine: {'line': b'-- Detecting C compiler ABI info - done\n'}
[0.687081] (multirobot_map_merge) StdoutLine: {'line': b'-- Check for working C compiler: /usr/bin/cc - skipped\n'}
[0.687526] (multirobot_map_merge) StdoutLine: {'line': b'-- Detecting C compile features\n'}
[0.688090] (multirobot_map_merge) StdoutLine: {'line': b'-- Detecting C compile features - done\n'}
[0.701216] (-) TimerEvent: {}
[0.701609] (multirobot_map_merge) StdoutLine: {'line': b'-- Detecting CXX compiler ABI info\n'}
[0.781635] (multirobot_map_merge) StdoutLine: {'line': b'-- Detecting CXX compiler ABI info - done\n'}
[0.797679] (explore_lite_msgs) StdoutLine: {'line': b'-- Found rosidl_default_generators: 1.2.1 (/opt/ros/humble/share/rosidl_default_generators/cmake)\n'}
[0.801313] (-) TimerEvent: {}
[0.801685] (multirobot_map_merge) StdoutLine: {'line': b'-- Check for working CXX compiler: /usr/bin/c++ - skipped\n'}
[0.801978] (multirobot_map_merge) StdoutLine: {'line': b'-- Detecting CXX compile features\n'}
[0.803016] (multirobot_map_merge) StdoutLine: {'line': b'-- Detecting CXX compile features - done\n'}
[0.804915] (explore_lite_msgs) StdoutLine: {'line': b'-- Using all available rosidl_typesupport_c: rosidl_typesupport_fastrtps_c;rosidl_typesupport_introspection_c\n'}
[0.812449] (multirobot_map_merge) StdoutLine: {'line': b'-- Found ament_cmake: 1.3.14 (/opt/ros/humble/share/ament_cmake/cmake)\n'}
[0.818500] (explore_lite_msgs) StdoutLine: {'line': b'-- Found rosidl_adapter: 3.1.8 (/opt/ros/humble/share/rosidl_adapter/cmake)\n'}
[0.901412] (-) TimerEvent: {}
[0.910600] (explore_lite_msgs) StdoutLine: {'line': b'-- Using all available rosidl_typesupport_cpp: rosidl_typesupport_fastrtps_cpp;rosidl_typesupport_introspection_cpp\n'}
[0.985034] (go2_nav) Command: {'cmd': ['/usr/bin/python3', '-W', 'ignore:setup.py install is deprecated', '-W', 'ignore:easy_install command is deprecated', 'setup.py', 'egg_info', '--egg-base', '../../build/go2_nav', 'build', '--build-base', '/home/safal/Desktop/unitreego2nav/build/go2_nav/build', 'install', '--record', '/home/safal/Desktop/unitreego2nav/build/go2_nav/install.log', '--single-version-externally-managed', 'install_data'], 'cwd': '/home/safal/Desktop/unitreego2nav/src/go2_nav', 'env': {'LESSOPEN': '| /usr/bin/lesspipe %s', 'USER': 'safal', 'LC_TIME': 'bho_NP', 'XDG_SESSION_TYPE': 'wayland', 'SHLVL': '1', 'LD_LIBRARY_PATH': '/home/safal/Desktop/unitreego2nav/install/multirobot_map_merge/lib:/home/safal/Desktop/unitreego2nav/install/explore_lite_msgs/lib:/usr/lib/x86_64-linux-gnu/gazebo-11/plugins:/opt/ros/humble/opt/rviz_ogre_vendor/lib:/opt/ros/humble/lib/x86_64-linux-gnu:/opt/ros/humble/lib', 'HOME': '/home/safal', 'CONDA_SHLVL': '0', 'CYCLONEDDS_URI': '<CycloneDDS><Domain><General><Interfaces><NetworkInterface name="enp4s0" priority="default" multicast="default"/></Interfaces></General></Domain></CycloneDDS>', 'DESKTOP_SESSION': 'ubuntu', 'ROS_PYTHON_VERSION': '3', 'GNOME_SHELL_SESSION_MODE': 'ubuntu', 'GTK_MODULES': 'gail:atk-bridge', 'LC_MONETARY': 'bho_NP', 'SYSTEMD_EXEC_PID': '123838', 'DBUS_SESSION_BUS_ADDRESS': 'unix:path=/run/user/1000/bus', 'COLORTERM': 'truecolor', '_CE_M': '', '_CONDA_ROOT': '/home/safal/miniconda3', 'IM_CONFIG_PHASE': '1', 'WAYLAND_DISPLAY': 'wayland-0', 'COLCON_PREFIX_PATH': '/home/safal/Desktop/unitreego2nav/install', 'ROS_DISTRO': 'humble', 'LOGNAME': 'safal', '_': '/usr/bin/colcon', 'ROS_VERSION': '2', 'XDG_SESSION_CLASS': 'user', 'USERNAME': 'safal', 'TERM': 'xterm-256color', 'GNOME_DESKTOP_SESSION_ID': 'this-is-deprecated', '_CE_CONDA': '', 'ROS_LOCALHOST_ONLY': '0', 'PATH': '/opt/ros/humble/bin:/home/safal/miniconda3/condabin:/home/safal/.local/bin:/usr/local/sbin:/usr/local/bin:/usr/sbin:/usr/bin:/sbin:/bin:/usr/games:/usr/local/games:/snap/bin:/snap/bin', 'SESSION_MANAGER': 'local/safal:@/tmp/.ICE-unix/1615,unix/safal:/tmp/.ICE-unix/1615', 'XDG_MENU_PREFIX': 'gnome-', 'LC_ADDRESS': 'bho_NP', 'GNOME_TERMINAL_SCREEN': '/org/gnome/Terminal/screen/915e8a2d_ac6e_4f6f_acca_6760289847ac', 'GNOME_SETUP_DISPLAY': ':1', 'COLCON_CMAKE_ARGS': '-DCMAKE_POLICY_VERSION_MINIMUM=3.5', 'XDG_RUNTIME_DIR': '/run/user/1000', 'DISPLAY': ':0', 'LANG': 'en_US.UTF-8', 'XDG_CURRENT_DESKTOP': 'ubuntu:GNOME', 'LC_TELEPHONE': 'bho_NP', 'RMW_IMPLEMENTATION': 'rmw_cyclonedds_cpp', 'XMODIFIERS': '@im=ibus', 'XDG_SESSION_DESKTOP': 'ubuntu', 'XAUTHORITY': '/run/user/1000/.mutter-Xwaylandauth.TNARR3', 'LS_COLORS': 'rs=0:di=01;34:ln=01;36:mh=00:pi=40;33:so=01;35:do=01;35:bd=40;33;01:cd=40;33;01:or=40;31;01:mi=00:su=37;41:sg=30;43:ca=30;41:tw=30;42:ow=34;42:st=37;44:ex=01;32:*.tar=01;31:*.tgz=01;31:*.arc=01;31:*.arj=01;31:*.taz=01;31:*.lha=01;31:*.lz4=01;31:*.lzh=01;31:*.lzma=01;31:*.tlz=01;31:*.txz=01;31:*.tzo=01;31:*.t7z=01;31:*.zip=01;31:*.z=01;31:*.dz=01;31:*.gz=01;31:*.lrz=01;31:*.lz=01;31:*.lzo=01;31:*.xz=01;31:*.zst=01;31:*.tzst=01;31:*.bz2=01;31:*.bz=01;31:*.tbz=01;31:*.tbz2=01;31:*.tz=01;31:*.deb=01;31:*.rpm=01;31:*.jar=01;31:*.war=01;31:*.ear=01;31:*.sar=01;31:*.rar=01;31:*.alz=01;31:*.ace=01;31:*.zoo=01;31:*.cpio=01;31:*.7z=01;31:*.rz=01;31:*.cab=01;31:*.wim=01;31:*.swm=01;31:*.dwm=01;31:*.esd=01;31:*.jpg=01;35:*.jpeg=01;35:*.mjpg=01;35:*.mjpeg=01;35:*.gif=01;35:*.bmp=01;35:*.pbm=01;35:*.pgm=01;35:*.ppm=01;35:*.tga=01;35:*.xbm=01;35:*.xpm=01;35:*.tif=01;35:*.tiff=01;35:*.png=01;35:*.svg=01;35:*.svgz=01;35:*.mng=01;35:*.pcx=01;35:*.mov=01;35:*.mpg=01;35:*.mpeg=01;35:*.m2v=01;35:*.mkv=01;35:*.webm=01;35:*.webp=01;35:*.ogm=01;35:*.mp4=01;35:*.m4v=01;35:*.mp4v=01;35:*.vob=01;35:*.qt=01;35:*.nuv=01;35:*.wmv=01;35:*.asf=01;35:*.rm=01;35:*.rmvb=01;35:*.flc=01;35:*.avi=01;35:*.fli=01;35:*.flv=01;35:*.gl=01;35:*.dl=01;35:*.xcf=01;35:*.xwd=01;35:*.yuv=01;35:*.cgm=01;35:*.emf=01;35:*.ogv=01;35:*.ogx=01;35:*.aac=00;36:*.au=00;36:*.flac=00;36:*.m4a=00;36:*.mid=00;36:*.midi=00;36:*.mka=00;36:*.mp3=00;36:*.mpc=00;36:*.ogg=00;36:*.ra=00;36:*.wav=00;36:*.oga=00;36:*.opus=00;36:*.spx=00;36:*.xspf=00;36:', 'GNOME_TERMINAL_SERVICE': ':1.385', 'SSH_AGENT_LAUNCHER': 'gnome-keyring', 'SSH_AUTH_SOCK': '/run/user/1000/keyring/ssh', 'AMENT_PREFIX_PATH': '/home/safal/Desktop/unitreego2nav/install/multirobot_map_merge:/home/safal/Desktop/unitreego2nav/install/go2_nav:/home/safal/Desktop/unitreego2nav/install/explore_lite:/home/safal/Desktop/unitreego2nav/install/explore_lite_msgs:/opt/ros/humble', 'CONDA_PYTHON_EXE': '/home/safal/miniconda3/bin/python', 'SHELL': '/bin/bash', 'LC_NAME': 'bho_NP', 'QT_ACCESSIBILITY': '1', 'GDMSESSION': 'ubuntu', 'LESSCLOSE': '/usr/bin/lesspipe %s %s', 'LC_MEASUREMENT': 'bho_NP', '_CONDA_EXE': '/home/safal/miniconda3/bin/conda', 'LC_IDENTIFICATION': 'bho_NP', 'QT_IM_MODULE': 'ibus', 'PWD': '/home/safal/Desktop/unitreego2nav/build/go2_nav', 'LC_ALL': 'en_US.UTF-8', 'XDG_CONFIG_DIRS': '/etc/xdg/xdg-ubuntu:/etc/xdg', 'CONDA_EXE': '/home/safal/miniconda3/bin/conda', 'XDG_DATA_DIRS': '/usr/share/ubuntu:/usr/local/share/:/usr/share/:/var/lib/snapd/desktop', 'PYTHONPATH': '/home/safal/Desktop/unitreego2nav/build/go2_nav/prefix_override:/usr/lib/python3/dist-packages/colcon_core/task/python/colcon_distutils_commands:/home/safal/Desktop/unitreego2nav/install/go2_nav/lib/python3.10/site-packages:/home/safal/Desktop/unitreego2nav/install/go2_nav/lib/python3.10/site-packages:/home/safal/Desktop/unitreego2nav/install/explore_lite_msgs/local/lib/python3.10/dist-packages:/opt/ros/humble/lib/python3.10/site-packages:/opt/ros/humble/local/lib/python3.10/dist-packages', 'LC_NUMERIC': 'bho_NP', 'LC_PAPER': 'bho_NP', 'COLCON': '1', 'VTE_VERSION': '6800', 'CMAKE_PREFIX_PATH': '/home/safal/Desktop/unitreego2nav/install/multirobot_map_merge:/home/safal/Desktop/unitreego2nav/install/explore_lite:/home/safal/Desktop/unitreego2nav/install/explore_lite_msgs'}, 'shell': False}
[1.001525] (-) TimerEvent: {}
[1.046892] (multirobot_map_merge) StdoutLine: {'line': b'-- Found Python3: /usr/bin/python3 (found version "3.10.12") found components: Interpreter\n'}
[1.101637] (-) TimerEvent: {}
[1.202427] (-) TimerEvent: {}
[1.213054] (multirobot_map_merge) StdoutLine: {'line': b'-- Found rclcpp: 16.0.19 (/opt/ros/humble/share/rclcpp/cmake)\n'}
[1.302562] (-) TimerEvent: {}
[1.322656] (multirobot_map_merge) StdoutLine: {'line': b'-- Found rosidl_generator_c: 3.1.8 (/opt/ros/humble/share/rosidl_generator_c/cmake)\n'}
[1.331758] (multirobot_map_merge) StdoutLine: {'line': b'-- Found rosidl_adapter: 3.1.8 (/opt/ros/humble/share/rosidl_adapter/cmake)\n'}
[1.346565] (multirobot_map_merge) StdoutLine: {'line': b'-- Found rosidl_generator_cpp: 3.1.8 (/opt/ros/humble/share/rosidl_generator_cpp/cmake)\n'}
[1.365801] (multirobot_map_merge) StdoutLine: {'line': b'-- Using all available rosidl_typesupport_c: rosidl_typesupport_fastrtps_c;rosidl_typesupport_introspection_c\n'}
[1.384593] (go2_nav) StdoutLine: {'line': b'running egg_info\n'}
[1.385623] (go2_nav) StdoutLine: {'line': b'writing ../../build/go2_nav/go2_nav.egg-info/PKG-INFO\n'}
[1.385899] (go2_nav) StdoutLine: {'line': b'writing dependency_links to ../../build/go2_nav/go2_nav.egg-info/dependency_links.txt\n'}
[1.386151] (go2_nav) StdoutLine: {'line': b'writing entry points to ../../build/go2_nav/go2_nav.egg-info/entry_points.txt\n'}
[1.386403] (go2_nav) StdoutLine: {'line': b'writing requirements to ../../build/go2_nav/go2_nav.egg-info/requires.txt\n'}
[1.386589] (go2_nav) StdoutLine: {'line': b'writing top-level names to ../../build/go2_nav/go2_nav.egg-info/top_level.txt\n'}
[1.389064] (go2_nav) StdoutLine: {'line': b"reading manifest file '../../build/go2_nav/go2_nav.egg-info/SOURCES.txt'\n"}
[1.390422] (go2_nav) StdoutLine: {'line': b"writing manifest file '../../build/go2_nav/go2_nav.egg-info/SOURCES.txt'\n"}
[1.390700] (go2_nav) StdoutLine: {'line': b'running build\n'}
[1.390857] (go2_nav) StdoutLine: {'line': b'running build_py\n'}
[1.391343] (go2_nav) StdoutLine: {'line': b'running install\n'}
[1.391961] (go2_nav) StdoutLine: {'line': b'running install_lib\n'}
[1.392766] (multirobot_map_merge) StdoutLine: {'line': b'-- Using all available rosidl_typesupport_cpp: rosidl_typesupport_fastrtps_cpp;rosidl_typesupport_introspection_cpp\n'}
[1.394013] (go2_nav) StdoutLine: {'line': b'running install_data\n'}
[1.394468] (go2_nav) StdoutLine: {'line': b'running install_egg_info\n'}
[1.396712] (go2_nav) StdoutLine: {'line': b"removing '/home/safal/Desktop/unitreego2nav/install/go2_nav/lib/python3.10/site-packages/go2_nav-0.0.0-py3.10.egg-info' (and everything under it)\n"}
[1.397125] (go2_nav) StdoutLine: {'line': b'Copying ../../build/go2_nav/go2_nav.egg-info to /home/safal/Desktop/unitreego2nav/install/go2_nav/lib/python3.10/site-packages/go2_nav-0.0.0-py3.10.egg-info\n'}
[1.398210] (go2_nav) StdoutLine: {'line': b'running install_scripts\n'}
[1.402652] (-) TimerEvent: {}
[1.428074] (go2_nav) StdoutLine: {'line': b'Installing cloud_relay script to /home/safal/Desktop/unitreego2nav/install/go2_nav/lib/go2_nav\n'}
[1.428411] (go2_nav) StdoutLine: {'line': b'Installing go2_sport_bridge script to /home/safal/Desktop/unitreego2nav/install/go2_nav/lib/go2_nav\n'}
[1.428629] (go2_nav) StdoutLine: {'line': b'Installing odom_broadcast script to /home/safal/Desktop/unitreego2nav/install/go2_nav/lib/go2_nav\n'}
[1.428906] (go2_nav) StdoutLine: {'line': b"writing list of installed files to '/home/safal/Desktop/unitreego2nav/build/go2_nav/install.log'\n"}
[1.466534] (go2_nav) CommandEnded: {'returncode': 0}
[1.479558] (go2_nav) JobEnded: {'identifier': 'go2_nav', 'rc': 0}
[1.482800] (multirobot_map_merge) StdoutLine: {'line': b'-- Found rmw_implementation_cmake: 6.1.2 (/opt/ros/humble/share/rmw_implementation_cmake/cmake)\n'}
[1.488308] (multirobot_map_merge) StdoutLine: {'line': b'-- Found rmw_cyclonedds_cpp: 1.3.4 (/opt/ros/humble/share/rmw_cyclonedds_cpp/cmake)\n'}
[1.502753] (-) TimerEvent: {}
[1.536761] (multirobot_map_merge) StdoutLine: {'line': b"-- Using RMW implementation 'rmw_cyclonedds_cpp' as default\n"}
[1.553904] (multirobot_map_merge) StdoutLine: {'line': b'-- Performing Test CMAKE_HAVE_LIBC_PTHREAD\n'}
[1.602856] (-) TimerEvent: {}
[1.625922] (multirobot_map_merge) StdoutLine: {'line': b'-- Performing Test CMAKE_HAVE_LIBC_PTHREAD - Success\n'}
[1.627096] (multirobot_map_merge) StdoutLine: {'line': b'-- Found Threads: TRUE\n'}
[1.642941] (explore_lite_msgs) StdoutLine: {'line': b'-- Found ament_cmake_ros: 0.10.0 (/opt/ros/humble/share/ament_cmake_ros/cmake)\n'}
[1.702948] (-) TimerEvent: {}
[1.746483] (multirobot_map_merge) StdoutLine: {'line': b'-- Found geometry_msgs: 4.9.1 (/opt/ros/humble/share/geometry_msgs/cmake)\n'}
[1.774219] (multirobot_map_merge) StdoutLine: {'line': b'-- Found image_geometry: 3.2.1 (/opt/ros/humble/share/image_geometry/cmake)\n'}
[1.803040] (-) TimerEvent: {}
[1.828015] (multirobot_map_merge) StdoutLine: {'line': b'-- Found map_msgs: 2.1.0 (/opt/ros/humble/share/map_msgs/cmake)\n'}
[1.903137] (-) TimerEvent: {}
[1.906923] (multirobot_map_merge) StdoutLine: {'line': b'-- Found tf2_geometry_msgs: 0.25.20 (/opt/ros/humble/share/tf2_geometry_msgs/cmake)\n'}
[1.932355] (multirobot_map_merge) StdoutLine: {'line': b'-- Found eigen3_cmake_module: 0.1.1 (/opt/ros/humble/share/eigen3_cmake_module/cmake)\n'}
[1.934545] (multirobot_map_merge) StdoutLine: {'line': b'-- Found Eigen3: TRUE (found version "3.4.0")\n'}
[1.934907] (multirobot_map_merge) StdoutLine: {'line': b'-- Ensuring Eigen3 include directory is part of orocos-kdl CMake target\n'}
[2.003232] (-) TimerEvent: {}
[2.103669] (-) TimerEvent: {}
[2.131456] (multirobot_map_merge) StderrLine: {'line': b'\x1b[33mCMake Warning (dev) at CMakeLists.txt:29 (find_package):\n'}
[2.131802] (multirobot_map_merge) StderrLine: {'line': b'  Policy CMP0167 is not set: The FindBoost module is removed.  Run "cmake\n'}
[2.131938] (multirobot_map_merge) StderrLine: {'line': b'  --help-policy CMP0167" for policy details.  Use the cmake_policy command to\n'}
[2.132063] (multirobot_map_merge) StderrLine: {'line': b'  set the policy and suppress this warning.\n'}
[2.132182] (multirobot_map_merge) StderrLine: {'line': b'\n'}
[2.132314] (multirobot_map_merge) StderrLine: {'line': b'This warning is for project developers.  Use -Wno-dev to suppress it.\n'}
[2.132445] (multirobot_map_merge) StderrLine: {'line': b'\x1b[0m\n'}
[2.162774] (multirobot_map_merge) StdoutLine: {'line': b'-- Found Boost: /usr/lib/x86_64-linux-gnu/cmake/Boost-1.74.0/BoostConfig.cmake (found version "1.74.0") found components: thread\n'}
[2.169377] (multirobot_map_merge) StdoutLine: {'line': b'-- Found OpenCV: /usr (found version "4.5.4")\n'}
[2.186200] (multirobot_map_merge) StdoutLine: {'line': b'-- Found ament_lint_auto: 0.12.15 (/opt/ros/humble/share/ament_lint_auto/cmake)\n'}
[2.203759] (-) TimerEvent: {}
[2.295352] (explore_lite_msgs) StdoutLine: {'line': b'-- Using all available rosidl_typesupport_c: rosidl_typesupport_fastrtps_c;rosidl_typesupport_introspection_c\n'}
[2.298653] (multirobot_map_merge) StdoutLine: {'line': b'-- Found ament_cmake_gtest: 1.3.14 (/opt/ros/humble/share/ament_cmake_gtest/cmake)\n'}
[2.303855] (-) TimerEvent: {}
[2.304959] (multirobot_map_merge) StderrLine: {'line': b'--2026-07-01 19:02:16--  https://raw.githubusercontent.com/hrnr/m-explore-extra/master/map_merge/hector_maps/map00.pgm\n'}
[2.316599] (multirobot_map_merge) StderrLine: {'line': b'Resolving raw.githubusercontent.com (raw.githubusercontent.com)... 2606:50c0:8003::154, 2606:50c0:8000::154, 2606:50c0:8001::154, ...\n'}
[2.337662] (multirobot_map_merge) StderrLine: {'line': b'Connecting to raw.githubusercontent.com (raw.githubusercontent.com)|2606:50c0:8003::154|:443... connected.\n'}
[2.403944] (-) TimerEvent: {}
[2.504491] (-) TimerEvent: {}
[2.604836] (-) TimerEvent: {}
[2.705211] (-) TimerEvent: {}
[2.805724] (-) TimerEvent: {}
[2.905997] (-) TimerEvent: {}
[3.006364] (-) TimerEvent: {}
[3.106671] (-) TimerEvent: {}
[3.115790] (explore_lite_msgs) StdoutLine: {'line': b'-- Using all available rosidl_typesupport_cpp: rosidl_typesupport_fastrtps_cpp;rosidl_typesupport_introspection_cpp\n'}
[3.127946] (explore_lite_msgs) StderrLine: {'line': b'\x1b[33mCMake Warning (dev) at /opt/ros/humble/share/rosidl_generator_py/cmake/rosidl_generator_py_generate_interfaces.cmake:20 (find_package):\n'}
[3.128134] (explore_lite_msgs) StderrLine: {'line': b'  Policy CMP0148 is not set: The FindPythonInterp and FindPythonLibs modules\n'}
[3.128217] (explore_lite_msgs) StderrLine: {'line': b'  are removed.  Run "cmake --help-policy CMP0148" for policy details.  Use\n'}
[3.128322] (explore_lite_msgs) StderrLine: {'line': b'  the cmake_policy command to set the policy and suppress this warning.\n'}
[3.128439] (explore_lite_msgs) StderrLine: {'line': b'\n'}
[3.128552] (explore_lite_msgs) StderrLine: {'line': b'Call Stack (most recent call first):\n'}
[3.128637] (explore_lite_msgs) StderrLine: {'line': b'  /opt/ros/humble/share/ament_cmake_core/cmake/core/ament_execute_extensions.cmake:48 (include)\n'}
[3.128708] (explore_lite_msgs) StderrLine: {'line': b'  /opt/ros/humble/share/rosidl_cmake/cmake/rosidl_generate_interfaces.cmake:286 (ament_execute_extensions)\n'}
[3.128777] (explore_lite_msgs) StderrLine: {'line': b'  CMakeLists.txt:7 (rosidl_generate_interfaces)\n'}
[3.128847] (explore_lite_msgs) StderrLine: {'line': b'This warning is for project developers.  Use -Wno-dev to suppress it.\n'}
[3.128915] (explore_lite_msgs) StderrLine: {'line': b'\x1b[0m\n'}
[3.159655] (explore_lite_msgs) StdoutLine: {'line': b'-- Found PythonInterp: /usr/bin/python3 (found suitable version "3.10.12", minimum required is "3.6")\n'}
[3.162990] (explore_lite_msgs) StdoutLine: {'line': b'-- Found python_cmake_module: 0.10.0 (/opt/ros/humble/share/python_cmake_module/cmake)\n'}
[3.164215] (explore_lite_msgs) StderrLine: {'line': b'\x1b[33mCMake Warning (dev) at /opt/ros/humble/share/python_cmake_module/cmake/Modules/FindPythonExtra.cmake:52 (find_package):\n'}
[3.164408] (explore_lite_msgs) StderrLine: {'line': b'  Policy CMP0148 is not set: The FindPythonInterp and FindPythonLibs modules\n'}
[3.164529] (explore_lite_msgs) StderrLine: {'line': b'  are removed.  Run "cmake --help-policy CMP0148" for policy details.  Use\n'}
[3.164598] (explore_lite_msgs) StderrLine: {'line': b'  the cmake_policy command to set the policy and suppress this warning.\n'}
[3.164730] (explore_lite_msgs) StderrLine: {'line': b'\n'}
[3.164821] (explore_lite_msgs) StderrLine: {'line': b'Call Stack (most recent call first):\n'}
[3.164916] (explore_lite_msgs) StderrLine: {'line': b'  /opt/ros/humble/share/rosidl_generator_py/cmake/rosidl_generator_py_generate_interfaces.cmake:23 (find_package)\n'}
[3.164992] (explore_lite_msgs) StderrLine: {'line': b'  /opt/ros/humble/share/ament_cmake_core/cmake/core/ament_execute_extensions.cmake:48 (include)\n'}
[3.165065] (explore_lite_msgs) StderrLine: {'line': b'  /opt/ros/humble/share/rosidl_cmake/cmake/rosidl_generate_interfaces.cmake:286 (ament_execute_extensions)\n'}
[3.165154] (explore_lite_msgs) StderrLine: {'line': b'  CMakeLists.txt:7 (rosidl_generate_interfaces)\n'}
[3.165230] (explore_lite_msgs) StderrLine: {'line': b'This warning is for project developers.  Use -Wno-dev to suppress it.\n'}
[3.165317] (explore_lite_msgs) StderrLine: {'line': b'\x1b[0m\n'}
[3.197160] (explore_lite_msgs) StderrLine: {'line': b'\x1b[33mCMake Warning (dev) at /opt/ros/humble/share/python_cmake_module/cmake/Modules/FindPythonExtra.cmake:140 (find_package):\n'}
[3.197425] (explore_lite_msgs) StderrLine: {'line': b'  Policy CMP0148 is not set: The FindPythonInterp and FindPythonLibs modules\n'}
[3.197549] (explore_lite_msgs) StderrLine: {'line': b'  are removed.  Run "cmake --help-policy CMP0148" for policy details.  Use\n'}
[3.197656] (explore_lite_msgs) StderrLine: {'line': b'  the cmake_policy command to set the policy and suppress this warning.\n'}
[3.197758] (explore_lite_msgs) StderrLine: {'line': b'\n'}
[3.197861] (explore_lite_msgs) StderrLine: {'line': b'Call Stack (most recent call first):\n'}
[3.197930] (explore_lite_msgs) StderrLine: {'line': b'  /opt/ros/humble/share/rosidl_generator_py/cmake/rosidl_generator_py_generate_interfaces.cmake:23 (find_package)\n'}
[3.197999] (explore_lite_msgs) StderrLine: {'line': b'  /opt/ros/humble/share/ament_cmake_core/cmake/core/ament_execute_extensions.cmake:48 (include)\n'}
[3.198066] (explore_lite_msgs) StderrLine: {'line': b'  /opt/ros/humble/share/rosidl_cmake/cmake/rosidl_generate_interfaces.cmake:286 (ament_execute_extensions)\n'}
[3.198154] (explore_lite_msgs) StderrLine: {'line': b'  CMakeLists.txt:7 (rosidl_generate_interfaces)\n'}
[3.198230] (explore_lite_msgs) StderrLine: {'line': b'This warning is for project developers.  Use -Wno-dev to suppress it.\n'}
[3.198326] (explore_lite_msgs) StderrLine: {'line': b'\x1b[0m\n'}
[3.206742] (-) TimerEvent: {}
[3.208146] (explore_lite_msgs) StdoutLine: {'line': b'-- Found PythonLibs: /usr/lib/x86_64-linux-gnu/libpython3.10.so (found suitable version "3.10.12", minimum required is "3.5")\n'}
[3.208369] (explore_lite_msgs) StdoutLine: {'line': b'-- Using PYTHON_EXECUTABLE: /usr/bin/python3\n'}
[3.208449] (explore_lite_msgs) StdoutLine: {'line': b'-- Using PYTHON_INCLUDE_DIRS: /usr/include/python3.10\n'}
[3.208516] (explore_lite_msgs) StdoutLine: {'line': b'-- Using PYTHON_LIBRARIES: /usr/lib/x86_64-linux-gnu/libpython3.10.so\n'}
[3.240776] (explore_lite_msgs) StdoutLine: {'line': b'-- Found PythonExtra: .so\n'}
[3.306834] (-) TimerEvent: {}
[3.407119] (-) TimerEvent: {}
[3.507540] (-) TimerEvent: {}
[3.514285] (explore_lite_msgs) StdoutLine: {'line': b'-- Configuring done (3.5s)\n'}
[3.564490] (explore_lite_msgs) StdoutLine: {'line': b'-- Generating done (0.0s)\n'}
[3.580659] (explore_lite_msgs) StdoutLine: {'line': b'-- Build files have been written to: /home/safal/Desktop/unitreego2nav/build/explore_lite_msgs\n'}
[3.587428] (explore_lite_msgs) CommandEnded: {'returncode': 0}
[3.588215] (explore_lite_msgs) JobProgress: {'identifier': 'explore_lite_msgs', 'progress': 'build'}
[3.589224] (explore_lite_msgs) Command: {'cmd': ['/usr/bin/cmake', '--build', '/home/safal/Desktop/unitreego2nav/build/explore_lite_msgs', '--', '-j8', '-l8'], 'cwd': '/home/safal/Desktop/unitreego2nav/build/explore_lite_msgs', 'env': OrderedDict([('LESSOPEN', '| /usr/bin/lesspipe %s'), ('USER', 'safal'), ('LC_TIME', 'bho_NP'), ('XDG_SESSION_TYPE', 'wayland'), ('SHLVL', '1'), ('LD_LIBRARY_PATH', '/home/safal/Desktop/unitreego2nav/install/multirobot_map_merge/lib:/home/safal/Desktop/unitreego2nav/install/explore_lite_msgs/lib:/usr/lib/x86_64-linux-gnu/gazebo-11/plugins:/opt/ros/humble/opt/rviz_ogre_vendor/lib:/opt/ros/humble/lib/x86_64-linux-gnu:/opt/ros/humble/lib'), ('HOME', '/home/safal'), ('CONDA_SHLVL', '0'), ('CYCLONEDDS_URI', '<CycloneDDS><Domain><General><Interfaces><NetworkInterface name="enp4s0" priority="default" multicast="default"/></Interfaces></General></Domain></CycloneDDS>'), ('DESKTOP_SESSION', 'ubuntu'), ('ROS_PYTHON_VERSION', '3'), ('GNOME_SHELL_SESSION_MODE', 'ubuntu'), ('GTK_MODULES', 'gail:atk-bridge'), ('LC_MONETARY', 'bho_NP'), ('SYSTEMD_EXEC_PID', '123838'), ('DBUS_SESSION_BUS_ADDRESS', 'unix:path=/run/user/1000/bus'), ('COLORTERM', 'truecolor'), ('_CE_M', ''), ('_CONDA_ROOT', '/home/safal/miniconda3'), ('IM_CONFIG_PHASE', '1'), ('WAYLAND_DISPLAY', 'wayland-0'), ('COLCON_PREFIX_PATH', '/home/safal/Desktop/unitreego2nav/install'), ('ROS_DISTRO', 'humble'), ('LOGNAME', 'safal'), ('_', '/usr/bin/colcon'), ('ROS_VERSION', '2'), ('XDG_SESSION_CLASS', 'user'), ('USERNAME', 'safal'), ('TERM', 'xterm-256color'), ('GNOME_DESKTOP_SESSION_ID', 'this-is-deprecated'), ('_CE_CONDA', ''), ('ROS_LOCALHOST_ONLY', '0'), ('PATH', '/opt/ros/humble/bin:/home/safal/miniconda3/condabin:/home/safal/.local/bin:/usr/local/sbin:/usr/local/bin:/usr/sbin:/usr/bin:/sbin:/bin:/usr/games:/usr/local/games:/snap/bin:/snap/bin'), ('SESSION_MANAGER', 'local/safal:@/tmp/.ICE-unix/1615,unix/safal:/tmp/.ICE-unix/1615'), ('XDG_MENU_PREFIX', 'gnome-'), ('LC_ADDRESS', 'bho_NP'), ('GNOME_TERMINAL_SCREEN', '/org/gnome/Terminal/screen/915e8a2d_ac6e_4f6f_acca_6760289847ac'), ('GNOME_SETUP_DISPLAY', ':1'), ('COLCON_CMAKE_ARGS', '-DCMAKE_POLICY_VERSION_MINIMUM=3.5'), ('XDG_RUNTIME_DIR', '/run/user/1000'), ('DISPLAY', ':0'), ('LANG', 'en_US.UTF-8'), ('XDG_CURRENT_DESKTOP', 'ubuntu:GNOME'), ('LC_TELEPHONE', 'bho_NP'), ('RMW_IMPLEMENTATION', 'rmw_cyclonedds_cpp'), ('XMODIFIERS', '@im=ibus'), ('XDG_SESSION_DESKTOP', 'ubuntu'), ('XAUTHORITY', '/run/user/1000/.mutter-Xwaylandauth.TNARR3'), ('LS_COLORS', 'rs=0:di=01;34:ln=01;36:mh=00:pi=40;33:so=01;35:do=01;35:bd=40;33;01:cd=40;33;01:or=40;31;01:mi=00:su=37;41:sg=30;43:ca=30;41:tw=30;42:ow=34;42:st=37;44:ex=01;32:*.tar=01;31:*.tgz=01;31:*.arc=01;31:*.arj=01;31:*.taz=01;31:*.lha=01;31:*.lz4=01;31:*.lzh=01;31:*.lzma=01;31:*.tlz=01;31:*.txz=01;31:*.tzo=01;31:*.t7z=01;31:*.zip=01;31:*.z=01;31:*.dz=01;31:*.gz=01;31:*.lrz=01;31:*.lz=01;31:*.lzo=01;31:*.xz=01;31:*.zst=01;31:*.tzst=01;31:*.bz2=01;31:*.bz=01;31:*.tbz=01;31:*.tbz2=01;31:*.tz=01;31:*.deb=01;31:*.rpm=01;31:*.jar=01;31:*.war=01;31:*.ear=01;31:*.sar=01;31:*.rar=01;31:*.alz=01;31:*.ace=01;31:*.zoo=01;31:*.cpio=01;31:*.7z=01;31:*.rz=01;31:*.cab=01;31:*.wim=01;31:*.swm=01;31:*.dwm=01;31:*.esd=01;31:*.jpg=01;35:*.jpeg=01;35:*.mjpg=01;35:*.mjpeg=01;35:*.gif=01;35:*.bmp=01;35:*.pbm=01;35:*.pgm=01;35:*.ppm=01;35:*.tga=01;35:*.xbm=01;35:*.xpm=01;35:*.tif=01;35:*.tiff=01;35:*.png=01;35:*.svg=01;35:*.svgz=01;35:*.mng=01;35:*.pcx=01;35:*.mov=01;35:*.mpg=01;35:*.mpeg=01;35:*.m2v=01;35:*.mkv=01;35:*.webm=01;35:*.webp=01;35:*.ogm=01;35:*.mp4=01;35:*.m4v=01;35:*.mp4v=01;35:*.vob=01;35:*.qt=01;35:*.nuv=01;35:*.wmv=01;35:*.asf=01;35:*.rm=01;35:*.rmvb=01;35:*.flc=01;35:*.avi=01;35:*.fli=01;35:*.flv=01;35:*.gl=01;35:*.dl=01;35:*.xcf=01;35:*.xwd=01;35:*.yuv=01;35:*.cgm=01;35:*.emf=01;35:*.ogv=01;35:*.ogx=01;35:*.aac=00;36:*.au=00;36:*.flac=00;36:*.m4a=00;36:*.mid=00;36:*.midi=00;36:*.mka=00;36:*.mp3=00;36:*.mpc=00;36:*.ogg=00;36:*.ra=00;36:*.wav=00;36:*.oga=00;36:*.opus=00;36:*.spx=00;36:*.xspf=00;36:'), ('GNOME_TERMINAL_SERVICE', ':1.385'), ('SSH_AGENT_LAUNCHER', 'gnome-keyring'), ('SSH_AUTH_SOCK', '/run/user/1000/keyring/ssh'), ('AMENT_PREFIX_PATH', '/home/safal/Desktop/unitreego2nav/install/multirobot_map_merge:/home/safal/Desktop/unitreego2nav/install/go2_nav:/home/safal/Desktop/unitreego2nav/install/explore_lite:/home/safal/Desktop/unitreego2nav/install/explore_lite_msgs:/opt/ros/humble'), ('CONDA_PYTHON_EXE', '/home/safal/miniconda3/bin/python'), ('SHELL', '/bin/bash'), ('LC_NAME', 'bho_NP'), ('QT_ACCESSIBILITY', '1'), ('GDMSESSION', 'ubuntu'), ('LESSCLOSE', '/usr/bin/lesspipe %s %s'), ('LC_MEASUREMENT', 'bho_NP'), ('_CONDA_EXE', '/home/safal/miniconda3/bin/conda'), ('LC_IDENTIFICATION', 'bho_NP'), ('QT_IM_MODULE', 'ibus'), ('PWD', '/home/safal/Desktop/unitreego2nav/build/explore_lite_msgs'), ('LC_ALL', 'en_US.UTF-8'), ('XDG_CONFIG_DIRS', '/etc/xdg/xdg-ubuntu:/etc/xdg'), ('CONDA_EXE', '/home/safal/miniconda3/bin/conda'), ('XDG_DATA_DIRS', '/usr/share/ubuntu:/usr/local/share/:/usr/share/:/var/lib/snapd/desktop'), ('PYTHONPATH', '/home/safal/Desktop/unitreego2nav/install/go2_nav/lib/python3.10/site-packages:/home/safal/Desktop/unitreego2nav/install/explore_lite_msgs/local/lib/python3.10/dist-packages:/opt/ros/humble/lib/python3.10/site-packages:/opt/ros/humble/local/lib/python3.10/dist-packages'), ('LC_NUMERIC', 'bho_NP'), ('LC_PAPER', 'bho_NP'), ('COLCON', '1'), ('VTE_VERSION', '6800'), ('CMAKE_PREFIX_PATH', '/home/safal/Desktop/unitreego2nav/install/multirobot_map_merge:/home/safal/Desktop/unitreego2nav/install/explore_lite:/home/safal/Desktop/unitreego2nav/install/explore_lite_msgs:/home/safal/Desktop/unitreego2nav/install/go2_nav:/opt/ros/humble')]), 'shell': False}
[3.607647] (-) TimerEvent: {}
[3.611661] (explore_lite_msgs) StdoutLine: {'line': b'[  3%] \x1b[1m\x1b[34mGenerating C code for ROS interfaces\x1b[0m\n'}
[3.617611] (explore_lite_msgs) StdoutLine: {'line': b'[  6%] \x1b[1m\x1b[34mGenerating C++ code for ROS interfaces\x1b[0m\n'}
[3.618917] (explore_lite_msgs) StdoutLine: {'line': b'[  9%] \x1b[1m\x1b[34mGenerating Rust code for ROS interfaces\x1b[0m\n'}
[3.623129] (explore_lite_msgs) StdoutLine: {'line': b'[  9%] Built target ament_cmake_python_copy_explore_lite_msgs\n'}
[3.707784] (-) TimerEvent: {}
[3.800561] (multirobot_map_merge) StderrLine: {'line': b'HTTP request sent, awaiting response... 200 OK\n'}
[3.801057] (multirobot_map_merge) StderrLine: {'line': b'Length: 4194362 (4.0M) [application/octet-stream]\n'}
[3.801397] (multirobot_map_merge) StderrLine: {'line': b'Saving to: \xe2\x80\x98/home/safal/Desktop/unitreego2nav/build/multirobot_map_merge/map00.pgm\xe2\x80\x99\n'}
[3.801765] (multirobot_map_merge) StderrLine: {'line': b'\n'}
[3.807868] (-) TimerEvent: {}
[3.829293] (multirobot_map_merge) StderrLine: {'line': b'     0K .......... .......... .......... .......... ..........  1% 1.77M 2s\n'}
[3.847460] (multirobot_map_merge) StderrLine: {'line': b'    50K .......... .......... .......... .......... ..........  2% 2.57M 2s\n'}
[3.858193] (multirobot_map_merge) StderrLine: {'line': b'   100K .......... .......... .......... .......... ..........  3% 4.57M 2s\n'}
[3.863414] (multirobot_map_merge) StderrLine: {'line': b'   150K .......... .......... .......... .......... ..........  4% 9.29M 1s\n'}
[3.873678] (multirobot_map_merge) StderrLine: {'line': b'   200K .......... .......... .......... .......... ..........  6% 4.71M 1s\n'}
[3.878863] (multirobot_map_merge) StderrLine: {'line': b'   250K .......... .......... .......... .......... ..........  7% 9.35M 1s\n'}
[3.886506] (multirobot_map_merge) StderrLine: {'line': b'   300K .......... .......... .......... .......... ..........  8% 6.56M 1s\n'}
[3.893471] (multirobot_map_merge) StderrLine: {'line': b'   350K .......... .......... .......... .......... ..........  9% 10.8M 1s\n'}
[3.894070] (multirobot_map_merge) StderrLine: {'line': b'   400K .......... .......... .......... .......... .......... 10% 15.0M 1s\n'}
[3.896444] (multirobot_map_merge) StderrLine: {'line': b'   450K .......... .......... .......... .......... .......... 12% 21.2M 1s\n'}
[3.898385] (multirobot_map_merge) StderrLine: {'line': b'   500K .......... .......... .......... .......... .......... 13% 24.7M 1s\n'}
[3.907964] (-) TimerEvent: {}
[3.928418] (multirobot_map_merge) StderrLine: {'line': b'   550K .......... .......... .......... .......... .......... 14% 1.64M 1s\n'}
[3.929168] (multirobot_map_merge) StderrLine: {'line': b'   600K .......... .......... .......... .......... .......... 15% 51.8M 1s\n'}
[3.930475] (multirobot_map_merge) StderrLine: {'line': b'   650K .......... .......... .......... .......... .......... 17% 44.0M 1s\n'}
[3.931111] (multirobot_map_merge) StderrLine: {'line': b'   700K .......... .......... .......... .......... .......... 18% 70.4M 1s\n'}
[3.932067] (multirobot_map_merge) StderrLine: {'line': b'   750K .......... .......... .......... .......... .......... 19% 55.2M 1s\n'}
[3.932272] (multirobot_map_merge) StderrLine: {'line': b'   800K .......... .......... .......... .......... .......... 20%  128M 1s\n'}
[3.934351] (multirobot_map_merge) StderrLine: {'line': b'   850K .......... .......... .......... .......... .......... 21% 23.8M 0s\n'}
[3.936652] (multirobot_map_merge) StderrLine: {'line': b'   900K .......... .......... .......... .......... .......... 23% 20.6M 0s\n'}
[3.937010] (multirobot_map_merge) StderrLine: {'line': b'   950K .......... .......... .......... .......... .......... 24%  198M 0s\n'}
[3.937527] (multirobot_map_merge) StderrLine: {'line': b'  1000K .......... .......... .......... .......... .......... 25% 75.8M 0s\n'}
[3.960221] (multirobot_map_merge) StderrLine: {'line': b'  1050K .......... .......... .......... .......... .......... 26% 2.16M 0s\n'}
[3.966931] (multirobot_map_merge) StderrLine: {'line': b'  1100K .......... .......... .......... .......... .......... 28% 7.31M 0s\n'}
[3.967236] (multirobot_map_merge) StderrLine: {'line': b'  1150K .......... .......... .......... .......... .......... 29%  185M 0s\n'}
[3.978131] (multirobot_map_merge) StderrLine: {'line': b'  1200K .......... .......... .......... .......... .......... 30% 4.43M 0s\n'}
[3.978719] (multirobot_map_merge) StderrLine: {'line': b'  1250K .......... .......... .......... .......... .......... 31% 79.0M 0s\n'}
[3.981309] (multirobot_map_merge) StderrLine: {'line': b'  1300K .......... .......... .......... .......... .......... 32% 19.1M 0s\n'}
[3.992577] (multirobot_map_merge) StderrLine: {'line': b'  1350K .......... .......... .......... .......... .......... 34% 4.39M 0s\n'}
[3.995948] (multirobot_map_merge) StderrLine: {'line': b'  1400K .......... .......... .......... .......... .......... 35% 14.1M 0s\n'}
[3.996506] (multirobot_map_merge) StderrLine: {'line': b'  1450K .......... .......... .......... .......... .......... 36% 77.8M 0s\n'}
[3.998871] (multirobot_map_merge) StderrLine: {'line': b'  1500K .......... .......... .......... .......... .......... 37% 21.3M 0s\n'}
[4.005120] (multirobot_map_merge) StderrLine: {'line': b'  1550K .......... .......... .......... .......... .......... 39% 7.72M 0s\n'}
[4.006024] (multirobot_map_merge) StderrLine: {'line': b'  1600K .......... .......... .......... .......... .......... 40% 53.1M 0s\n'}
[4.008071] (-) TimerEvent: {}
[4.009201] (explore_lite_msgs) StdoutLine: {'line': b'[  9%] Built target explore_lite_msgs__rs\n'}
[4.026038] (explore_lite_msgs) StdoutLine: {'line': b'[  9%] Built target explore_lite_msgs__cpp\n'}
[4.032062] (explore_lite_msgs) StdoutLine: {'line': b'[ 12%] \x1b[1m\x1b[34mGenerating C++ introspection for ROS interfaces\x1b[0m\n'}
[4.032359] (explore_lite_msgs) StdoutLine: {'line': b'[ 15%] \x1b[1m\x1b[34mGenerating C++ type support dispatch for ROS interfaces\x1b[0m\n'}
[4.033539] (explore_lite_msgs) StdoutLine: {'line': b'[ 18%] \x1b[1m\x1b[34mGenerating C++ type support for eProsima Fast-RTPS\x1b[0m\n'}
[4.040213] (explore_lite_msgs) StdoutLine: {'line': b'running egg_info\n'}
[4.041303] (explore_lite_msgs) StdoutLine: {'line': b'creating explore_lite_msgs.egg-info\n'}
[4.041688] (explore_lite_msgs) StdoutLine: {'line': b'writing explore_lite_msgs.egg-info/PKG-INFO\n'}
[4.041922] (explore_lite_msgs) StdoutLine: {'line': b'writing dependency_links to explore_lite_msgs.egg-info/dependency_links.txt\n'}
[4.042193] (explore_lite_msgs) StdoutLine: {'line': b'writing top-level names to explore_lite_msgs.egg-info/top_level.txt\n'}
[4.042759] (explore_lite_msgs) StdoutLine: {'line': b"writing manifest file 'explore_lite_msgs.egg-info/SOURCES.txt'\n"}
[4.046209] (explore_lite_msgs) StdoutLine: {'line': b"reading manifest file 'explore_lite_msgs.egg-info/SOURCES.txt'\n"}
[4.047201] (explore_lite_msgs) StdoutLine: {'line': b"writing manifest file 'explore_lite_msgs.egg-info/SOURCES.txt'\n"}
[4.048308] (multirobot_map_merge) StderrLine: {'line': b'  1650K .......... .......... .......... .......... .......... 41% 1.16M 0s\n'}
[4.078485] (explore_lite_msgs) StdoutLine: {'line': b'[ 21%] \x1b[32mBuilding C object CMakeFiles/explore_lite_msgs__rosidl_generator_c.dir/rosidl_generator_c/explore_lite_msgs/msg/detail/explore_status__functions.c.o\x1b[0m\n'}
[4.087948] (explore_lite_msgs) StdoutLine: {'line': b'[ 21%] Built target ament_cmake_python_build_explore_lite_msgs_egg\n'}
[4.091198] (multirobot_map_merge) StderrLine: {'line': b'  1700K .......... .......... .......... .......... .......... 42% 1.13M 0s\n'}
[4.094519] (multirobot_map_merge) StderrLine: {'line': b'  1750K .......... .......... .......... .......... .......... 43% 14.9M 0s\n'}
[4.095779] (multirobot_map_merge) StderrLine: {'line': b'  1800K .......... .......... .......... .......... .......... 45% 44.3M 0s\n'}
[4.098253] (multirobot_map_merge) StderrLine: {'line': b'  1850K .......... .......... .......... .......... .......... 46% 18.6M 0s\n'}
[4.099126] (multirobot_map_merge) StderrLine: {'line': b'  1900K .......... .......... .......... .......... .......... 47% 51.6M 0s\n'}
[4.101799] (multirobot_map_merge) StderrLine: {'line': b'  1950K .......... .......... .......... .......... .......... 48% 18.2M 0s\n'}
[4.104505] (multirobot_map_merge) StderrLine: {'line': b'  2000K .......... .......... .......... .......... .......... 50% 18.6M 0s\n'}
[4.107228] (multirobot_map_merge) StderrLine: {'line': b'  2050K .......... .......... .......... .......... .......... 51% 17.9M 0s\n'}
[4.107939] (multirobot_map_merge) StderrLine: {'line': b'  2100K .......... .......... .......... .......... .......... 52% 59.5M 0s\n'}
[4.108101] (-) TimerEvent: {}
[4.110085] (multirobot_map_merge) StderrLine: {'line': b'  2150K .......... .......... .......... .......... .......... 53% 23.9M 0s\n'}
[4.133113] (multirobot_map_merge) StderrLine: {'line': b'  2200K .......... .......... .......... .......... .......... 54% 2.12M 0s\n'}
[4.133536] (explore_lite_msgs) StdoutLine: {'line': b'[ 25%] \x1b[1m\x1b[32mLinking C shared library libexplore_lite_msgs__rosidl_generator_c.so\x1b[0m\n'}
[4.139751] (multirobot_map_merge) StderrLine: {'line': b'  2250K .......... .......... .......... .......... .......... 56% 7.29M 0s\n'}
[4.145085] (multirobot_map_merge) StderrLine: {'line': b'  2300K .......... .......... .......... .......... .......... 57% 9.16M 0s\n'}
[4.150232] (multirobot_map_merge) StderrLine: {'line': b'  2350K .......... .......... .......... .......... .......... 58% 9.64M 0s\n'}
[4.152403] (multirobot_map_merge) StderrLine: {'line': b'  2400K .......... .......... .......... .......... .......... 59% 22.2M 0s\n'}
[4.167477] (multirobot_map_merge) StderrLine: {'line': b'  2450K .......... .......... .......... .......... .......... 61% 3.24M 0s\n'}
[4.168385] (multirobot_map_merge) StderrLine: {'line': b'  2500K .......... .......... .......... .......... .......... 62% 54.5M 0s\n'}
[4.169395] (multirobot_map_merge) StderrLine: {'line': b'  2550K .......... .......... .......... .......... .......... 63% 46.4M 0s\n'}
[4.170210] (multirobot_map_merge) StderrLine: {'line': b'  2600K .......... .......... .......... .......... .......... 64% 59.9M 0s\n'}
[4.170715] (explore_lite_msgs) StdoutLine: {'line': b'[ 25%] Built target explore_lite_msgs__rosidl_generator_c\n'}
[4.171503] (multirobot_map_merge) StderrLine: {'line': b'  2650K .......... .......... .......... .......... .......... 65% 39.8M 0s\n'}
[4.172035] (multirobot_map_merge) StderrLine: {'line': b'  2700K .......... .......... .......... .......... .......... 67% 88.7M 0s\n'}
[4.180196] (explore_lite_msgs) StdoutLine: {'line': b'[ 28%] \x1b[1m\x1b[34mGenerating C type support for eProsima Fast-RTPS\x1b[0m\n'}
[4.183160] (explore_lite_msgs) StdoutLine: {'line': b'[ 34%] \x1b[1m\x1b[34mGenerating C type support dispatch for ROS interfaces\x1b[0m\n'}
[4.183642] (explore_lite_msgs) StdoutLine: {'line': b'[ 34%] \x1b[1m\x1b[34mGenerating C introspection for ROS interfaces\x1b[0m\n'}
[4.183799] (multirobot_map_merge) StderrLine: {'line': b'  2750K .......... .......... .......... .......... .......... 68% 4.61M 0s\n'}
[4.183939] (multirobot_map_merge) StderrLine: {'line': b'  2800K .......... .......... .......... .......... .......... 69%  199M 0s\n'}
[4.184060] (multirobot_map_merge) StderrLine: {'line': b'  2850K .......... .......... .......... .......... .......... 70%  207M 0s\n'}
[4.190462] (multirobot_map_merge) StderrLine: {'line': b'  2900K .......... .......... .......... .......... .......... 72% 8.39M 0s\n'}
[4.191825] (multirobot_map_merge) StderrLine: {'line': b'  2950K .......... .......... .......... .......... .......... 73% 16.9M 0s\n'}
[4.208414] (-) TimerEvent: {}
[4.211418] (multirobot_map_merge) StderrLine: {'line': b'  3000K .......... .......... .......... .......... .......... 74% 10.3M 0s\n'}
[4.216197] (multirobot_map_merge) StderrLine: {'line': b'  3050K .......... .......... .......... .......... .......... 75% 2.68M 0s\n'}
[4.216822] (multirobot_map_merge) StderrLine: {'line': b'  3100K .......... .......... .......... .......... .......... 76% 46.9M 0s\n'}
[4.223806] (multirobot_map_merge) StderrLine: {'line': b'  3150K .......... .......... .......... .......... .......... 78% 6.17M 0s\n'}
[4.239359] (multirobot_map_merge) StderrLine: {'line': b'  3200K .......... .......... .......... .......... .......... 79% 4.57M 0s\n'}
[4.241225] (multirobot_map_merge) StderrLine: {'line': b'  3250K .......... .......... .......... .......... .......... 80% 71.7M 0s\n'}
[4.243197] (multirobot_map_merge) StderrLine: {'line': b'  3300K .......... .......... .......... .......... .......... 81%  142M 0s\n'}
[4.245117] (multirobot_map_merge) StderrLine: {'line': b'  3350K .......... .......... .......... .......... .......... 83% 7.51M 0s\n'}
[4.247421] (multirobot_map_merge) StderrLine: {'line': b'  3400K .......... .......... .......... .......... .......... 84% 15.2M 0s\n'}
[4.248128] (multirobot_map_merge) StderrLine: {'line': b'  3450K .......... .......... .......... .......... .......... 85% 30.1M 0s\n'}
[4.248528] (multirobot_map_merge) StderrLine: {'line': b'  3500K .......... .......... .......... .......... .......... 86%  188M 0s\n'}
[4.249516] (multirobot_map_merge) StderrLine: {'line': b'  3550K .......... .......... .......... .......... .......... 87%  212M 0s\n'}
[4.250890] (multirobot_map_merge) StderrLine: {'line': b'  3600K .......... .......... .......... .......... .......... 89%  206M 0s\n'}
[4.269736] (multirobot_map_merge) StderrLine: {'line': b'  3650K .......... .......... .......... .......... .......... 90% 2.22M 0s\n'}
[4.273170] (multirobot_map_merge) StderrLine: {'line': b'  3700K .......... .......... .......... .......... .......... 91% 14.6M 0s\n'}
[4.281040] (multirobot_map_merge) StderrLine: {'line': b'  3750K .......... .......... .......... .......... .......... 92% 6.10M 0s\n'}
[4.282879] (multirobot_map_merge) StderrLine: {'line': b'  3800K .......... .......... .......... .......... .......... 93% 29.1M 0s\n'}
[4.288760] (multirobot_map_merge) StderrLine: {'line': b'  3850K .......... .......... .......... .......... .......... 95% 9.23M 0s\n'}
[4.291681] (multirobot_map_merge) StderrLine: {'line': b'  3900K .......... .......... .......... .......... .......... 96% 13.7M 0s\n'}
[4.292096] (multirobot_map_merge) StderrLine: {'line': b'  3950K .......... .......... .......... .......... .......... 97%  205M 0s\n'}
[4.294105] (multirobot_map_merge) StderrLine: {'line': b'  4000K .......... .......... .......... .......... .......... 98% 20.8M 0s\n'}
[4.297502] (multirobot_map_merge) StderrLine: {'line': b'  4050K .......... .......... .......... .......... ......    100% 28.0M=0.5s\n'}
[4.297951] (multirobot_map_merge) StderrLine: {'line': b'\n'}
[4.298271] (multirobot_map_merge) StderrLine: {'line': b'2026-07-01 19:02:18 (8.08 MB/s) - \xe2\x80\x98/home/safal/Desktop/unitreego2nav/build/multirobot_map_merge/map00.pgm\xe2\x80\x99 saved [4194362/4194362]\n'}
[4.298603] (multirobot_map_merge) StderrLine: {'line': b'\n'}
[4.298932] (multirobot_map_merge) StdoutLine: {'line': b'Checking MD5 sum of /home/safal/Desktop/unitreego2nav/build/multirobot_map_merge/map00.pgm\n'}
[4.308511] (-) TimerEvent: {}
[4.309931] (multirobot_map_merge) StdoutLine: {'line': b'/home/safal/Desktop/unitreego2nav/build/multirobot_map_merge/map00.pgm: OK\n'}
[4.318529] (multirobot_map_merge) StderrLine: {'line': b'--2026-07-01 19:02:18--  https://raw.githubusercontent.com/hrnr/m-explore-extra/master/map_merge/hector_maps/map05.pgm\n'}
[4.322816] (multirobot_map_merge) StderrLine: {'line': b'Resolving raw.githubusercontent.com (raw.githubusercontent.com)... 2606:50c0:8000::154, 2606:50c0:8001::154, 2606:50c0:8002::154, ...\n'}
[4.355591] (multirobot_map_merge) StderrLine: {'line': b'Connecting to raw.githubusercontent.com (raw.githubusercontent.com)|2606:50c0:8000::154|:443... connected.\n'}
[4.408609] (-) TimerEvent: {}
[4.465965] (explore_lite_msgs) StdoutLine: {'line': b'[ 37%] \x1b[32mBuilding CXX object CMakeFiles/explore_lite_msgs__rosidl_typesupport_introspection_cpp.dir/rosidl_typesupport_introspection_cpp/explore_lite_msgs/msg/detail/explore_status__type_support.cpp.o\x1b[0m\n'}
[4.509171] (-) TimerEvent: {}
[4.576625] (explore_lite_msgs) StdoutLine: {'line': b'[ 40%] \x1b[32mBuilding CXX object CMakeFiles/explore_lite_msgs__rosidl_typesupport_cpp.dir/rosidl_typesupport_cpp/explore_lite_msgs/msg/explore_status__type_support.cpp.o\x1b[0m\n'}
[4.600349] (explore_lite_msgs) StdoutLine: {'line': b'[ 43%] \x1b[32mBuilding CXX object CMakeFiles/explore_lite_msgs__rosidl_typesupport_fastrtps_c.dir/rosidl_typesupport_fastrtps_c/explore_lite_msgs/msg/detail/explore_status__type_support_c.cpp.o\x1b[0m\n'}
[4.609280] (-) TimerEvent: {}
[4.622331] (explore_lite_msgs) StdoutLine: {'line': b'[ 46%] \x1b[32mBuilding CXX object CMakeFiles/explore_lite_msgs__rosidl_typesupport_fastrtps_cpp.dir/rosidl_typesupport_fastrtps_cpp/explore_lite_msgs/msg/detail/dds_fastrtps/explore_status__type_support.cpp.o\x1b[0m\n'}
[4.709365] (-) TimerEvent: {}
[4.809723] (-) TimerEvent: {}
[4.811433] (explore_lite_msgs) StdoutLine: {'line': b'[ 50%] \x1b[32mBuilding C object CMakeFiles/explore_lite_msgs__rosidl_typesupport_introspection_c.dir/rosidl_typesupport_introspection_c/explore_lite_msgs/msg/detail/explore_status__type_support.c.o\x1b[0m\n'}
[4.811744] (explore_lite_msgs) StdoutLine: {'line': b'[ 53%] \x1b[32mBuilding CXX object CMakeFiles/explore_lite_msgs__rosidl_typesupport_c.dir/rosidl_typesupport_c/explore_lite_msgs/msg/explore_status__type_support.cpp.o\x1b[0m\n'}
[4.847429] (explore_lite_msgs) StdoutLine: {'line': b'[ 56%] \x1b[1m\x1b[32mLinking C shared library libexplore_lite_msgs__rosidl_typesupport_introspection_c.so\x1b[0m\n'}
[4.856478] (explore_lite_msgs) StdoutLine: {'line': b'[ 59%] \x1b[1m\x1b[32mLinking CXX shared library libexplore_lite_msgs__rosidl_typesupport_c.so\x1b[0m\n'}
[4.877800] (explore_lite_msgs) StdoutLine: {'line': b'[ 59%] Built target explore_lite_msgs__rosidl_typesupport_introspection_c\n'}
[4.909835] (-) TimerEvent: {}
[4.918695] (explore_lite_msgs) StdoutLine: {'line': b'[ 59%] Built target explore_lite_msgs__rosidl_typesupport_c\n'}
[4.991203] (explore_lite_msgs) StdoutLine: {'line': b'[ 62%] \x1b[1m\x1b[32mLinking CXX shared library libexplore_lite_msgs__rosidl_typesupport_introspection_cpp.so\x1b[0m\n'}
[4.993913] (explore_lite_msgs) StdoutLine: {'line': b'[ 65%] \x1b[1m\x1b[32mLinking CXX shared library libexplore_lite_msgs__rosidl_typesupport_cpp.so\x1b[0m\n'}
[5.009962] (-) TimerEvent: {}
[5.032248] (explore_lite_msgs) StdoutLine: {'line': b'[ 65%] Built target explore_lite_msgs__rosidl_typesupport_cpp\n'}
[5.065188] (explore_lite_msgs) StdoutLine: {'line': b'[ 65%] Built target explore_lite_msgs__rosidl_typesupport_introspection_cpp\n'}
[5.109997] (explore_lite_msgs) StdoutLine: {'line': b'[ 68%] \x1b[1m\x1b[32mLinking CXX shared library libexplore_lite_msgs__rosidl_typesupport_fastrtps_c.so\x1b[0m\n'}
[5.110205] (-) TimerEvent: {}
[5.162070] (explore_lite_msgs) StdoutLine: {'line': b'[ 71%] \x1b[1m\x1b[32mLinking CXX shared library libexplore_lite_msgs__rosidl_typesupport_fastrtps_cpp.so\x1b[0m\n'}
[5.190719] (explore_lite_msgs) StdoutLine: {'line': b'[ 71%] Built target explore_lite_msgs__rosidl_typesupport_fastrtps_c\n'}
[5.210333] (-) TimerEvent: {}
[5.239238] (explore_lite_msgs) StdoutLine: {'line': b'[ 71%] Built target explore_lite_msgs__rosidl_typesupport_fastrtps_cpp\n'}
[5.251451] (explore_lite_msgs) StdoutLine: {'line': b'[ 71%] Built target explore_lite_msgs\n'}
[5.263041] (explore_lite_msgs) StdoutLine: {'line': b'[ 75%] \x1b[1m\x1b[34mGenerating Python code for ROS interfaces\x1b[0m\n'}
[5.310453] (-) TimerEvent: {}
[5.410862] (-) TimerEvent: {}
[5.511438] (-) TimerEvent: {}
[5.611816] (-) TimerEvent: {}
[5.675152] (explore_lite_msgs) StdoutLine: {'line': b'[ 75%] Built target explore_lite_msgs__py\n'}
[5.686450] (explore_lite_msgs) StdoutLine: {'line': b'[ 78%] \x1b[32mBuilding C object CMakeFiles/explore_lite_msgs__rosidl_generator_py.dir/rosidl_generator_py/explore_lite_msgs/msg/_explore_status_s.c.o\x1b[0m\n'}
[5.711906] (-) TimerEvent: {}
[5.801316] (explore_lite_msgs) StdoutLine: {'line': b'[ 81%] \x1b[1m\x1b[32mLinking C shared library rosidl_generator_py/explore_lite_msgs/libexplore_lite_msgs__rosidl_generator_py.so\x1b[0m\n'}
[5.812035] (-) TimerEvent: {}
[5.830763] (explore_lite_msgs) StdoutLine: {'line': b'[ 81%] Built target explore_lite_msgs__rosidl_generator_py\n'}
[5.844894] (explore_lite_msgs) StdoutLine: {'line': b'[ 84%] \x1b[32mBuilding C object CMakeFiles/explore_lite_msgs__rosidl_typesupport_fastrtps_c__pyext.dir/rosidl_generator_py/explore_lite_msgs/_explore_lite_msgs_s.ep.rosidl_typesupport_fastrtps_c.c.o\x1b[0m\n'}
[5.845168] (explore_lite_msgs) StdoutLine: {'line': b'[ 87%] \x1b[32mBuilding C object CMakeFiles/explore_lite_msgs__rosidl_typesupport_introspection_c__pyext.dir/rosidl_generator_py/explore_lite_msgs/_explore_lite_msgs_s.ep.rosidl_typesupport_introspection_c.c.o\x1b[0m\n'}
[5.845322] (explore_lite_msgs) StdoutLine: {'line': b'[ 90%] \x1b[32mBuilding C object CMakeFiles/explore_lite_msgs__rosidl_typesupport_c__pyext.dir/rosidl_generator_py/explore_lite_msgs/_explore_lite_msgs_s.ep.rosidl_typesupport_c.c.o\x1b[0m\n'}
[5.912160] (-) TimerEvent: {}
[5.943159] (explore_lite_msgs) StdoutLine: {'line': b'[ 93%] \x1b[1m\x1b[32mLinking C shared library rosidl_generator_py/explore_lite_msgs/explore_lite_msgs_s__rosidl_typesupport_c.cpython-310-x86_64-linux-gnu.so\x1b[0m\n'}
[5.945055] (explore_lite_msgs) StdoutLine: {'line': b'[ 96%] \x1b[1m\x1b[32mLinking C shared library rosidl_generator_py/explore_lite_msgs/explore_lite_msgs_s__rosidl_typesupport_fastrtps_c.cpython-310-x86_64-linux-gnu.so\x1b[0m\n'}
[5.945579] (explore_lite_msgs) StdoutLine: {'line': b'[100%] \x1b[1m\x1b[32mLinking C shared library rosidl_generator_py/explore_lite_msgs/explore_lite_msgs_s__rosidl_typesupport_introspection_c.cpython-310-x86_64-linux-gnu.so\x1b[0m\n'}
[5.971189] (explore_lite_msgs) StdoutLine: {'line': b'[100%] Built target explore_lite_msgs__rosidl_typesupport_introspection_c__pyext\n'}
[5.971530] (explore_lite_msgs) StdoutLine: {'line': b'[100%] Built target explore_lite_msgs__rosidl_typesupport_c__pyext\n'}
[5.973026] (explore_lite_msgs) StdoutLine: {'line': b'[100%] Built target explore_lite_msgs__rosidl_typesupport_fastrtps_c__pyext\n'}
[5.979769] (explore_lite_msgs) CommandEnded: {'returncode': 0}
[5.980708] (explore_lite_msgs) JobProgress: {'identifier': 'explore_lite_msgs', 'progress': 'install'}
[5.985283] (explore_lite_msgs) Command: {'cmd': ['/usr/bin/cmake', '--install', '/home/safal/Desktop/unitreego2nav/build/explore_lite_msgs'], 'cwd': '/home/safal/Desktop/unitreego2nav/build/explore_lite_msgs', 'env': OrderedDict([('LESSOPEN', '| /usr/bin/lesspipe %s'), ('USER', 'safal'), ('LC_TIME', 'bho_NP'), ('XDG_SESSION_TYPE', 'wayland'), ('SHLVL', '1'), ('LD_LIBRARY_PATH', '/home/safal/Desktop/unitreego2nav/install/multirobot_map_merge/lib:/home/safal/Desktop/unitreego2nav/install/explore_lite_msgs/lib:/usr/lib/x86_64-linux-gnu/gazebo-11/plugins:/opt/ros/humble/opt/rviz_ogre_vendor/lib:/opt/ros/humble/lib/x86_64-linux-gnu:/opt/ros/humble/lib'), ('HOME', '/home/safal'), ('CONDA_SHLVL', '0'), ('CYCLONEDDS_URI', '<CycloneDDS><Domain><General><Interfaces><NetworkInterface name="enp4s0" priority="default" multicast="default"/></Interfaces></General></Domain></CycloneDDS>'), ('DESKTOP_SESSION', 'ubuntu'), ('ROS_PYTHON_VERSION', '3'), ('GNOME_SHELL_SESSION_MODE', 'ubuntu'), ('GTK_MODULES', 'gail:atk-bridge'), ('LC_MONETARY', 'bho_NP'), ('SYSTEMD_EXEC_PID', '123838'), ('DBUS_SESSION_BUS_ADDRESS', 'unix:path=/run/user/1000/bus'), ('COLORTERM', 'truecolor'), ('_CE_M', ''), ('_CONDA_ROOT', '/home/safal/miniconda3'), ('IM_CONFIG_PHASE', '1'), ('WAYLAND_DISPLAY', 'wayland-0'), ('COLCON_PREFIX_PATH', '/home/safal/Desktop/unitreego2nav/install'), ('ROS_DISTRO', 'humble'), ('LOGNAME', 'safal'), ('_', '/usr/bin/colcon'), ('ROS_VERSION', '2'), ('XDG_SESSION_CLASS', 'user'), ('USERNAME', 'safal'), ('TERM', 'xterm-256color'), ('GNOME_DESKTOP_SESSION_ID', 'this-is-deprecated'), ('_CE_CONDA', ''), ('ROS_LOCALHOST_ONLY', '0'), ('PATH', '/opt/ros/humble/bin:/home/safal/miniconda3/condabin:/home/safal/.local/bin:/usr/local/sbin:/usr/local/bin:/usr/sbin:/usr/bin:/sbin:/bin:/usr/games:/usr/local/games:/snap/bin:/snap/bin'), ('SESSION_MANAGER', 'local/safal:@/tmp/.ICE-unix/1615,unix/safal:/tmp/.ICE-unix/1615'), ('XDG_MENU_PREFIX', 'gnome-'), ('LC_ADDRESS', 'bho_NP'), ('GNOME_TERMINAL_SCREEN', '/org/gnome/Terminal/screen/915e8a2d_ac6e_4f6f_acca_6760289847ac'), ('GNOME_SETUP_DISPLAY', ':1'), ('COLCON_CMAKE_ARGS', '-DCMAKE_POLICY_VERSION_MINIMUM=3.5'), ('XDG_RUNTIME_DIR', '/run/user/1000'), ('DISPLAY', ':0'), ('LANG', 'en_US.UTF-8'), ('XDG_CURRENT_DESKTOP', 'ubuntu:GNOME'), ('LC_TELEPHONE', 'bho_NP'), ('RMW_IMPLEMENTATION', 'rmw_cyclonedds_cpp'), ('XMODIFIERS', '@im=ibus'), ('XDG_SESSION_DESKTOP', 'ubuntu'), ('XAUTHORITY', '/run/user/1000/.mutter-Xwaylandauth.TNARR3'), ('LS_COLORS', 'rs=0:di=01;34:ln=01;36:mh=00:pi=40;33:so=01;35:do=01;35:bd=40;33;01:cd=40;33;01:or=40;31;01:mi=00:su=37;41:sg=30;43:ca=30;41:tw=30;42:ow=34;42:st=37;44:ex=01;32:*.tar=01;31:*.tgz=01;31:*.arc=01;31:*.arj=01;31:*.taz=01;31:*.lha=01;31:*.lz4=01;31:*.lzh=01;31:*.lzma=01;31:*.tlz=01;31:*.txz=01;31:*.tzo=01;31:*.t7z=01;31:*.zip=01;31:*.z=01;31:*.dz=01;31:*.gz=01;31:*.lrz=01;31:*.lz=01;31:*.lzo=01;31:*.xz=01;31:*.zst=01;31:*.tzst=01;31:*.bz2=01;31:*.bz=01;31:*.tbz=01;31:*.tbz2=01;31:*.tz=01;31:*.deb=01;31:*.rpm=01;31:*.jar=01;31:*.war=01;31:*.ear=01;31:*.sar=01;31:*.rar=01;31:*.alz=01;31:*.ace=01;31:*.zoo=01;31:*.cpio=01;31:*.7z=01;31:*.rz=01;31:*.cab=01;31:*.wim=01;31:*.swm=01;31:*.dwm=01;31:*.esd=01;31:*.jpg=01;35:*.jpeg=01;35:*.mjpg=01;35:*.mjpeg=01;35:*.gif=01;35:*.bmp=01;35:*.pbm=01;35:*.pgm=01;35:*.ppm=01;35:*.tga=01;35:*.xbm=01;35:*.xpm=01;35:*.tif=01;35:*.tiff=01;35:*.png=01;35:*.svg=01;35:*.svgz=01;35:*.mng=01;35:*.pcx=01;35:*.mov=01;35:*.mpg=01;35:*.mpeg=01;35:*.m2v=01;35:*.mkv=01;35:*.webm=01;35:*.webp=01;35:*.ogm=01;35:*.mp4=01;35:*.m4v=01;35:*.mp4v=01;35:*.vob=01;35:*.qt=01;35:*.nuv=01;35:*.wmv=01;35:*.asf=01;35:*.rm=01;35:*.rmvb=01;35:*.flc=01;35:*.avi=01;35:*.fli=01;35:*.flv=01;35:*.gl=01;35:*.dl=01;35:*.xcf=01;35:*.xwd=01;35:*.yuv=01;35:*.cgm=01;35:*.emf=01;35:*.ogv=01;35:*.ogx=01;35:*.aac=00;36:*.au=00;36:*.flac=00;36:*.m4a=00;36:*.mid=00;36:*.midi=00;36:*.mka=00;36:*.mp3=00;36:*.mpc=00;36:*.ogg=00;36:*.ra=00;36:*.wav=00;36:*.oga=00;36:*.opus=00;36:*.spx=00;36:*.xspf=00;36:'), ('GNOME_TERMINAL_SERVICE', ':1.385'), ('SSH_AGENT_LAUNCHER', 'gnome-keyring'), ('SSH_AUTH_SOCK', '/run/user/1000/keyring/ssh'), ('AMENT_PREFIX_PATH', '/home/safal/Desktop/unitreego2nav/install/multirobot_map_merge:/home/safal/Desktop/unitreego2nav/install/go2_nav:/home/safal/Desktop/unitreego2nav/install/explore_lite:/home/safal/Desktop/unitreego2nav/install/explore_lite_msgs:/opt/ros/humble'), ('CONDA_PYTHON_EXE', '/home/safal/miniconda3/bin/python'), ('SHELL', '/bin/bash'), ('LC_NAME', 'bho_NP'), ('QT_ACCESSIBILITY', '1'), ('GDMSESSION', 'ubuntu'), ('LESSCLOSE', '/usr/bin/lesspipe %s %s'), ('LC_MEASUREMENT', 'bho_NP'), ('_CONDA_EXE', '/home/safal/miniconda3/bin/conda'), ('LC_IDENTIFICATION', 'bho_NP'), ('QT_IM_MODULE', 'ibus'), ('PWD', '/home/safal/Desktop/unitreego2nav/build/explore_lite_msgs'), ('LC_ALL', 'en_US.UTF-8'), ('XDG_CONFIG_DIRS', '/etc/xdg/xdg-ubuntu:/etc/xdg'), ('CONDA_EXE', '/home/safal/miniconda3/bin/conda'), ('XDG_DATA_DIRS', '/usr/share/ubuntu:/usr/local/share/:/usr/share/:/var/lib/snapd/desktop'), ('PYTHONPATH', '/home/safal/Desktop/unitreego2nav/install/go2_nav/lib/python3.10/site-packages:/home/safal/Desktop/unitreego2nav/install/explore_lite_msgs/local/lib/python3.10/dist-packages:/opt/ros/humble/lib/python3.10/site-packages:/opt/ros/humble/local/lib/python3.10/dist-packages'), ('LC_NUMERIC', 'bho_NP'), ('LC_PAPER', 'bho_NP'), ('COLCON', '1'), ('VTE_VERSION', '6800'), ('CMAKE_PREFIX_PATH', '/home/safal/Desktop/unitreego2nav/install/multirobot_map_merge:/home/safal/Desktop/unitreego2nav/install/explore_lite:/home/safal/Desktop/unitreego2nav/install/explore_lite_msgs:/home/safal/Desktop/unitreego2nav/install/go2_nav:/opt/ros/humble')]), 'shell': False}
[5.990265] (explore_lite_msgs) StdoutLine: {'line': b'-- Install configuration: ""\n'}
[5.990592] (explore_lite_msgs) StdoutLine: {'line': b'-- Installing: /home/safal/Desktop/unitreego2nav/install/explore_lite_msgs/share/ament_index/resource_index/rosidl_interfaces/explore_lite_msgs\n'}
[5.990754] (explore_lite_msgs) StdoutLine: {'line': b'-- Up-to-date: /home/safal/Desktop/unitreego2nav/install/explore_lite_msgs/include/explore_lite_msgs/explore_lite_msgs\n'}
[5.990885] (explore_lite_msgs) StdoutLine: {'line': b'-- Up-to-date: /home/safal/Desktop/unitreego2nav/install/explore_lite_msgs/include/explore_lite_msgs/explore_lite_msgs/msg\n'}
[5.990981] (explore_lite_msgs) StdoutLine: {'line': b'-- Up-to-date: /home/safal/Desktop/unitreego2nav/install/explore_lite_msgs/include/explore_lite_msgs/explore_lite_msgs/msg/detail\n'}
[5.991095] (explore_lite_msgs) StdoutLine: {'line': b'-- Installing: /home/safal/Desktop/unitreego2nav/install/explore_lite_msgs/include/explore_lite_msgs/explore_lite_msgs/msg/detail/explore_status__type_support.h\n'}
[5.991200] (explore_lite_msgs) StdoutLine: {'line': b'-- Installing: /home/safal/Desktop/unitreego2nav/install/explore_lite_msgs/include/explore_lite_msgs/explore_lite_msgs/msg/detail/explore_status__struct.h\n'}
[5.991362] (explore_lite_msgs) StdoutLine: {'line': b'-- Installing: /home/safal/Desktop/unitreego2nav/install/explore_lite_msgs/include/explore_lite_msgs/explore_lite_msgs/msg/detail/explore_status__functions.h\n'}
[5.991529] (explore_lite_msgs) StdoutLine: {'line': b'-- Installing: /home/safal/Desktop/unitreego2nav/install/explore_lite_msgs/include/explore_lite_msgs/explore_lite_msgs/msg/detail/explore_status__functions.c\n'}
[5.991685] (explore_lite_msgs) StdoutLine: {'line': b'-- Installing: /home/safal/Desktop/unitreego2nav/install/explore_lite_msgs/include/explore_lite_msgs/explore_lite_msgs/msg/rosidl_generator_c__visibility_control.h\n'}
[5.991838] (explore_lite_msgs) StdoutLine: {'line': b'-- Installing: /home/safal/Desktop/unitreego2nav/install/explore_lite_msgs/include/explore_lite_msgs/explore_lite_msgs/msg/explore_status.h\n'}
[5.992127] (explore_lite_msgs) StdoutLine: {'line': b'-- Installing: /home/safal/Desktop/unitreego2nav/install/explore_lite_msgs/share/explore_lite_msgs/environment/library_path.sh\n'}
[5.992426] (explore_lite_msgs) StdoutLine: {'line': b'-- Installing: /home/safal/Desktop/unitreego2nav/install/explore_lite_msgs/share/explore_lite_msgs/environment/library_path.dsv\n'}
[5.992715] (explore_lite_msgs) StdoutLine: {'line': b'-- Installing: /home/safal/Desktop/unitreego2nav/install/explore_lite_msgs/lib/libexplore_lite_msgs__rosidl_generator_c.so\n'}
[5.993186] (explore_lite_msgs) StdoutLine: {'line': b'-- Set non-toolchain portion of runtime path of "/home/safal/Desktop/unitreego2nav/install/explore_lite_msgs/lib/libexplore_lite_msgs__rosidl_generator_c.so" to ""\n'}
[5.993321] (explore_lite_msgs) StdoutLine: {'line': b'-- Up-to-date: /home/safal/Desktop/unitreego2nav/install/explore_lite_msgs/include/explore_lite_msgs/explore_lite_msgs\n'}
[5.993466] (explore_lite_msgs) StdoutLine: {'line': b'-- Up-to-date: /home/safal/Desktop/unitreego2nav/install/explore_lite_msgs/include/explore_lite_msgs/explore_lite_msgs/msg\n'}
[5.993576] (explore_lite_msgs) StdoutLine: {'line': b'-- Up-to-date: /home/safal/Desktop/unitreego2nav/install/explore_lite_msgs/include/explore_lite_msgs/explore_lite_msgs/msg/detail\n'}
[5.993662] (explore_lite_msgs) StdoutLine: {'line': b'-- Installing: /home/safal/Desktop/unitreego2nav/install/explore_lite_msgs/include/explore_lite_msgs/explore_lite_msgs/msg/detail/explore_status__rosidl_typesupport_fastrtps_c.h\n'}
[5.993767] (explore_lite_msgs) StdoutLine: {'line': b'-- Installing: /home/safal/Desktop/unitreego2nav/install/explore_lite_msgs/include/explore_lite_msgs/explore_lite_msgs/msg/rosidl_typesupport_fastrtps_c__visibility_control.h\n'}
[5.993913] (explore_lite_msgs) StdoutLine: {'line': b'-- Installing: /home/safal/Desktop/unitreego2nav/install/explore_lite_msgs/lib/libexplore_lite_msgs__rosidl_typesupport_fastrtps_c.so\n'}
[5.994404] (explore_lite_msgs) StdoutLine: {'line': b'-- Set non-toolchain portion of runtime path of "/home/safal/Desktop/unitreego2nav/install/explore_lite_msgs/lib/libexplore_lite_msgs__rosidl_typesupport_fastrtps_c.so" to ""\n'}
[5.994519] (explore_lite_msgs) StdoutLine: {'line': b'-- Up-to-date: /home/safal/Desktop/unitreego2nav/install/explore_lite_msgs/include/explore_lite_msgs/explore_lite_msgs\n'}
[5.994637] (explore_lite_msgs) StdoutLine: {'line': b'-- Up-to-date: /home/safal/Desktop/unitreego2nav/install/explore_lite_msgs/include/explore_lite_msgs/explore_lite_msgs/msg\n'}
[5.994725] (explore_lite_msgs) StdoutLine: {'line': b'-- Installing: /home/safal/Desktop/unitreego2nav/install/explore_lite_msgs/include/explore_lite_msgs/explore_lite_msgs/msg/rosidl_typesupport_introspection_c__visibility_control.h\n'}
[5.994829] (explore_lite_msgs) StdoutLine: {'line': b'-- Up-to-date: /home/safal/Desktop/unitreego2nav/install/explore_lite_msgs/include/explore_lite_msgs/explore_lite_msgs/msg/detail\n'}
[5.994959] (explore_lite_msgs) StdoutLine: {'line': b'-- Installing: /home/safal/Desktop/unitreego2nav/install/explore_lite_msgs/include/explore_lite_msgs/explore_lite_msgs/msg/detail/explore_status__rosidl_typesupport_introspection_c.h\n'}
[5.995105] (explore_lite_msgs) StdoutLine: {'line': b'-- Installing: /home/safal/Desktop/unitreego2nav/install/explore_lite_msgs/include/explore_lite_msgs/explore_lite_msgs/msg/detail/explore_status__type_support.c\n'}
[5.995326] (explore_lite_msgs) StdoutLine: {'line': b'-- Installing: /home/safal/Desktop/unitreego2nav/install/explore_lite_msgs/lib/libexplore_lite_msgs__rosidl_typesupport_introspection_c.so\n'}
[5.995757] (explore_lite_msgs) StdoutLine: {'line': b'-- Set non-toolchain portion of runtime path of "/home/safal/Desktop/unitreego2nav/install/explore_lite_msgs/lib/libexplore_lite_msgs__rosidl_typesupport_introspection_c.so" to ""\n'}
[5.995901] (explore_lite_msgs) StdoutLine: {'line': b'-- Installing: /home/safal/Desktop/unitreego2nav/install/explore_lite_msgs/lib/libexplore_lite_msgs__rosidl_typesupport_c.so\n'}
[5.996325] (explore_lite_msgs) StdoutLine: {'line': b'-- Set non-toolchain portion of runtime path of "/home/safal/Desktop/unitreego2nav/install/explore_lite_msgs/lib/libexplore_lite_msgs__rosidl_typesupport_c.so" to ""\n'}
[5.996473] (explore_lite_msgs) StdoutLine: {'line': b'-- Up-to-date: /home/safal/Desktop/unitreego2nav/install/explore_lite_msgs/include/explore_lite_msgs/explore_lite_msgs\n'}
[5.996637] (explore_lite_msgs) StdoutLine: {'line': b'-- Up-to-date: /home/safal/Desktop/unitreego2nav/install/explore_lite_msgs/include/explore_lite_msgs/explore_lite_msgs/msg\n'}
[5.996823] (explore_lite_msgs) StdoutLine: {'line': b'-- Installing: /home/safal/Desktop/unitreego2nav/install/explore_lite_msgs/include/explore_lite_msgs/explore_lite_msgs/msg/rosidl_generator_cpp__visibility_control.hpp\n'}
[5.996939] (explore_lite_msgs) StdoutLine: {'line': b'-- Up-to-date: /home/safal/Desktop/unitreego2nav/install/explore_lite_msgs/include/explore_lite_msgs/explore_lite_msgs/msg/detail\n'}
[5.997088] (explore_lite_msgs) StdoutLine: {'line': b'-- Installing: /home/safal/Desktop/unitreego2nav/install/explore_lite_msgs/include/explore_lite_msgs/explore_lite_msgs/msg/detail/explore_status__traits.hpp\n'}
[5.997242] (explore_lite_msgs) StdoutLine: {'line': b'-- Installing: /home/safal/Desktop/unitreego2nav/install/explore_lite_msgs/include/explore_lite_msgs/explore_lite_msgs/msg/detail/explore_status__struct.hpp\n'}
[5.997406] (explore_lite_msgs) StdoutLine: {'line': b'-- Installing: /home/safal/Desktop/unitreego2nav/install/explore_lite_msgs/include/explore_lite_msgs/explore_lite_msgs/msg/detail/explore_status__type_support.hpp\n'}
[5.997503] (explore_lite_msgs) StdoutLine: {'line': b'-- Installing: /home/safal/Desktop/unitreego2nav/install/explore_lite_msgs/include/explore_lite_msgs/explore_lite_msgs/msg/detail/explore_status__builder.hpp\n'}
[5.997652] (explore_lite_msgs) StdoutLine: {'line': b'-- Installing: /home/safal/Desktop/unitreego2nav/install/explore_lite_msgs/include/explore_lite_msgs/explore_lite_msgs/msg/explore_status.hpp\n'}
[5.997801] (explore_lite_msgs) StdoutLine: {'line': b'-- Up-to-date: /home/safal/Desktop/unitreego2nav/install/explore_lite_msgs/include/explore_lite_msgs/explore_lite_msgs\n'}
[5.997955] (explore_lite_msgs) StdoutLine: {'line': b'-- Up-to-date: /home/safal/Desktop/unitreego2nav/install/explore_lite_msgs/include/explore_lite_msgs/explore_lite_msgs/msg\n'}
[5.998120] (explore_lite_msgs) StdoutLine: {'line': b'-- Up-to-date: /home/safal/Desktop/unitreego2nav/install/explore_lite_msgs/include/explore_lite_msgs/explore_lite_msgs/msg/detail\n'}
[5.998236] (explore_lite_msgs) StdoutLine: {'line': b'-- Installing: /home/safal/Desktop/unitreego2nav/install/explore_lite_msgs/include/explore_lite_msgs/explore_lite_msgs/msg/detail/explore_status__rosidl_typesupport_fastrtps_cpp.hpp\n'}
[5.998384] (explore_lite_msgs) StdoutLine: {'line': b'-- Up-to-date: /home/safal/Desktop/unitreego2nav/install/explore_lite_msgs/include/explore_lite_msgs/explore_lite_msgs/msg/detail/dds_fastrtps\n'}
[5.998521] (explore_lite_msgs) StdoutLine: {'line': b'-- Installing: /home/safal/Desktop/unitreego2nav/install/explore_lite_msgs/include/explore_lite_msgs/explore_lite_msgs/msg/rosidl_typesupport_fastrtps_cpp__visibility_control.h\n'}
[5.998616] (explore_lite_msgs) StdoutLine: {'line': b'-- Installing: /home/safal/Desktop/unitreego2nav/install/explore_lite_msgs/lib/libexplore_lite_msgs__rosidl_typesupport_fastrtps_cpp.so\n'}
[5.999022] (explore_lite_msgs) StdoutLine: {'line': b'-- Set non-toolchain portion of runtime path of "/home/safal/Desktop/unitreego2nav/install/explore_lite_msgs/lib/libexplore_lite_msgs__rosidl_typesupport_fastrtps_cpp.so" to ""\n'}
[5.999174] (explore_lite_msgs) StdoutLine: {'line': b'-- Up-to-date: /home/safal/Desktop/unitreego2nav/install/explore_lite_msgs/include/explore_lite_msgs/explore_lite_msgs\n'}
[5.999275] (explore_lite_msgs) StdoutLine: {'line': b'-- Up-to-date: /home/safal/Desktop/unitreego2nav/install/explore_lite_msgs/include/explore_lite_msgs/explore_lite_msgs/msg\n'}
[5.999433] (explore_lite_msgs) StdoutLine: {'line': b'-- Up-to-date: /home/safal/Desktop/unitreego2nav/install/explore_lite_msgs/include/explore_lite_msgs/explore_lite_msgs/msg/detail\n'}
[5.999556] (explore_lite_msgs) StdoutLine: {'line': b'-- Installing: /home/safal/Desktop/unitreego2nav/install/explore_lite_msgs/include/explore_lite_msgs/explore_lite_msgs/msg/detail/explore_status__type_support.cpp\n'}
[5.999648] (explore_lite_msgs) StdoutLine: {'line': b'-- Installing: /home/safal/Desktop/unitreego2nav/install/explore_lite_msgs/include/explore_lite_msgs/explore_lite_msgs/msg/detail/explore_status__rosidl_typesupport_introspection_cpp.hpp\n'}
[5.999765] (explore_lite_msgs) StdoutLine: {'line': b'-- Installing: /home/safal/Desktop/unitreego2nav/install/explore_lite_msgs/lib/libexplore_lite_msgs__rosidl_typesupport_introspection_cpp.so\n'}
[6.000199] (explore_lite_msgs) StdoutLine: {'line': b'-- Set non-toolchain portion of runtime path of "/home/safal/Desktop/unitreego2nav/install/explore_lite_msgs/lib/libexplore_lite_msgs__rosidl_typesupport_introspection_cpp.so" to ""\n'}
[6.000348] (explore_lite_msgs) StdoutLine: {'line': b'-- Installing: /home/safal/Desktop/unitreego2nav/install/explore_lite_msgs/lib/libexplore_lite_msgs__rosidl_typesupport_cpp.so\n'}
[6.000780] (explore_lite_msgs) StdoutLine: {'line': b'-- Set non-toolchain portion of runtime path of "/home/safal/Desktop/unitreego2nav/install/explore_lite_msgs/lib/libexplore_lite_msgs__rosidl_typesupport_cpp.so" to ""\n'}
[6.000917] (explore_lite_msgs) StdoutLine: {'line': b'-- Installing: /home/safal/Desktop/unitreego2nav/install/explore_lite_msgs/share/explore_lite_msgs/environment/pythonpath.sh\n'}
[6.001133] (explore_lite_msgs) StdoutLine: {'line': b'-- Installing: /home/safal/Desktop/unitreego2nav/install/explore_lite_msgs/share/explore_lite_msgs/environment/pythonpath.dsv\n'}
[6.001367] (explore_lite_msgs) StdoutLine: {'line': b'-- Installing: /home/safal/Desktop/unitreego2nav/install/explore_lite_msgs/local/lib/python3.10/dist-packages/explore_lite_msgs-1.0.0-py3.10.egg-info\n'}
[6.001665] (explore_lite_msgs) StdoutLine: {'line': b'-- Installing: /home/safal/Desktop/unitreego2nav/install/explore_lite_msgs/local/lib/python3.10/dist-packages/explore_lite_msgs-1.0.0-py3.10.egg-info/SOURCES.txt\n'}
[6.001881] (explore_lite_msgs) StdoutLine: {'line': b'-- Installing: /home/safal/Desktop/unitreego2nav/install/explore_lite_msgs/local/lib/python3.10/dist-packages/explore_lite_msgs-1.0.0-py3.10.egg-info/dependency_links.txt\n'}
[6.002059] (explore_lite_msgs) StdoutLine: {'line': b'-- Installing: /home/safal/Desktop/unitreego2nav/install/explore_lite_msgs/local/lib/python3.10/dist-packages/explore_lite_msgs-1.0.0-py3.10.egg-info/top_level.txt\n'}
[6.002234] (explore_lite_msgs) StdoutLine: {'line': b'-- Installing: /home/safal/Desktop/unitreego2nav/install/explore_lite_msgs/local/lib/python3.10/dist-packages/explore_lite_msgs-1.0.0-py3.10.egg-info/PKG-INFO\n'}
[6.002463] (explore_lite_msgs) StdoutLine: {'line': b'-- Installing: /home/safal/Desktop/unitreego2nav/install/explore_lite_msgs/local/lib/python3.10/dist-packages/explore_lite_msgs\n'}
[6.002664] (explore_lite_msgs) StdoutLine: {'line': b'-- Installing: /home/safal/Desktop/unitreego2nav/install/explore_lite_msgs/local/lib/python3.10/dist-packages/explore_lite_msgs/explore_lite_msgs_s__rosidl_typesupport_introspection_c.cpython-310-x86_64-linux-gnu.so\n'}
[6.002847] (explore_lite_msgs) StdoutLine: {'line': b'-- Installing: /home/safal/Desktop/unitreego2nav/install/explore_lite_msgs/local/lib/python3.10/dist-packages/explore_lite_msgs/msg\n'}
[6.003004] (explore_lite_msgs) StdoutLine: {'line': b'-- Installing: /home/safal/Desktop/unitreego2nav/install/explore_lite_msgs/local/lib/python3.10/dist-packages/explore_lite_msgs/msg/__init__.py\n'}
[6.003100] (explore_lite_msgs) StdoutLine: {'line': b'-- Installing: /home/safal/Desktop/unitreego2nav/install/explore_lite_msgs/local/lib/python3.10/dist-packages/explore_lite_msgs/msg/_explore_status.py\n'}
[6.003202] (explore_lite_msgs) StdoutLine: {'line': b'-- Installing: /home/safal/Desktop/unitreego2nav/install/explore_lite_msgs/local/lib/python3.10/dist-packages/explore_lite_msgs/msg/_explore_status_s.c\n'}
[6.003321] (explore_lite_msgs) StdoutLine: {'line': b'-- Installing: /home/safal/Desktop/unitreego2nav/install/explore_lite_msgs/local/lib/python3.10/dist-packages/explore_lite_msgs/explore_lite_msgs_s__rosidl_typesupport_c.cpython-310-x86_64-linux-gnu.so\n'}
[6.003453] (explore_lite_msgs) StdoutLine: {'line': b'-- Installing: /home/safal/Desktop/unitreego2nav/install/explore_lite_msgs/local/lib/python3.10/dist-packages/explore_lite_msgs/__init__.py\n'}
[6.003620] (explore_lite_msgs) StdoutLine: {'line': b'-- Installing: /home/safal/Desktop/unitreego2nav/install/explore_lite_msgs/local/lib/python3.10/dist-packages/explore_lite_msgs/libexplore_lite_msgs__rosidl_generator_py.so\n'}
[6.003793] (explore_lite_msgs) StdoutLine: {'line': b'-- Installing: /home/safal/Desktop/unitreego2nav/install/explore_lite_msgs/local/lib/python3.10/dist-packages/explore_lite_msgs/explore_lite_msgs_s__rosidl_typesupport_fastrtps_c.cpython-310-x86_64-linux-gnu.so\n'}
[6.003966] (explore_lite_msgs) StdoutLine: {'line': b'-- Installing: /home/safal/Desktop/unitreego2nav/install/explore_lite_msgs/local/lib/python3.10/dist-packages/explore_lite_msgs/_explore_lite_msgs_s.ep.rosidl_typesupport_fastrtps_c.c\n'}
[6.004125] (explore_lite_msgs) StdoutLine: {'line': b'-- Installing: /home/safal/Desktop/unitreego2nav/install/explore_lite_msgs/local/lib/python3.10/dist-packages/explore_lite_msgs/_explore_lite_msgs_s.ep.rosidl_typesupport_introspection_c.c\n'}
[6.004319] (explore_lite_msgs) StdoutLine: {'line': b'-- Installing: /home/safal/Desktop/unitreego2nav/install/explore_lite_msgs/local/lib/python3.10/dist-packages/explore_lite_msgs/_explore_lite_msgs_s.ep.rosidl_typesupport_c.c\n'}
[6.012247] (-) TimerEvent: {}
[6.046423] (explore_lite_msgs) StdoutLine: {'line': b"Listing '/home/safal/Desktop/unitreego2nav/install/explore_lite_msgs/local/lib/python3.10/dist-packages/explore_lite_msgs'...\n"}
[6.046628] (explore_lite_msgs) StdoutLine: {'line': b"Compiling '/home/safal/Desktop/unitreego2nav/install/explore_lite_msgs/local/lib/python3.10/dist-packages/explore_lite_msgs/__init__.py'...\n"}
[6.046729] (explore_lite_msgs) StdoutLine: {'line': b"Listing '/home/safal/Desktop/unitreego2nav/install/explore_lite_msgs/local/lib/python3.10/dist-packages/explore_lite_msgs/msg'...\n"}
[6.046814] (explore_lite_msgs) StdoutLine: {'line': b"Compiling '/home/safal/Desktop/unitreego2nav/install/explore_lite_msgs/local/lib/python3.10/dist-packages/explore_lite_msgs/msg/__init__.py'...\n"}
[6.046894] (explore_lite_msgs) StdoutLine: {'line': b"Compiling '/home/safal/Desktop/unitreego2nav/install/explore_lite_msgs/local/lib/python3.10/dist-packages/explore_lite_msgs/msg/_explore_status.py'...\n"}
[6.052600] (explore_lite_msgs) StdoutLine: {'line': b'-- Installing: /home/safal/Desktop/unitreego2nav/install/explore_lite_msgs/local/lib/python3.10/dist-packages/explore_lite_msgs/explore_lite_msgs_s__rosidl_typesupport_fastrtps_c.cpython-310-x86_64-linux-gnu.so\n'}
[6.053033] (explore_lite_msgs) StdoutLine: {'line': b'-- Set non-toolchain portion of runtime path of "/home/safal/Desktop/unitreego2nav/install/explore_lite_msgs/local/lib/python3.10/dist-packages/explore_lite_msgs/explore_lite_msgs_s__rosidl_typesupport_fastrtps_c.cpython-310-x86_64-linux-gnu.so" to ""\n'}
[6.053265] (explore_lite_msgs) StdoutLine: {'line': b'-- Installing: /home/safal/Desktop/unitreego2nav/install/explore_lite_msgs/local/lib/python3.10/dist-packages/explore_lite_msgs/explore_lite_msgs_s__rosidl_typesupport_introspection_c.cpython-310-x86_64-linux-gnu.so\n'}
[6.053734] (explore_lite_msgs) StdoutLine: {'line': b'-- Set non-toolchain portion of runtime path of "/home/safal/Desktop/unitreego2nav/install/explore_lite_msgs/local/lib/python3.10/dist-packages/explore_lite_msgs/explore_lite_msgs_s__rosidl_typesupport_introspection_c.cpython-310-x86_64-linux-gnu.so" to ""\n'}
[6.053938] (explore_lite_msgs) StdoutLine: {'line': b'-- Installing: /home/safal/Desktop/unitreego2nav/install/explore_lite_msgs/local/lib/python3.10/dist-packages/explore_lite_msgs/explore_lite_msgs_s__rosidl_typesupport_c.cpython-310-x86_64-linux-gnu.so\n'}
[6.054391] (explore_lite_msgs) StdoutLine: {'line': b'-- Set non-toolchain portion of runtime path of "/home/safal/Desktop/unitreego2nav/install/explore_lite_msgs/local/lib/python3.10/dist-packages/explore_lite_msgs/explore_lite_msgs_s__rosidl_typesupport_c.cpython-310-x86_64-linux-gnu.so" to ""\n'}
[6.054677] (explore_lite_msgs) StdoutLine: {'line': b'-- Installing: /home/safal/Desktop/unitreego2nav/install/explore_lite_msgs/lib/libexplore_lite_msgs__rosidl_generator_py.so\n'}
[6.055054] (explore_lite_msgs) StdoutLine: {'line': b'-- Set non-toolchain portion of runtime path of "/home/safal/Desktop/unitreego2nav/install/explore_lite_msgs/lib/libexplore_lite_msgs__rosidl_generator_py.so" to ""\n'}
[6.055269] (explore_lite_msgs) StdoutLine: {'line': b'-- Installing: /home/safal/Desktop/unitreego2nav/install/explore_lite_msgs/share/ament_index/resource_index/rust_packages/explore_lite_msgs\n'}
[6.055484] (explore_lite_msgs) StdoutLine: {'line': b'-- Installing: /home/safal/Desktop/unitreego2nav/install/explore_lite_msgs/share/explore_lite_msgs/rust\n'}
[6.055688] (explore_lite_msgs) StdoutLine: {'line': b'-- Installing: /home/safal/Desktop/unitreego2nav/install/explore_lite_msgs/share/explore_lite_msgs/rust/Cargo.toml\n'}
[6.055910] (explore_lite_msgs) StdoutLine: {'line': b'-- Installing: /home/safal/Desktop/unitreego2nav/install/explore_lite_msgs/share/explore_lite_msgs/rust/src\n'}
[6.056090] (explore_lite_msgs) StdoutLine: {'line': b'-- Installing: /home/safal/Desktop/unitreego2nav/install/explore_lite_msgs/share/explore_lite_msgs/rust/src/msg\n'}
[6.056269] (explore_lite_msgs) StdoutLine: {'line': b'-- Installing: /home/safal/Desktop/unitreego2nav/install/explore_lite_msgs/share/explore_lite_msgs/rust/src/msg/rmw.rs\n'}
[6.056398] (explore_lite_msgs) StdoutLine: {'line': b'-- Installing: /home/safal/Desktop/unitreego2nav/install/explore_lite_msgs/share/explore_lite_msgs/rust/src/lib.rs\n'}
[6.056490] (explore_lite_msgs) StdoutLine: {'line': b'-- Installing: /home/safal/Desktop/unitreego2nav/install/explore_lite_msgs/share/explore_lite_msgs/rust/src/msg.rs\n'}
[6.056591] (explore_lite_msgs) StdoutLine: {'line': b'-- Installing: /home/safal/Desktop/unitreego2nav/install/explore_lite_msgs/share/explore_lite_msgs/rust/build.rs\n'}
[6.056881] (explore_lite_msgs) StdoutLine: {'line': b'-- Installing: /home/safal/Desktop/unitreego2nav/install/explore_lite_msgs/share/explore_lite_msgs/msg/ExploreStatus.idl\n'}
[6.057114] (explore_lite_msgs) StdoutLine: {'line': b'-- Installing: /home/safal/Desktop/unitreego2nav/install/explore_lite_msgs/share/explore_lite_msgs/msg/ExploreStatus.msg\n'}
[6.057453] (explore_lite_msgs) StdoutLine: {'line': b'-- Installing: /home/safal/Desktop/unitreego2nav/install/explore_lite_msgs/share/ament_index/resource_index/package_run_dependencies/explore_lite_msgs\n'}
[6.057663] (explore_lite_msgs) StdoutLine: {'line': b'-- Installing: /home/safal/Desktop/unitreego2nav/install/explore_lite_msgs/share/ament_index/resource_index/parent_prefix_path/explore_lite_msgs\n'}
[6.057855] (explore_lite_msgs) StdoutLine: {'line': b'-- Installing: /home/safal/Desktop/unitreego2nav/install/explore_lite_msgs/share/explore_lite_msgs/environment/ament_prefix_path.sh\n'}
[6.058081] (explore_lite_msgs) StdoutLine: {'line': b'-- Installing: /home/safal/Desktop/unitreego2nav/install/explore_lite_msgs/share/explore_lite_msgs/environment/ament_prefix_path.dsv\n'}
[6.058318] (explore_lite_msgs) StdoutLine: {'line': b'-- Installing: /home/safal/Desktop/unitreego2nav/install/explore_lite_msgs/share/explore_lite_msgs/environment/path.sh\n'}
[6.058607] (explore_lite_msgs) StdoutLine: {'line': b'-- Installing: /home/safal/Desktop/unitreego2nav/install/explore_lite_msgs/share/explore_lite_msgs/environment/path.dsv\n'}
[6.058864] (explore_lite_msgs) StdoutLine: {'line': b'-- Installing: /home/safal/Desktop/unitreego2nav/install/explore_lite_msgs/share/explore_lite_msgs/local_setup.bash\n'}
[6.059087] (explore_lite_msgs) StdoutLine: {'line': b'-- Installing: /home/safal/Desktop/unitreego2nav/install/explore_lite_msgs/share/explore_lite_msgs/local_setup.sh\n'}
[6.059335] (explore_lite_msgs) StdoutLine: {'line': b'-- Installing: /home/safal/Desktop/unitreego2nav/install/explore_lite_msgs/share/explore_lite_msgs/local_setup.zsh\n'}
[6.059598] (explore_lite_msgs) StdoutLine: {'line': b'-- Installing: /home/safal/Desktop/unitreego2nav/install/explore_lite_msgs/share/explore_lite_msgs/local_setup.dsv\n'}
[6.059799] (explore_lite_msgs) StdoutLine: {'line': b'-- Installing: /home/safal/Desktop/unitreego2nav/install/explore_lite_msgs/share/explore_lite_msgs/package.dsv\n'}
[6.060094] (explore_lite_msgs) StdoutLine: {'line': b'-- Installing: /home/safal/Desktop/unitreego2nav/install/explore_lite_msgs/share/ament_index/resource_index/packages/explore_lite_msgs\n'}
[6.060353] (explore_lite_msgs) StdoutLine: {'line': b'-- Installing: /home/safal/Desktop/unitreego2nav/install/explore_lite_msgs/share/explore_lite_msgs/cmake/export_explore_lite_msgs__rosidl_generator_cExport.cmake\n'}
[6.060601] (explore_lite_msgs) StdoutLine: {'line': b'-- Installing: /home/safal/Desktop/unitreego2nav/install/explore_lite_msgs/share/explore_lite_msgs/cmake/export_explore_lite_msgs__rosidl_generator_cExport-noconfig.cmake\n'}
[6.060860] (explore_lite_msgs) StdoutLine: {'line': b'-- Installing: /home/safal/Desktop/unitreego2nav/install/explore_lite_msgs/share/explore_lite_msgs/cmake/export_explore_lite_msgs__rosidl_typesupport_fastrtps_cExport.cmake\n'}
[6.061107] (explore_lite_msgs) StdoutLine: {'line': b'-- Installing: /home/safal/Desktop/unitreego2nav/install/explore_lite_msgs/share/explore_lite_msgs/cmake/export_explore_lite_msgs__rosidl_typesupport_fastrtps_cExport-noconfig.cmake\n'}
[6.061368] (explore_lite_msgs) StdoutLine: {'line': b'-- Installing: /home/safal/Desktop/unitreego2nav/install/explore_lite_msgs/share/explore_lite_msgs/cmake/explore_lite_msgs__rosidl_typesupport_introspection_cExport.cmake\n'}
[6.061612] (explore_lite_msgs) StdoutLine: {'line': b'-- Installing: /home/safal/Desktop/unitreego2nav/install/explore_lite_msgs/share/explore_lite_msgs/cmake/explore_lite_msgs__rosidl_typesupport_introspection_cExport-noconfig.cmake\n'}
[6.061879] (explore_lite_msgs) StdoutLine: {'line': b'-- Installing: /home/safal/Desktop/unitreego2nav/install/explore_lite_msgs/share/explore_lite_msgs/cmake/explore_lite_msgs__rosidl_typesupport_cExport.cmake\n'}
[6.062117] (explore_lite_msgs) StdoutLine: {'line': b'-- Installing: /home/safal/Desktop/unitreego2nav/install/explore_lite_msgs/share/explore_lite_msgs/cmake/explore_lite_msgs__rosidl_typesupport_cExport-noconfig.cmake\n'}
[6.062384] (explore_lite_msgs) StdoutLine: {'line': b'-- Installing: /home/safal/Desktop/unitreego2nav/install/explore_lite_msgs/share/explore_lite_msgs/cmake/export_explore_lite_msgs__rosidl_generator_cppExport.cmake\n'}
[6.062671] (explore_lite_msgs) StdoutLine: {'line': b'-- Installing: /home/safal/Desktop/unitreego2nav/install/explore_lite_msgs/share/explore_lite_msgs/cmake/export_explore_lite_msgs__rosidl_typesupport_fastrtps_cppExport.cmake\n'}
[6.062935] (explore_lite_msgs) StdoutLine: {'line': b'-- Installing: /home/safal/Desktop/unitreego2nav/install/explore_lite_msgs/share/explore_lite_msgs/cmake/export_explore_lite_msgs__rosidl_typesupport_fastrtps_cppExport-noconfig.cmake\n'}
[6.063209] (explore_lite_msgs) StdoutLine: {'line': b'-- Installing: /home/safal/Desktop/unitreego2nav/install/explore_lite_msgs/share/explore_lite_msgs/cmake/explore_lite_msgs__rosidl_typesupport_introspection_cppExport.cmake\n'}
[6.063399] (explore_lite_msgs) StdoutLine: {'line': b'-- Installing: /home/safal/Desktop/unitreego2nav/install/explore_lite_msgs/share/explore_lite_msgs/cmake/explore_lite_msgs__rosidl_typesupport_introspection_cppExport-noconfig.cmake\n'}
[6.063576] (explore_lite_msgs) StdoutLine: {'line': b'-- Installing: /home/safal/Desktop/unitreego2nav/install/explore_lite_msgs/share/explore_lite_msgs/cmake/explore_lite_msgs__rosidl_typesupport_cppExport.cmake\n'}
[6.063745] (explore_lite_msgs) StdoutLine: {'line': b'-- Installing: /home/safal/Desktop/unitreego2nav/install/explore_lite_msgs/share/explore_lite_msgs/cmake/explore_lite_msgs__rosidl_typesupport_cppExport-noconfig.cmake\n'}
[6.063924] (explore_lite_msgs) StdoutLine: {'line': b'-- Installing: /home/safal/Desktop/unitreego2nav/install/explore_lite_msgs/share/explore_lite_msgs/cmake/export_explore_lite_msgs__rosidl_generator_pyExport.cmake\n'}
[6.064087] (explore_lite_msgs) StdoutLine: {'line': b'-- Installing: /home/safal/Desktop/unitreego2nav/install/explore_lite_msgs/share/explore_lite_msgs/cmake/export_explore_lite_msgs__rosidl_generator_pyExport-noconfig.cmake\n'}
[6.064256] (explore_lite_msgs) StdoutLine: {'line': b'-- Installing: /home/safal/Desktop/unitreego2nav/install/explore_lite_msgs/share/explore_lite_msgs/cmake/rosidl_cmake-extras.cmake\n'}
[6.064426] (explore_lite_msgs) StdoutLine: {'line': b'-- Installing: /home/safal/Desktop/unitreego2nav/install/explore_lite_msgs/share/explore_lite_msgs/cmake/ament_cmake_export_include_directories-extras.cmake\n'}
[6.064579] (explore_lite_msgs) StdoutLine: {'line': b'-- Installing: /home/safal/Desktop/unitreego2nav/install/explore_lite_msgs/share/explore_lite_msgs/cmake/ament_cmake_export_libraries-extras.cmake\n'}
[6.064739] (explore_lite_msgs) StdoutLine: {'line': b'-- Installing: /home/safal/Desktop/unitreego2nav/install/explore_lite_msgs/share/explore_lite_msgs/cmake/ament_cmake_export_targets-extras.cmake\n'}
[6.064893] (explore_lite_msgs) StdoutLine: {'line': b'-- Installing: /home/safal/Desktop/unitreego2nav/install/explore_lite_msgs/share/explore_lite_msgs/cmake/rosidl_cmake_export_typesupport_targets-extras.cmake\n'}
[6.065077] (explore_lite_msgs) StdoutLine: {'line': b'-- Installing: /home/safal/Desktop/unitreego2nav/install/explore_lite_msgs/share/explore_lite_msgs/cmake/ament_cmake_export_dependencies-extras.cmake\n'}
[6.065254] (explore_lite_msgs) StdoutLine: {'line': b'-- Installing: /home/safal/Desktop/unitreego2nav/install/explore_lite_msgs/share/explore_lite_msgs/cmake/rosidl_cmake_export_typesupport_libraries-extras.cmake\n'}
[6.065440] (explore_lite_msgs) StdoutLine: {'line': b'-- Installing: /home/safal/Desktop/unitreego2nav/install/explore_lite_msgs/share/explore_lite_msgs/cmake/explore_lite_msgsConfig.cmake\n'}
[6.065571] (explore_lite_msgs) StdoutLine: {'line': b'-- Installing: /home/safal/Desktop/unitreego2nav/install/explore_lite_msgs/share/explore_lite_msgs/cmake/explore_lite_msgsConfig-version.cmake\n'}
[6.065716] (explore_lite_msgs) StdoutLine: {'line': b'-- Installing: /home/safal/Desktop/unitreego2nav/install/explore_lite_msgs/share/explore_lite_msgs/package.xml\n'}
[6.067701] (explore_lite_msgs) CommandEnded: {'returncode': 0}
[6.091331] (explore_lite_msgs) JobEnded: {'identifier': 'explore_lite_msgs', 'rc': 0}
[6.092338] (explore_lite) JobStarted: {'identifier': 'explore_lite'}
[6.101788] (explore_lite) JobProgress: {'identifier': 'explore_lite', 'progress': 'cmake'}
[6.102843] (explore_lite) Command: {'cmd': ['/usr/bin/cmake', '/home/safal/Desktop/unitreego2nav/src/m-explore-ros2/explore', '-DCMAKE_INSTALL_PREFIX=/home/safal/Desktop/unitreego2nav/install/explore_lite'], 'cwd': '/home/safal/Desktop/unitreego2nav/build/explore_lite', 'env': OrderedDict([('LESSOPEN', '| /usr/bin/lesspipe %s'), ('USER', 'safal'), ('LC_TIME', 'bho_NP'), ('XDG_SESSION_TYPE', 'wayland'), ('SHLVL', '1'), ('LD_LIBRARY_PATH', '/home/safal/Desktop/unitreego2nav/install/explore_lite_msgs/lib:/home/safal/Desktop/unitreego2nav/install/multirobot_map_merge/lib:/usr/lib/x86_64-linux-gnu/gazebo-11/plugins:/opt/ros/humble/opt/rviz_ogre_vendor/lib:/opt/ros/humble/lib/x86_64-linux-gnu:/opt/ros/humble/lib'), ('HOME', '/home/safal'), ('CONDA_SHLVL', '0'), ('CYCLONEDDS_URI', '<CycloneDDS><Domain><General><Interfaces><NetworkInterface name="enp4s0" priority="default" multicast="default"/></Interfaces></General></Domain></CycloneDDS>'), ('DESKTOP_SESSION', 'ubuntu'), ('ROS_PYTHON_VERSION', '3'), ('GNOME_SHELL_SESSION_MODE', 'ubuntu'), ('GTK_MODULES', 'gail:atk-bridge'), ('LC_MONETARY', 'bho_NP'), ('SYSTEMD_EXEC_PID', '123838'), ('DBUS_SESSION_BUS_ADDRESS', 'unix:path=/run/user/1000/bus'), ('COLORTERM', 'truecolor'), ('_CE_M', ''), ('_CONDA_ROOT', '/home/safal/miniconda3'), ('IM_CONFIG_PHASE', '1'), ('WAYLAND_DISPLAY', 'wayland-0'), ('COLCON_PREFIX_PATH', '/home/safal/Desktop/unitreego2nav/install'), ('ROS_DISTRO', 'humble'), ('LOGNAME', 'safal'), ('_', '/usr/bin/colcon'), ('ROS_VERSION', '2'), ('XDG_SESSION_CLASS', 'user'), ('USERNAME', 'safal'), ('TERM', 'xterm-256color'), ('GNOME_DESKTOP_SESSION_ID', 'this-is-deprecated'), ('_CE_CONDA', ''), ('ROS_LOCALHOST_ONLY', '0'), ('PATH', '/opt/ros/humble/bin:/home/safal/miniconda3/condabin:/home/safal/.local/bin:/usr/local/sbin:/usr/local/bin:/usr/sbin:/usr/bin:/sbin:/bin:/usr/games:/usr/local/games:/snap/bin:/snap/bin'), ('SESSION_MANAGER', 'local/safal:@/tmp/.ICE-unix/1615,unix/safal:/tmp/.ICE-unix/1615'), ('XDG_MENU_PREFIX', 'gnome-'), ('LC_ADDRESS', 'bho_NP'), ('GNOME_TERMINAL_SCREEN', '/org/gnome/Terminal/screen/915e8a2d_ac6e_4f6f_acca_6760289847ac'), ('GNOME_SETUP_DISPLAY', ':1'), ('COLCON_CMAKE_ARGS', '-DCMAKE_POLICY_VERSION_MINIMUM=3.5'), ('XDG_RUNTIME_DIR', '/run/user/1000'), ('DISPLAY', ':0'), ('LANG', 'en_US.UTF-8'), ('XDG_CURRENT_DESKTOP', 'ubuntu:GNOME'), ('LC_TELEPHONE', 'bho_NP'), ('RMW_IMPLEMENTATION', 'rmw_cyclonedds_cpp'), ('XMODIFIERS', '@im=ibus'), ('XDG_SESSION_DESKTOP', 'ubuntu'), ('XAUTHORITY', '/run/user/1000/.mutter-Xwaylandauth.TNARR3'), ('LS_COLORS', 'rs=0:di=01;34:ln=01;36:mh=00:pi=40;33:so=01;35:do=01;35:bd=40;33;01:cd=40;33;01:or=40;31;01:mi=00:su=37;41:sg=30;43:ca=30;41:tw=30;42:ow=34;42:st=37;44:ex=01;32:*.tar=01;31:*.tgz=01;31:*.arc=01;31:*.arj=01;31:*.taz=01;31:*.lha=01;31:*.lz4=01;31:*.lzh=01;31:*.lzma=01;31:*.tlz=01;31:*.txz=01;31:*.tzo=01;31:*.t7z=01;31:*.zip=01;31:*.z=01;31:*.dz=01;31:*.gz=01;31:*.lrz=01;31:*.lz=01;31:*.lzo=01;31:*.xz=01;31:*.zst=01;31:*.tzst=01;31:*.bz2=01;31:*.bz=01;31:*.tbz=01;31:*.tbz2=01;31:*.tz=01;31:*.deb=01;31:*.rpm=01;31:*.jar=01;31:*.war=01;31:*.ear=01;31:*.sar=01;31:*.rar=01;31:*.alz=01;31:*.ace=01;31:*.zoo=01;31:*.cpio=01;31:*.7z=01;31:*.rz=01;31:*.cab=01;31:*.wim=01;31:*.swm=01;31:*.dwm=01;31:*.esd=01;31:*.jpg=01;35:*.jpeg=01;35:*.mjpg=01;35:*.mjpeg=01;35:*.gif=01;35:*.bmp=01;35:*.pbm=01;35:*.pgm=01;35:*.ppm=01;35:*.tga=01;35:*.xbm=01;35:*.xpm=01;35:*.tif=01;35:*.tiff=01;35:*.png=01;35:*.svg=01;35:*.svgz=01;35:*.mng=01;35:*.pcx=01;35:*.mov=01;35:*.mpg=01;35:*.mpeg=01;35:*.m2v=01;35:*.mkv=01;35:*.webm=01;35:*.webp=01;35:*.ogm=01;35:*.mp4=01;35:*.m4v=01;35:*.mp4v=01;35:*.vob=01;35:*.qt=01;35:*.nuv=01;35:*.wmv=01;35:*.asf=01;35:*.rm=01;35:*.rmvb=01;35:*.flc=01;35:*.avi=01;35:*.fli=01;35:*.flv=01;35:*.gl=01;35:*.dl=01;35:*.xcf=01;35:*.xwd=01;35:*.yuv=01;35:*.cgm=01;35:*.emf=01;35:*.ogv=01;35:*.ogx=01;35:*.aac=00;36:*.au=00;36:*.flac=00;36:*.m4a=00;36:*.mid=00;36:*.midi=00;36:*.mka=00;36:*.mp3=00;36:*.mpc=00;36:*.ogg=00;36:*.ra=00;36:*.wav=00;36:*.oga=00;36:*.opus=00;36:*.spx=00;36:*.xspf=00;36:'), ('GNOME_TERMINAL_SERVICE', ':1.385'), ('SSH_AGENT_LAUNCHER', 'gnome-keyring'), ('SSH_AUTH_SOCK', '/run/user/1000/keyring/ssh'), ('AMENT_PREFIX_PATH', '/home/safal/Desktop/unitreego2nav/install/multirobot_map_merge:/home/safal/Desktop/unitreego2nav/install/go2_nav:/home/safal/Desktop/unitreego2nav/install/explore_lite:/home/safal/Desktop/unitreego2nav/install/explore_lite_msgs:/opt/ros/humble'), ('CONDA_PYTHON_EXE', '/home/safal/miniconda3/bin/python'), ('SHELL', '/bin/bash'), ('LC_NAME', 'bho_NP'), ('QT_ACCESSIBILITY', '1'), ('GDMSESSION', 'ubuntu'), ('LESSCLOSE', '/usr/bin/lesspipe %s %s'), ('LC_MEASUREMENT', 'bho_NP'), ('_CONDA_EXE', '/home/safal/miniconda3/bin/conda'), ('LC_IDENTIFICATION', 'bho_NP'), ('QT_IM_MODULE', 'ibus'), ('PWD', '/home/safal/Desktop/unitreego2nav/build/explore_lite'), ('LC_ALL', 'en_US.UTF-8'), ('XDG_CONFIG_DIRS', '/etc/xdg/xdg-ubuntu:/etc/xdg'), ('CONDA_EXE', '/home/safal/miniconda3/bin/conda'), ('XDG_DATA_DIRS', '/usr/share/ubuntu:/usr/local/share/:/usr/share/:/var/lib/snapd/desktop'), ('PYTHONPATH', '/home/safal/Desktop/unitreego2nav/install/go2_nav/lib/python3.10/site-packages:/home/safal/Desktop/unitreego2nav/install/explore_lite_msgs/local/lib/python3.10/dist-packages:/opt/ros/humble/lib/python3.10/site-packages:/opt/ros/humble/local/lib/python3.10/dist-packages'), ('LC_NUMERIC', 'bho_NP'), ('LC_PAPER', 'bho_NP'), ('COLCON', '1'), ('VTE_VERSION', '6800'), ('CMAKE_PREFIX_PATH', '/home/safal/Desktop/unitreego2nav/install/explore_lite_msgs:/home/safal/Desktop/unitreego2nav/install/multirobot_map_merge:/home/safal/Desktop/unitreego2nav/install/explore_lite:/home/safal/Desktop/unitreego2nav/install/go2_nav:/opt/ros/humble')]), 'shell': False}
[6.108855] (explore_lite) StderrLine: {'line': b'\x1b[0mCMake Deprecation Warning at CMakeLists.txt:1 (cmake_minimum_required):\n'}
[6.109211] (explore_lite) StderrLine: {'line': b'  Compatibility with CMake < 3.10 will be removed from a future version of\n'}
[6.109340] (explore_lite) StderrLine: {'line': b'  CMake.\n'}
[6.109443] (explore_lite) StderrLine: {'line': b'\n'}
[6.109523] (explore_lite) StderrLine: {'line': b'  Update the VERSION argument <min> value.  Or, use the <min>...<max> syntax\n'}
[6.109602] (explore_lite) StderrLine: {'line': b'  to tell CMake that the project requires at least <min> but has been updated\n'}
[6.109681] (explore_lite) StderrLine: {'line': b'  to work with policies introduced by <max> or earlier.\n'}
[6.109759] (explore_lite) StderrLine: {'line': b'\n'}
[6.109835] (explore_lite) StderrLine: {'line': b'\x1b[0m\n'}
[6.112431] (-) TimerEvent: {}
[6.159852] (explore_lite) StdoutLine: {'line': b'-- The C compiler identification is GNU 11.4.0\n'}
[6.212555] (-) TimerEvent: {}
[6.229417] (explore_lite) StdoutLine: {'line': b'-- The CXX compiler identification is GNU 11.4.0\n'}
[6.237479] (explore_lite) StdoutLine: {'line': b'-- Detecting C compiler ABI info\n'}
[6.299399] (explore_lite) StdoutLine: {'line': b'-- Detecting C compiler ABI info - done\n'}
[6.312638] (-) TimerEvent: {}
[6.318309] (explore_lite) StdoutLine: {'line': b'-- Check for working C compiler: /usr/bin/cc - skipped\n'}
[6.318723] (explore_lite) StdoutLine: {'line': b'-- Detecting C compile features\n'}
[6.319283] (explore_lite) StdoutLine: {'line': b'-- Detecting C compile features - done\n'}
[6.331161] (explore_lite) StdoutLine: {'line': b'-- Detecting CXX compiler ABI info\n'}
[6.410280] (explore_lite) StdoutLine: {'line': b'-- Detecting CXX compiler ABI info - done\n'}
[6.412713] (-) TimerEvent: {}
[6.429608] (explore_lite) StdoutLine: {'line': b'-- Check for working CXX compiler: /usr/bin/c++ - skipped\n'}
[6.429970] (explore_lite) StdoutLine: {'line': b'-- Detecting CXX compile features\n'}
[6.430752] (explore_lite) StdoutLine: {'line': b'-- Detecting CXX compile features - done\n'}
[6.436434] (explore_lite) StdoutLine: {'line': b'-- BuilD for ROS2: humble\n'}
[6.439505] (explore_lite) StdoutLine: {'line': b'-- Found ament_cmake: 1.3.14 (/opt/ros/humble/share/ament_cmake/cmake)\n'}
[6.512842] (-) TimerEvent: {}
[6.613177] (-) TimerEvent: {}
[6.629146] (explore_lite) StdoutLine: {'line': b'-- Found Python3: /usr/bin/python3 (found version "3.10.12") found components: Interpreter\n'}
[6.713321] (-) TimerEvent: {}
[6.740146] (explore_lite) StdoutLine: {'line': b'-- Found rclcpp: 16.0.19 (/opt/ros/humble/share/rclcpp/cmake)\n'}
[6.801157] (explore_lite) StdoutLine: {'line': b'-- Found rosidl_generator_c: 3.1.8 (/opt/ros/humble/share/rosidl_generator_c/cmake)\n'}
[6.810025] (explore_lite) StdoutLine: {'line': b'-- Found rosidl_adapter: 3.1.8 (/opt/ros/humble/share/rosidl_adapter/cmake)\n'}
[6.813376] (-) TimerEvent: {}
[6.821173] (explore_lite) StdoutLine: {'line': b'-- Found rosidl_generator_cpp: 3.1.8 (/opt/ros/humble/share/rosidl_generator_cpp/cmake)\n'}
[6.837812] (explore_lite) StdoutLine: {'line': b'-- Using all available rosidl_typesupport_c: rosidl_typesupport_fastrtps_c;rosidl_typesupport_introspection_c\n'}
[6.860926] (explore_lite) StdoutLine: {'line': b'-- Using all available rosidl_typesupport_cpp: rosidl_typesupport_fastrtps_cpp;rosidl_typesupport_introspection_cpp\n'}
[6.913497] (-) TimerEvent: {}
[6.925468] (explore_lite) StdoutLine: {'line': b'-- Found rmw_implementation_cmake: 6.1.2 (/opt/ros/humble/share/rmw_implementation_cmake/cmake)\n'}
[6.930217] (explore_lite) StdoutLine: {'line': b'-- Found rmw_cyclonedds_cpp: 1.3.4 (/opt/ros/humble/share/rmw_cyclonedds_cpp/cmake)\n'}
[6.964842] (explore_lite) StdoutLine: {'line': b"-- Using RMW implementation 'rmw_cyclonedds_cpp' as default\n"}
[6.977078] (explore_lite) StdoutLine: {'line': b'-- Performing Test CMAKE_HAVE_LIBC_PTHREAD\n'}
[7.013606] (-) TimerEvent: {}
[7.045910] (explore_lite) StdoutLine: {'line': b'-- Performing Test CMAKE_HAVE_LIBC_PTHREAD - Success\n'}
[7.047270] (explore_lite) StdoutLine: {'line': b'-- Found Threads: TRUE\n'}
[7.113718] (-) TimerEvent: {}
[7.127694] (explore_lite) StdoutLine: {'line': b'-- Found sensor_msgs: 4.9.1 (/opt/ros/humble/share/sensor_msgs/cmake)\n'}
[7.179107] (explore_lite) StdoutLine: {'line': b'-- Found tf2_ros: 0.25.20 (/opt/ros/humble/share/tf2_ros/cmake)\n'}
[7.213811] (-) TimerEvent: {}
[7.314123] (-) TimerEvent: {}
[7.330966] (explore_lite) StdoutLine: {'line': b'-- Found tf2_geometry_msgs: 0.25.20 (/opt/ros/humble/share/tf2_geometry_msgs/cmake)\n'}
[7.352970] (explore_lite) StdoutLine: {'line': b'-- Found eigen3_cmake_module: 0.1.1 (/opt/ros/humble/share/eigen3_cmake_module/cmake)\n'}
[7.354529] (explore_lite) StdoutLine: {'line': b'-- Found Eigen3: TRUE (found version "3.4.0")\n'}
[7.354912] (explore_lite) StdoutLine: {'line': b'-- Ensuring Eigen3 include directory is part of orocos-kdl CMake target\n'}
[7.369778] (explore_lite) StdoutLine: {'line': b'-- Found nav2_msgs: 1.1.20 (/opt/ros/humble/share/nav2_msgs/cmake)\n'}
[7.414229] (-) TimerEvent: {}
[7.438312] (explore_lite) StdoutLine: {'line': b'-- Found map_msgs: 2.1.0 (/opt/ros/humble/share/map_msgs/cmake)\n'}
[7.470868] (explore_lite) StdoutLine: {'line': b'-- Found visualization_msgs: 4.9.1 (/opt/ros/humble/share/visualization_msgs/cmake)\n'}
[7.509203] (explore_lite) StdoutLine: {'line': b'-- Found nav2_costmap_2d: 1.1.20 (/opt/ros/humble/share/nav2_costmap_2d/cmake)\n'}
[7.514414] (-) TimerEvent: {}
[7.614760] (-) TimerEvent: {}
[7.682235] (multirobot_map_merge) StderrLine: {'line': b'HTTP request sent, awaiting response... 200 OK\n'}
[7.682595] (multirobot_map_merge) StderrLine: {'line': b'Length: 4194362 (4.0M) [application/octet-stream]\n'}
[7.682747] (multirobot_map_merge) StderrLine: {'line': b'Saving to: \xe2\x80\x98/home/safal/Desktop/unitreego2nav/build/multirobot_map_merge/map05.pgm\xe2\x80\x99\n'}
[7.682841] (multirobot_map_merge) StderrLine: {'line': b'\n'}
[7.714840] (-) TimerEvent: {}
[7.718740] (explore_lite) StdoutLine: {'line': b'-- Found explore_lite_msgs: 1.0.0 (/home/safal/Desktop/unitreego2nav/install/explore_lite_msgs/share/explore_lite_msgs/cmake)\n'}
[7.728578] (multirobot_map_merge) StderrLine: {'line': b'     0K .......... .......... .......... .......... ..........  1% 1.06M 4s\n'}
[7.739202] (explore_lite) StdoutLine: {'line': b'-- Found ament_lint_auto: 0.12.15 (/opt/ros/humble/share/ament_lint_auto/cmake)\n'}
[7.768899] (multirobot_map_merge) StderrLine: {'line': b'    50K .......... .......... .......... .......... ..........  2% 1.21M 3s\n'}
[7.786496] (multirobot_map_merge) StderrLine: {'line': b'   100K .......... .......... .......... .......... ..........  3% 2.76M 3s\n'}
[7.808991] (multirobot_map_merge) StderrLine: {'line': b'   150K .......... .......... .......... .......... ..........  4% 2.17M 2s\n'}
[7.814928] (-) TimerEvent: {}
[7.827552] (multirobot_map_merge) StderrLine: {'line': b'   200K .......... .......... .......... .......... ..........  6% 2.63M 2s\n'}
[7.847908] (multirobot_map_merge) StderrLine: {'line': b'   250K .......... .......... .......... .......... ..........  7% 2.40M 2s\n'}
[7.862975] (multirobot_map_merge) StderrLine: {'line': b'   300K .......... .......... .......... .......... ..........  8% 3.24M 2s\n'}
[7.884598] (explore_lite) StdoutLine: {'line': b'-- Found ament_cmake_gtest: 1.3.14 (/opt/ros/humble/share/ament_cmake_gtest/cmake)\n'}
[7.890670] (multirobot_map_merge) StderrLine: {'line': b'   350K .......... .......... .......... .......... ..........  9% 1.77M 2s\n'}
[7.899720] (explore_lite) StdoutLine: {'line': b"-- Found gtest sources under '/opt/ros/humble/src/gtest_vendor': C++ tests using 'Google Test' will be built\n"}
[7.903246] (explore_lite) StderrLine: {'line': b'\x1b[0mCMake Deprecation Warning at /opt/ros/humble/src/gtest_vendor/CMakeLists.txt:2 (cmake_minimum_required):\n'}
[7.903449] (explore_lite) StderrLine: {'line': b'  Compatibility with CMake < 3.10 will be removed from a future version of\n'}
[7.903578] (explore_lite) StderrLine: {'line': b'  CMake.\n'}
[7.903695] (explore_lite) StderrLine: {'line': b'\n'}
[7.903774] (explore_lite) StderrLine: {'line': b'  Update the VERSION argument <min> value.  Or, use the <min>...<max> syntax\n'}
[7.903889] (explore_lite) StderrLine: {'line': b'  to tell CMake that the project requires at least <min> but has been updated\n'}
[7.903965] (explore_lite) StderrLine: {'line': b'  to work with policies introduced by <max> or earlier.\n'}
[7.904042] (explore_lite) StderrLine: {'line': b'\n'}
[7.904118] (explore_lite) StderrLine: {'line': b'\x1b[0m\n'}
[7.905465] (multirobot_map_merge) StderrLine: {'line': b'   400K .......... .......... .......... .......... .......... 10% 3.27M 2s\n'}
[7.913743] (explore_lite) StdoutLine: {'line': b"-- Added test 'cppcheck' to perform static code analysis on C / C++ code\n"}
[7.914099] (explore_lite) StdoutLine: {'line': b'-- Configured cppcheck include dirs: /home/safal/Desktop/unitreego2nav/src/m-explore-ros2/explore/include;$<BUILD_INTERFACE:/home/safal/Desktop/unitreego2nav/src/m-explore-ros2/explore/include>\n'}
[7.914236] (explore_lite) StdoutLine: {'line': b'-- Configured cppcheck exclude dirs and/or files: \n'}
[7.914995] (-) TimerEvent: {}
[7.915219] (explore_lite) StdoutLine: {'line': b"-- Added test 'flake8' to check Python code syntax and style conventions\n"}
[7.916525] (explore_lite) StdoutLine: {'line': b"-- Added test 'lint_cmake' to check CMake code style\n"}
[7.917542] (explore_lite) StdoutLine: {'line': b"-- Added test 'pep257' to check Python code against some of the docstring style conventions in PEP 257\n"}
[7.919693] (explore_lite) StdoutLine: {'line': b"-- Added test 'uncrustify' to check C / C++ code style\n"}
[7.919928] (explore_lite) StdoutLine: {'line': b'-- Configured uncrustify additional arguments: \n'}
[7.920804] (explore_lite) StdoutLine: {'line': b"-- Added test 'xmllint' to check XML markup files\n"}
[7.924132] (explore_lite) StdoutLine: {'line': b'-- Configuring done (1.8s)\n'}
[7.932730] (multirobot_map_merge) StderrLine: {'line': b'   450K .......... .......... .......... .......... .......... 12% 1.79M 2s\n'}
[7.947263] (multirobot_map_merge) StderrLine: {'line': b'   500K .......... .......... .......... .......... .......... 13% 3.37M 2s\n'}
[7.960166] (multirobot_map_merge) StderrLine: {'line': b'   550K .......... .......... .......... .......... .......... 14% 3.77M 2s\n'}
[7.982023] (multirobot_map_merge) StderrLine: {'line': b'   600K .......... .......... .......... .......... .......... 15% 2.24M 2s\n'}
[7.991646] (explore_lite) StdoutLine: {'line': b'-- Generating done (0.1s)\n'}
[7.993937] (multirobot_map_merge) StderrLine: {'line': b'   650K .......... .......... .......... .......... .......... 17% 4.06M 2s\n'}
[8.007018] (multirobot_map_merge) StderrLine: {'line': b'   700K .......... .......... .......... .......... .......... 18% 3.74M 1s\n'}
[8.015128] (-) TimerEvent: {}
[8.022733] (multirobot_map_merge) StderrLine: {'line': b'   750K .......... .......... .......... .......... .......... 19% 3.11M 1s\n'}
[8.037858] (multirobot_map_merge) StderrLine: {'line': b'   800K .......... .......... .......... .......... .......... 20% 3.23M 1s\n'}
[8.056088] (multirobot_map_merge) StderrLine: {'line': b'   850K .......... .......... .......... .......... .......... 21% 2.70M 1s\n'}
[8.066216] (multirobot_map_merge) StderrLine: {'line': b'   900K .......... .......... .......... .......... .......... 23% 4.76M 1s\n'}
[8.087372] (multirobot_map_merge) StderrLine: {'line': b'   950K .......... .......... .......... .......... .......... 24% 2.31M 1s\n'}
[8.093255] (explore_lite) StdoutLine: {'line': b'-- Build files have been written to: /home/safal/Desktop/unitreego2nav/build/explore_lite\n'}
[8.097055] (multirobot_map_merge) StderrLine: {'line': b'  1000K .......... .......... .......... .......... .......... 25% 5.03M 1s\n'}
[8.107239] (multirobot_map_merge) StderrLine: {'line': b'  1050K .......... .......... .......... .......... .......... 26% 4.81M 1s\n'}
[8.108639] (explore_lite) CommandEnded: {'returncode': 0}
[8.109414] (explore_lite) JobProgress: {'identifier': 'explore_lite', 'progress': 'build'}
[8.110047] (explore_lite) Command: {'cmd': ['/usr/bin/cmake', '--build', '/home/safal/Desktop/unitreego2nav/build/explore_lite', '--', '-j8', '-l8'], 'cwd': '/home/safal/Desktop/unitreego2nav/build/explore_lite', 'env': OrderedDict([('LESSOPEN', '| /usr/bin/lesspipe %s'), ('USER', 'safal'), ('LC_TIME', 'bho_NP'), ('XDG_SESSION_TYPE', 'wayland'), ('SHLVL', '1'), ('LD_LIBRARY_PATH', '/home/safal/Desktop/unitreego2nav/install/explore_lite_msgs/lib:/home/safal/Desktop/unitreego2nav/install/multirobot_map_merge/lib:/usr/lib/x86_64-linux-gnu/gazebo-11/plugins:/opt/ros/humble/opt/rviz_ogre_vendor/lib:/opt/ros/humble/lib/x86_64-linux-gnu:/opt/ros/humble/lib'), ('HOME', '/home/safal'), ('CONDA_SHLVL', '0'), ('CYCLONEDDS_URI', '<CycloneDDS><Domain><General><Interfaces><NetworkInterface name="enp4s0" priority="default" multicast="default"/></Interfaces></General></Domain></CycloneDDS>'), ('DESKTOP_SESSION', 'ubuntu'), ('ROS_PYTHON_VERSION', '3'), ('GNOME_SHELL_SESSION_MODE', 'ubuntu'), ('GTK_MODULES', 'gail:atk-bridge'), ('LC_MONETARY', 'bho_NP'), ('SYSTEMD_EXEC_PID', '123838'), ('DBUS_SESSION_BUS_ADDRESS', 'unix:path=/run/user/1000/bus'), ('COLORTERM', 'truecolor'), ('_CE_M', ''), ('_CONDA_ROOT', '/home/safal/miniconda3'), ('IM_CONFIG_PHASE', '1'), ('WAYLAND_DISPLAY', 'wayland-0'), ('COLCON_PREFIX_PATH', '/home/safal/Desktop/unitreego2nav/install'), ('ROS_DISTRO', 'humble'), ('LOGNAME', 'safal'), ('_', '/usr/bin/colcon'), ('ROS_VERSION', '2'), ('XDG_SESSION_CLASS', 'user'), ('USERNAME', 'safal'), ('TERM', 'xterm-256color'), ('GNOME_DESKTOP_SESSION_ID', 'this-is-deprecated'), ('_CE_CONDA', ''), ('ROS_LOCALHOST_ONLY', '0'), ('PATH', '/opt/ros/humble/bin:/home/safal/miniconda3/condabin:/home/safal/.local/bin:/usr/local/sbin:/usr/local/bin:/usr/sbin:/usr/bin:/sbin:/bin:/usr/games:/usr/local/games:/snap/bin:/snap/bin'), ('SESSION_MANAGER', 'local/safal:@/tmp/.ICE-unix/1615,unix/safal:/tmp/.ICE-unix/1615'), ('XDG_MENU_PREFIX', 'gnome-'), ('LC_ADDRESS', 'bho_NP'), ('GNOME_TERMINAL_SCREEN', '/org/gnome/Terminal/screen/915e8a2d_ac6e_4f6f_acca_6760289847ac'), ('GNOME_SETUP_DISPLAY', ':1'), ('COLCON_CMAKE_ARGS', '-DCMAKE_POLICY_VERSION_MINIMUM=3.5'), ('XDG_RUNTIME_DIR', '/run/user/1000'), ('DISPLAY', ':0'), ('LANG', 'en_US.UTF-8'), ('XDG_CURRENT_DESKTOP', 'ubuntu:GNOME'), ('LC_TELEPHONE', 'bho_NP'), ('RMW_IMPLEMENTATION', 'rmw_cyclonedds_cpp'), ('XMODIFIERS', '@im=ibus'), ('XDG_SESSION_DESKTOP', 'ubuntu'), ('XAUTHORITY', '/run/user/1000/.mutter-Xwaylandauth.TNARR3'), ('LS_COLORS', 'rs=0:di=01;34:ln=01;36:mh=00:pi=40;33:so=01;35:do=01;35:bd=40;33;01:cd=40;33;01:or=40;31;01:mi=00:su=37;41:sg=30;43:ca=30;41:tw=30;42:ow=34;42:st=37;44:ex=01;32:*.tar=01;31:*.tgz=01;31:*.arc=01;31:*.arj=01;31:*.taz=01;31:*.lha=01;31:*.lz4=01;31:*.lzh=01;31:*.lzma=01;31:*.tlz=01;31:*.txz=01;31:*.tzo=01;31:*.t7z=01;31:*.zip=01;31:*.z=01;31:*.dz=01;31:*.gz=01;31:*.lrz=01;31:*.lz=01;31:*.lzo=01;31:*.xz=01;31:*.zst=01;31:*.tzst=01;31:*.bz2=01;31:*.bz=01;31:*.tbz=01;31:*.tbz2=01;31:*.tz=01;31:*.deb=01;31:*.rpm=01;31:*.jar=01;31:*.war=01;31:*.ear=01;31:*.sar=01;31:*.rar=01;31:*.alz=01;31:*.ace=01;31:*.zoo=01;31:*.cpio=01;31:*.7z=01;31:*.rz=01;31:*.cab=01;31:*.wim=01;31:*.swm=01;31:*.dwm=01;31:*.esd=01;31:*.jpg=01;35:*.jpeg=01;35:*.mjpg=01;35:*.mjpeg=01;35:*.gif=01;35:*.bmp=01;35:*.pbm=01;35:*.pgm=01;35:*.ppm=01;35:*.tga=01;35:*.xbm=01;35:*.xpm=01;35:*.tif=01;35:*.tiff=01;35:*.png=01;35:*.svg=01;35:*.svgz=01;35:*.mng=01;35:*.pcx=01;35:*.mov=01;35:*.mpg=01;35:*.mpeg=01;35:*.m2v=01;35:*.mkv=01;35:*.webm=01;35:*.webp=01;35:*.ogm=01;35:*.mp4=01;35:*.m4v=01;35:*.mp4v=01;35:*.vob=01;35:*.qt=01;35:*.nuv=01;35:*.wmv=01;35:*.asf=01;35:*.rm=01;35:*.rmvb=01;35:*.flc=01;35:*.avi=01;35:*.fli=01;35:*.flv=01;35:*.gl=01;35:*.dl=01;35:*.xcf=01;35:*.xwd=01;35:*.yuv=01;35:*.cgm=01;35:*.emf=01;35:*.ogv=01;35:*.ogx=01;35:*.aac=00;36:*.au=00;36:*.flac=00;36:*.m4a=00;36:*.mid=00;36:*.midi=00;36:*.mka=00;36:*.mp3=00;36:*.mpc=00;36:*.ogg=00;36:*.ra=00;36:*.wav=00;36:*.oga=00;36:*.opus=00;36:*.spx=00;36:*.xspf=00;36:'), ('GNOME_TERMINAL_SERVICE', ':1.385'), ('SSH_AGENT_LAUNCHER', 'gnome-keyring'), ('SSH_AUTH_SOCK', '/run/user/1000/keyring/ssh'), ('AMENT_PREFIX_PATH', '/home/safal/Desktop/unitreego2nav/install/multirobot_map_merge:/home/safal/Desktop/unitreego2nav/install/go2_nav:/home/safal/Desktop/unitreego2nav/install/explore_lite:/home/safal/Desktop/unitreego2nav/install/explore_lite_msgs:/opt/ros/humble'), ('CONDA_PYTHON_EXE', '/home/safal/miniconda3/bin/python'), ('SHELL', '/bin/bash'), ('LC_NAME', 'bho_NP'), ('QT_ACCESSIBILITY', '1'), ('GDMSESSION', 'ubuntu'), ('LESSCLOSE', '/usr/bin/lesspipe %s %s'), ('LC_MEASUREMENT', 'bho_NP'), ('_CONDA_EXE', '/home/safal/miniconda3/bin/conda'), ('LC_IDENTIFICATION', 'bho_NP'), ('QT_IM_MODULE', 'ibus'), ('PWD', '/home/safal/Desktop/unitreego2nav/build/explore_lite'), ('LC_ALL', 'en_US.UTF-8'), ('XDG_CONFIG_DIRS', '/etc/xdg/xdg-ubuntu:/etc/xdg'), ('CONDA_EXE', '/home/safal/miniconda3/bin/conda'), ('XDG_DATA_DIRS', '/usr/share/ubuntu:/usr/local/share/:/usr/share/:/var/lib/snapd/desktop'), ('PYTHONPATH', '/home/safal/Desktop/unitreego2nav/install/go2_nav/lib/python3.10/site-packages:/home/safal/Desktop/unitreego2nav/install/explore_lite_msgs/local/lib/python3.10/dist-packages:/opt/ros/humble/lib/python3.10/site-packages:/opt/ros/humble/local/lib/python3.10/dist-packages'), ('LC_NUMERIC', 'bho_NP'), ('LC_PAPER', 'bho_NP'), ('COLCON', '1'), ('VTE_VERSION', '6800'), ('CMAKE_PREFIX_PATH', '/home/safal/Desktop/unitreego2nav/install/explore_lite_msgs:/home/safal/Desktop/unitreego2nav/install/multirobot_map_merge:/home/safal/Desktop/unitreego2nav/install/explore_lite:/home/safal/Desktop/unitreego2nav/install/go2_nav:/opt/ros/humble')]), 'shell': False}
[8.115202] (-) TimerEvent: {}
[8.130933] (multirobot_map_merge) StderrLine: {'line': b'  1100K .......... .......... .......... .......... .......... 28% 2.06M 1s\n'}
[8.140360] (multirobot_map_merge) StderrLine: {'line': b'  1150K .......... .......... .......... .......... .......... 29% 5.20M 1s\n'}
[8.148415] (explore_lite) StdoutLine: {'line': b'[ 20%] \x1b[32mBuilding CXX object gtest/CMakeFiles/gtest.dir/src/gtest-all.cc.o\x1b[0m\n'}
[8.148718] (explore_lite) StdoutLine: {'line': b'[ 20%] \x1b[32mBuilding CXX object gtest/CMakeFiles/gtest_main.dir/src/gtest_main.cc.o\x1b[0m\n'}
[8.149832] (explore_lite) StdoutLine: {'line': b'[ 40%] \x1b[32mBuilding CXX object CMakeFiles/explore.dir/src/explore.cpp.o\x1b[0m\n'}
[8.150218] (explore_lite) StdoutLine: {'line': b'[ 40%] \x1b[32mBuilding CXX object CMakeFiles/explore.dir/src/costmap_client.cpp.o\x1b[0m\n'}
[8.151364] (multirobot_map_merge) StderrLine: {'line': b'  1200K .......... .......... .......... .......... .......... 30% 4.45M 1s\n'}
[8.153089] (explore_lite) StdoutLine: {'line': b'[ 50%] \x1b[32mBuilding CXX object CMakeFiles/explore.dir/src/frontier_search.cpp.o\x1b[0m\n'}
[8.173700] (multirobot_map_merge) StderrLine: {'line': b'  1250K .......... .......... .......... .......... .......... 31% 2.19M 1s\n'}
[8.182564] (multirobot_map_merge) StderrLine: {'line': b'  1300K .......... .......... .......... .......... .......... 32% 5.44M 1s\n'}
[8.193033] (multirobot_map_merge) StderrLine: {'line': b'  1350K .......... .......... .......... .......... .......... 34% 4.67M 1s\n'}
[8.209486] (multirobot_map_merge) StderrLine: {'line': b'  1400K .......... .......... .......... .......... .......... 35% 3.07M 1s\n'}
[8.215307] (-) TimerEvent: {}
[8.219680] (multirobot_map_merge) StderrLine: {'line': b'  1450K .......... .......... .......... .......... .......... 36% 4.54M 1s\n'}
[8.230536] (multirobot_map_merge) StderrLine: {'line': b'  1500K .......... .......... .......... .......... .......... 37% 4.51M 1s\n'}
[8.246039] (multirobot_map_merge) StderrLine: {'line': b'  1550K .......... .......... .......... .......... .......... 39% 3.20M 1s\n'}
[8.253949] (multirobot_map_merge) StderrLine: {'line': b'  1600K .......... .......... .......... .......... .......... 40% 7.21M 1s\n'}
[8.264108] (multirobot_map_merge) StderrLine: {'line': b'  1650K .......... .......... .......... .......... .......... 41% 4.23M 1s\n'}
[8.279578] (multirobot_map_merge) StderrLine: {'line': b'  1700K .......... .......... .......... .......... .......... 42% 3.15M 1s\n'}
[8.290595] (multirobot_map_merge) StderrLine: {'line': b'  1750K .......... .......... .......... .......... .......... 43% 4.50M 1s\n'}
[8.298859] (multirobot_map_merge) StderrLine: {'line': b'  1800K .......... .......... .......... .......... .......... 45% 6.76M 1s\n'}
[8.314682] (multirobot_map_merge) StderrLine: {'line': b'  1850K .......... .......... .......... .......... .......... 46% 2.88M 1s\n'}
[8.315334] (-) TimerEvent: {}
[8.323865] (multirobot_map_merge) StderrLine: {'line': b'  1900K .......... .......... .......... .......... .......... 47% 5.31M 1s\n'}
[8.333174] (multirobot_map_merge) StderrLine: {'line': b'  1950K .......... .......... .......... .......... .......... 48% 5.24M 1s\n'}
[8.351076] (multirobot_map_merge) StderrLine: {'line': b'  2000K .......... .......... .......... .......... .......... 50% 3.42M 1s\n'}
[8.361447] (multirobot_map_merge) StderrLine: {'line': b'  2050K .......... .......... .......... .......... .......... 51% 3.94M 1s\n'}
[8.369163] (multirobot_map_merge) StderrLine: {'line': b'  2100K .......... .......... .......... .......... .......... 52% 6.19M 1s\n'}
[8.373680] (multirobot_map_merge) StderrLine: {'line': b'  2150K .......... .......... .......... .......... .......... 53% 8.27M 1s\n'}
[8.391351] (multirobot_map_merge) StderrLine: {'line': b'  2200K .......... .......... .......... .......... .......... 54% 3.05M 1s\n'}
[8.402445] (multirobot_map_merge) StderrLine: {'line': b'  2250K .......... .......... .......... .......... .......... 56% 4.73M 1s\n'}
[8.408370] (multirobot_map_merge) StderrLine: {'line': b'  2300K .......... .......... .......... .......... .......... 57% 9.88M 1s\n'}
[8.413197] (multirobot_map_merge) StderrLine: {'line': b'  2350K .......... .......... .......... .......... .......... 58% 5.96M 1s\n'}
[8.415433] (-) TimerEvent: {}
[8.428779] (multirobot_map_merge) StderrLine: {'line': b'  2400K .......... .......... .......... .......... .......... 59% 3.77M 0s\n'}
[8.441265] (multirobot_map_merge) StderrLine: {'line': b'  2450K .......... .......... .......... .......... .......... 61% 3.27M 0s\n'}
[8.448306] (multirobot_map_merge) StderrLine: {'line': b'  2500K .......... .......... .......... .......... .......... 62% 7.11M 0s\n'}
[8.453613] (multirobot_map_merge) StderrLine: {'line': b'  2550K .......... .......... .......... .......... .......... 63% 8.62M 0s\n'}
[8.460808] (multirobot_map_merge) StderrLine: {'line': b'  2600K .......... .......... .......... .......... .......... 64% 6.94M 0s\n'}
[8.468255] (multirobot_map_merge) StderrLine: {'line': b'  2650K .......... .......... .......... .......... .......... 65% 6.34M 0s\n'}
[8.486075] (multirobot_map_merge) StderrLine: {'line': b'  2700K .......... .......... .......... .......... .......... 67% 2.75M 0s\n'}
[8.496442] (multirobot_map_merge) StderrLine: {'line': b'  2750K .......... .......... .......... .......... .......... 68% 8.51M 0s\n'}
[8.500238] (multirobot_map_merge) StderrLine: {'line': b'  2800K .......... .......... .......... .......... .......... 69% 5.81M 0s\n'}
[8.505148] (multirobot_map_merge) StderrLine: {'line': b'  2850K .......... .......... .......... .......... .......... 70% 10.2M 0s\n'}
[8.515549] (-) TimerEvent: {}
[8.527962] (multirobot_map_merge) StderrLine: {'line': b'  2900K .......... .......... .......... .......... .......... 72% 2.16M 0s\n'}
[8.534158] (multirobot_map_merge) StderrLine: {'line': b'  2950K .......... .......... .......... .......... .......... 73% 7.84M 0s\n'}
[8.541928] (multirobot_map_merge) StderrLine: {'line': b'  3000K .......... .......... .......... .......... .......... 74% 6.55M 0s\n'}
[8.544146] (multirobot_map_merge) StderrLine: {'line': b'  3050K .......... .......... .......... .......... .......... 75% 17.7M 0s\n'}
[8.549724] (multirobot_map_merge) StderrLine: {'line': b'  3100K .......... .......... .......... .......... .......... 76% 8.72M 0s\n'}
[8.565888] (multirobot_map_merge) StderrLine: {'line': b'  3150K .......... .......... .......... .......... .......... 78% 3.15M 0s\n'}
[8.587400] (multirobot_map_merge) StderrLine: {'line': b'  3200K .......... .......... .......... .......... .......... 79% 3.04M 0s\n'}
[8.597366] (multirobot_map_merge) StderrLine: {'line': b'  3250K .......... .......... .......... .......... .......... 80% 6.79M 0s\n'}
[8.597678] (multirobot_map_merge) StderrLine: {'line': b'  3300K .......... .......... .......... .......... .......... 81% 10.4M 0s\n'}
[8.604364] (multirobot_map_merge) StderrLine: {'line': b'  3350K .......... .......... .......... .......... .......... 83% 6.37M 0s\n'}
[8.607905] (multirobot_map_merge) StderrLine: {'line': b'  3400K .......... .......... .......... .......... .......... 84% 15.4M 0s\n'}
[8.615651] (-) TimerEvent: {}
[8.617578] (multirobot_map_merge) StderrLine: {'line': b'  3450K .......... .......... .......... .......... .......... 85% 3.57M 0s\n'}
[8.620689] (multirobot_map_merge) StderrLine: {'line': b'  3500K .......... .......... .......... .......... .......... 86% 16.2M 0s\n'}
[8.630131] (multirobot_map_merge) StderrLine: {'line': b'  3550K .......... .......... .......... .......... .......... 87% 5.23M 0s\n'}
[8.636483] (multirobot_map_merge) StderrLine: {'line': b'  3600K .......... .......... .......... .......... .......... 89% 8.25M 0s\n'}
[8.646484] (multirobot_map_merge) StderrLine: {'line': b'  3650K .......... .......... .......... .......... .......... 90% 6.86M 0s\n'}
[8.653356] (multirobot_map_merge) StderrLine: {'line': b'  3700K .......... .......... .......... .......... .......... 91% 4.78M 0s\n'}
[8.658540] (multirobot_map_merge) StderrLine: {'line': b'  3750K .......... .......... .......... .......... .......... 92% 9.53M 0s\n'}
[8.665600] (multirobot_map_merge) StderrLine: {'line': b'  3800K .......... .......... .......... .......... .......... 93% 6.83M 0s\n'}
[8.670960] (multirobot_map_merge) StderrLine: {'line': b'  3850K .......... .......... .......... .......... .......... 95% 8.92M 0s\n'}
[8.676678] (multirobot_map_merge) StderrLine: {'line': b'  3900K .......... .......... .......... .......... .......... 96% 8.85M 0s\n'}
[8.690620] (multirobot_map_merge) StderrLine: {'line': b'  3950K .......... .......... .......... .......... .......... 97% 11.0M 0s\n'}
[8.693248] (multirobot_map_merge) StderrLine: {'line': b'  4000K .......... .......... .......... .......... .......... 98% 3.99M 0s\n'}
[8.700728] (multirobot_map_merge) StdoutLine: {'line': b'Checking MD5 sum of /home/safal/Desktop/unitreego2nav/build/multirobot_map_merge/map05.pgm\n'}
[8.701072] (multirobot_map_merge) StderrLine: {'line': b'  4050K .......... .......... .......... .......... ......    100% 7.59M=1.0s\n'}
[8.701235] (multirobot_map_merge) StderrLine: {'line': b'\n'}
[8.701405] (multirobot_map_merge) StderrLine: {'line': b'2026-07-01 19:02:22 (3.93 MB/s) - \xe2\x80\x98/home/safal/Desktop/unitreego2nav/build/multirobot_map_merge/map05.pgm\xe2\x80\x99 saved [4194362/4194362]\n'}
[8.701542] (multirobot_map_merge) StderrLine: {'line': b'\n'}
[8.711474] (multirobot_map_merge) StdoutLine: {'line': b'/home/safal/Desktop/unitreego2nav/build/multirobot_map_merge/map05.pgm: OK\n'}
[8.716732] (-) TimerEvent: {}
[8.723170] (multirobot_map_merge) StderrLine: {'line': b'--2026-07-01 19:02:22--  https://raw.githubusercontent.com/hrnr/m-explore-extra/master/map_merge/gmapping_maps/2011-08-09-12-22-52.pgm\n'}
[8.724165] (multirobot_map_merge) StderrLine: {'line': b'Resolving raw.githubusercontent.com (raw.githubusercontent.com)... 2606:50c0:8003::154, 2606:50c0:8002::154, 2606:50c0:8001::154, ...\n'}
[8.744214] (multirobot_map_merge) StderrLine: {'line': b'Connecting to raw.githubusercontent.com (raw.githubusercontent.com)|2606:50c0:8003::154|:443... connected.\n'}
[8.816862] (-) TimerEvent: {}
[8.917384] (-) TimerEvent: {}
[9.017865] (-) TimerEvent: {}
[9.119349] (-) TimerEvent: {}
[9.219684] (-) TimerEvent: {}
[9.320112] (-) TimerEvent: {}
[9.420510] (-) TimerEvent: {}
[9.442483] (explore_lite) StdoutLine: {'line': b'[ 60%] \x1b[1m\x1b[32mLinking CXX static library libgtest_main.a\x1b[0m\n'}
[9.520834] (-) TimerEvent: {}
[9.536233] (explore_lite) StdoutLine: {'line': b'[ 60%] Built target gtest_main\n'}
[9.620954] (-) TimerEvent: {}
[9.721374] (-) TimerEvent: {}
[9.821763] (-) TimerEvent: {}
[9.922144] (-) TimerEvent: {}
[10.022544] (-) TimerEvent: {}
[10.122993] (-) TimerEvent: {}
[10.223526] (-) TimerEvent: {}
[10.324092] (-) TimerEvent: {}
[10.424501] (-) TimerEvent: {}
[10.524880] (-) TimerEvent: {}
[10.625253] (-) TimerEvent: {}
[10.725752] (-) TimerEvent: {}
[10.826355] (-) TimerEvent: {}
[10.926726] (-) TimerEvent: {}
[11.027493] (-) TimerEvent: {}
[11.127912] (-) TimerEvent: {}
[11.228372] (-) TimerEvent: {}
[11.328775] (-) TimerEvent: {}
[11.429171] (-) TimerEvent: {}
[11.529585] (-) TimerEvent: {}
[11.629954] (-) TimerEvent: {}
[11.730350] (-) TimerEvent: {}
[11.830750] (-) TimerEvent: {}
[11.931121] (-) TimerEvent: {}
[12.031507] (-) TimerEvent: {}
[12.131882] (-) TimerEvent: {}
[12.232268] (-) TimerEvent: {}
[12.332667] (-) TimerEvent: {}
[12.433029] (-) TimerEvent: {}
[12.477394] (explore_lite) StdoutLine: {'line': b'[ 70%] \x1b[1m\x1b[32mLinking CXX static library libgtest.a\x1b[0m\n'}
[12.533144] (-) TimerEvent: {}
[12.633623] (-) TimerEvent: {}
[12.677233] (explore_lite) StdoutLine: {'line': b'[ 70%] Built target gtest\n'}
[12.690901] (explore_lite) StdoutLine: {'line': b'[ 80%] \x1b[32mBuilding CXX object CMakeFiles/test_explore.dir/test/test_explore.cpp.o\x1b[0m\n'}
[12.733715] (-) TimerEvent: {}
[12.834050] (-) TimerEvent: {}
[12.934482] (-) TimerEvent: {}
[13.034900] (-) TimerEvent: {}
[13.136273] (-) TimerEvent: {}
[13.236740] (-) TimerEvent: {}
[13.337133] (-) TimerEvent: {}
[13.437591] (-) TimerEvent: {}
[13.537968] (-) TimerEvent: {}
[13.638361] (-) TimerEvent: {}
[13.738742] (-) TimerEvent: {}
[13.743613] (explore_lite) StdoutLine: {'line': b'[ 90%] \x1b[1m\x1b[32mLinking CXX executable test_explore\x1b[0m\n'}
[13.838915] (-) TimerEvent: {}
[13.939364] (-) TimerEvent: {}
[13.960543] (explore_lite) StdoutLine: {'line': b'[ 90%] Built target test_explore\n'}
[14.039475] (-) TimerEvent: {}
[14.139907] (-) TimerEvent: {}
[14.240279] (-) TimerEvent: {}
[14.340775] (-) TimerEvent: {}
[14.441178] (-) TimerEvent: {}
[14.541478] (-) TimerEvent: {}
[14.641802] (-) TimerEvent: {}
[14.742118] (-) TimerEvent: {}
[14.842389] (-) TimerEvent: {}
[14.942673] (-) TimerEvent: {}
[15.042945] (-) TimerEvent: {}
[15.143269] (-) TimerEvent: {}
[15.243564] (-) TimerEvent: {}
[15.343872] (-) TimerEvent: {}
[15.444260] (-) TimerEvent: {}
[15.544679] (-) TimerEvent: {}
[15.645068] (-) TimerEvent: {}
[15.745497] (-) TimerEvent: {}
[15.846032] (-) TimerEvent: {}
[15.946506] (-) TimerEvent: {}
[16.046927] (-) TimerEvent: {}
[16.147405] (-) TimerEvent: {}
[16.247836] (-) TimerEvent: {}
[16.348210] (-) TimerEvent: {}
[16.448572] (-) TimerEvent: {}
[16.548887] (-) TimerEvent: {}
[16.649190] (-) TimerEvent: {}
[16.709576] (multirobot_map_merge) StderrLine: {'line': b'HTTP request sent, awaiting response... 200 OK\n'}
[16.710401] (multirobot_map_merge) StderrLine: {'line': b'Length: 16000058 (15M) [application/octet-stream]\n'}
[16.710605] (multirobot_map_merge) StderrLine: {'line': b'Saving to: \xe2\x80\x98/home/safal/Desktop/unitreego2nav/build/multirobot_map_merge/2011-08-09-12-22-52.pgm\xe2\x80\x99\n'}
[16.710767] (multirobot_map_merge) StderrLine: {'line': b'\n'}
[16.735093] (multirobot_map_merge) StderrLine: {'line': b'     0K .......... .......... .......... .......... ..........  0% 1.93M 8s\n'}
[16.748189] (multirobot_map_merge) StderrLine: {'line': b'    50K .......... .......... .......... .......... ..........  0% 3.69M 6s\n'}
[16.749274] (-) TimerEvent: {}
[16.766915] (multirobot_map_merge) StderrLine: {'line': b'   100K .......... .......... .......... .......... ..........  0% 2.62M 6s\n'}
[16.775803] (multirobot_map_merge) StderrLine: {'line': b'   150K .......... .......... .......... .......... ..........  1% 5.50M 5s\n'}
[16.781662] (multirobot_map_merge) StderrLine: {'line': b'   200K .......... .......... .......... .......... ..........  1% 8.20M 4s\n'}
[16.789802] (multirobot_map_merge) StderrLine: {'line': b'   250K .......... .......... .......... .......... ..........  1% 5.97M 4s\n'}
[16.803005] (multirobot_map_merge) StderrLine: {'line': b'   300K .......... .......... .......... .......... ..........  2% 3.70M 4s\n'}
[16.824780] (multirobot_map_merge) StderrLine: {'line': b'   350K .......... .......... .......... .......... ..........  2% 2.81M 4s\n'}
[16.837088] (multirobot_map_merge) StderrLine: {'line': b'   400K .......... .......... .......... .......... ..........  2% 2.92M 4s\n'}
[16.840857] (multirobot_map_merge) StderrLine: {'line': b'   450K .......... .......... .......... .......... ..........  3% 13.0M 4s\n'}
[16.849383] (-) TimerEvent: {}
[16.849825] (multirobot_map_merge) StderrLine: {'line': b'   500K .......... .......... .......... .......... ..........  3% 5.56M 4s\n'}
[16.866193] (multirobot_map_merge) StderrLine: {'line': b'   550K .......... .......... .......... .......... ..........  3% 2.97M 4s\n'}
[16.874685] (multirobot_map_merge) StderrLine: {'line': b'   600K .......... .......... .......... .......... ..........  4% 5.66M 4s\n'}
[16.880123] (multirobot_map_merge) StderrLine: {'line': b'   650K .......... .......... .......... .......... ..........  4% 9.71M 4s\n'}
[16.885095] (multirobot_map_merge) StderrLine: {'line': b'   700K .......... .......... .......... .......... ..........  4% 9.13M 3s\n'}
[16.904285] (multirobot_map_merge) StderrLine: {'line': b'   750K .......... .......... .......... .......... ..........  5% 2.57M 4s\n'}
[16.911961] (multirobot_map_merge) StderrLine: {'line': b'   800K .......... .......... .......... .......... ..........  5% 6.52M 4s\n'}
[16.917905] (multirobot_map_merge) StderrLine: {'line': b'   850K .......... .......... .......... .......... ..........  5% 7.72M 3s\n'}
[16.922646] (multirobot_map_merge) StderrLine: {'line': b'   900K .......... .......... .......... .......... ..........  6% 10.3M 3s\n'}
[16.946156] (multirobot_map_merge) StderrLine: {'line': b'   950K .......... .......... .......... .......... ..........  6% 2.08M 3s\n'}
[16.949452] (-) TimerEvent: {}
[16.953182] (multirobot_map_merge) StderrLine: {'line': b'  1000K .......... .......... .......... .......... ..........  6% 6.84M 3s\n'}
[16.964476] (multirobot_map_merge) StderrLine: {'line': b'  1050K .......... .......... .......... .......... ..........  7% 4.55M 3s\n'}
[16.969880] (multirobot_map_merge) StderrLine: {'line': b'  1100K .......... .......... .......... .......... ..........  7% 8.30M 3s\n'}
[16.981981] (multirobot_map_merge) StderrLine: {'line': b'  1150K .......... .......... .......... .......... ..........  7% 4.87M 3s\n'}
[16.987131] (multirobot_map_merge) StderrLine: {'line': b'  1200K .......... .......... .......... .......... ..........  7% 6.83M 3s\n'}
[16.997078] (multirobot_map_merge) StderrLine: {'line': b'  1250K .......... .......... .......... .......... ..........  8% 4.86M 3s\n'}
[17.004090] (multirobot_map_merge) StderrLine: {'line': b'  1300K .......... .......... .......... .......... ..........  8% 6.94M 3s\n'}
[17.011405] (multirobot_map_merge) StderrLine: {'line': b'  1350K .......... .......... .......... .......... ..........  8% 6.71M 3s\n'}
[17.019149] (multirobot_map_merge) StderrLine: {'line': b'  1400K .......... .......... .......... .......... ..........  9% 6.31M 3s\n'}
[17.023155] (multirobot_map_merge) StderrLine: {'line': b'  1450K .......... .......... .......... .......... ..........  9% 12.0M 3s\n'}
[17.037640] (multirobot_map_merge) StderrLine: {'line': b'  1500K .......... .......... .......... .......... ..........  9% 3.40M 3s\n'}
[17.045011] (multirobot_map_merge) StderrLine: {'line': b'  1550K .......... .......... .......... .......... .......... 10% 6.63M 3s\n'}
[17.049552] (-) TimerEvent: {}
[17.050786] (multirobot_map_merge) StderrLine: {'line': b'  1600K .......... .......... .......... .......... .......... 10% 8.31M 3s\n'}
[17.059927] (multirobot_map_merge) StderrLine: {'line': b'  1650K .......... .......... .......... .......... .......... 10% 5.39M 3s\n'}
[17.067499] (multirobot_map_merge) StderrLine: {'line': b'  1700K .......... .......... .......... .......... .......... 11% 6.49M 3s\n'}
[17.075647] (multirobot_map_merge) StderrLine: {'line': b'  1750K .......... .......... .......... .......... .......... 11% 5.93M 3s\n'}
[17.082643] (multirobot_map_merge) StderrLine: {'line': b'  1800K .......... .......... .......... .......... .......... 11% 6.97M 3s\n'}
[17.089246] (multirobot_map_merge) StderrLine: {'line': b'  1850K .......... .......... .......... .......... .......... 12% 7.41M 3s\n'}
[17.089729] (multirobot_map_merge) StderrLine: {'line': b'  1900K .......... .......... .......... .......... .......... 12% 84.4M 3s\n'}
[17.117027] (multirobot_map_merge) StderrLine: {'line': b'  1950K .......... .......... .......... .......... .......... 12% 1.80M 3s\n'}
[17.118275] (multirobot_map_merge) StderrLine: {'line': b'  2000K .......... .......... .......... .......... .......... 13% 35.5M 3s\n'}
[17.126880] (multirobot_map_merge) StderrLine: {'line': b'  2050K .......... .......... .......... .......... .......... 13% 5.80M 3s\n'}
[17.127554] (multirobot_map_merge) StderrLine: {'line': b'  2100K .......... .......... .......... .......... .......... 13% 58.3M 3s\n'}
[17.136734] (multirobot_map_merge) StderrLine: {'line': b'  2150K .......... .......... .......... .......... .......... 14% 5.35M 3s\n'}
[17.149683] (-) TimerEvent: {}
[17.162266] (multirobot_map_merge) StderrLine: {'line': b'  2200K .......... .......... .......... .......... .......... 14% 1.91M 3s\n'}
[17.171799] (multirobot_map_merge) StderrLine: {'line': b'  2250K .......... .......... .......... .......... .......... 14% 5.13M 3s\n'}
[17.173016] (multirobot_map_merge) StderrLine: {'line': b'  2300K .......... .......... .......... .......... .......... 15% 40.1M 3s\n'}
[17.180951] (multirobot_map_merge) StderrLine: {'line': b'  2350K .......... .......... .......... .......... .......... 15% 6.14M 3s\n'}
[17.187747] (multirobot_map_merge) StderrLine: {'line': b'  2400K .......... .......... .......... .......... .......... 15% 7.42M 3s\n'}
[17.197441] (multirobot_map_merge) StderrLine: {'line': b'  2450K .......... .......... .......... .......... .......... 15% 4.99M 3s\n'}
[17.203351] (multirobot_map_merge) StderrLine: {'line': b'  2500K .......... .......... .......... .......... .......... 16% 8.14M 3s\n'}
[17.210637] (multirobot_map_merge) StderrLine: {'line': b'  2550K .......... .......... .......... .......... .......... 16% 6.70M 3s\n'}
[17.210874] (multirobot_map_merge) StderrLine: {'line': b'  2600K .......... .......... .......... .......... .......... 16%  179M 2s\n'}
[17.216337] (multirobot_map_merge) StderrLine: {'line': b'  2650K .......... .......... .......... .......... .......... 17% 9.20M 2s\n'}
[17.218990] (multirobot_map_merge) StderrLine: {'line': b'  2700K .......... .......... .......... .......... .......... 17% 17.6M 2s\n'}
[17.235556] (multirobot_map_merge) StderrLine: {'line': b'  2750K .......... .......... .......... .......... .......... 17% 2.95M 2s\n'}
[17.243672] (multirobot_map_merge) StderrLine: {'line': b'  2800K .......... .......... .......... .......... .......... 18% 6.04M 2s\n'}
[17.249797] (multirobot_map_merge) StderrLine: {'line': b'  2850K .......... .......... .......... .......... .......... 18% 7.94M 2s\n'}
[17.250092] (-) TimerEvent: {}
[17.250306] (multirobot_map_merge) StderrLine: {'line': b'  2900K .......... .......... .......... .......... .......... 18%  132M 2s\n'}
[17.254272] (multirobot_map_merge) StderrLine: {'line': b'  2950K .......... .......... .......... .......... .......... 19% 11.8M 2s\n'}
[17.257415] (multirobot_map_merge) StderrLine: {'line': b'  3000K .......... .......... .......... .......... .......... 19% 15.5M 2s\n'}
[17.264607] (multirobot_map_merge) StderrLine: {'line': b'  3050K .......... .......... .......... .......... .......... 19% 6.88M 2s\n'}
[17.273122] (multirobot_map_merge) StderrLine: {'line': b'  3100K .......... .......... .......... .......... .......... 20% 5.71M 2s\n'}
[17.281155] (multirobot_map_merge) StderrLine: {'line': b'  3150K .......... .......... .......... .......... .......... 20% 6.13M 2s\n'}
[17.287425] (multirobot_map_merge) StderrLine: {'line': b'  3200K .......... .......... .......... .......... .......... 20% 7.88M 2s\n'}
[17.287972] (multirobot_map_merge) StderrLine: {'line': b'  3250K .......... .......... .......... .......... .......... 21% 65.4M 2s\n'}
[17.292107] (multirobot_map_merge) StderrLine: {'line': b'  3300K .......... .......... .......... .......... .......... 21% 11.9M 2s\n'}
[17.292768] (multirobot_map_merge) StderrLine: {'line': b'  3350K .......... .......... .......... .......... .......... 21% 72.5M 2s\n'}
[17.301565] (multirobot_map_merge) StderrLine: {'line': b'  3400K .......... .......... .......... .......... .......... 22% 5.59M 2s\n'}
[17.304095] (multirobot_map_merge) StderrLine: {'line': b'  3450K .......... .......... .......... .......... .......... 22% 18.8M 2s\n'}
[17.316575] (multirobot_map_merge) StderrLine: {'line': b'  3500K .......... .......... .......... .......... .......... 22% 3.93M 2s\n'}
[17.317295] (multirobot_map_merge) StderrLine: {'line': b'  3550K .......... .......... .......... .......... .......... 23% 61.0M 2s\n'}
[17.323157] (multirobot_map_merge) StderrLine: {'line': b'  3600K .......... .......... .......... .......... .......... 23% 8.41M 2s\n'}
[17.324147] (multirobot_map_merge) StderrLine: {'line': b'  3650K .......... .......... .......... .......... .......... 23% 47.5M 2s\n'}
[17.329794] (multirobot_map_merge) StderrLine: {'line': b'  3700K .......... .......... .......... .......... .......... 23% 8.72M 2s\n'}
[17.332104] (multirobot_map_merge) StderrLine: {'line': b'  3750K .......... .......... .......... .......... .......... 24% 20.9M 2s\n'}
[17.336714] (multirobot_map_merge) StderrLine: {'line': b'  3800K .......... .......... .......... .......... .......... 24% 10.6M 2s\n'}
[17.344772] (multirobot_map_merge) StderrLine: {'line': b'  3850K .......... .......... .......... .......... .......... 24% 6.17M 2s\n'}
[17.350201] (-) TimerEvent: {}
[17.352750] (multirobot_map_merge) StderrLine: {'line': b'  3900K .......... .......... .......... .......... .......... 25% 6.03M 2s\n'}
[17.357965] (multirobot_map_merge) StderrLine: {'line': b'  3950K .......... .......... .......... .......... .......... 25% 9.46M 2s\n'}
[17.360548] (multirobot_map_merge) StderrLine: {'line': b'  4000K .......... .......... .......... .......... .......... 25% 18.5M 2s\n'}
[17.363792] (multirobot_map_merge) StderrLine: {'line': b'  4050K .......... .......... .......... .......... .......... 26% 14.9M 2s\n'}
[17.366919] (multirobot_map_merge) StderrLine: {'line': b'  4100K .......... .......... .......... .......... .......... 26% 15.6M 2s\n'}
[17.370363] (multirobot_map_merge) StderrLine: {'line': b'  4150K .......... .......... .......... .......... .......... 26% 14.2M 2s\n'}
[17.373821] (multirobot_map_merge) StderrLine: {'line': b'  4200K .......... .......... .......... .......... .......... 27% 14.4M 2s\n'}
[17.377454] (multirobot_map_merge) StderrLine: {'line': b'  4250K .......... .......... .......... .......... .......... 27% 13.4M 2s\n'}
[17.398848] (multirobot_map_merge) StderrLine: {'line': b'  4300K .......... .......... .......... .......... .......... 27% 2.29M 2s\n'}
[17.404880] (multirobot_map_merge) StderrLine: {'line': b'  4350K .......... .......... .......... .......... .......... 28% 8.00M 2s\n'}
[17.405660] (multirobot_map_merge) StderrLine: {'line': b'  4400K .......... .......... .......... .......... .......... 28% 60.2M 2s\n'}
[17.411888] (multirobot_map_merge) StderrLine: {'line': b'  4450K .......... .......... .......... .......... .......... 28% 7.87M 2s\n'}
[17.412612] (multirobot_map_merge) StderrLine: {'line': b'  4500K .......... .......... .......... .......... .......... 29% 62.9M 2s\n'}
[17.413583] (multirobot_map_merge) StderrLine: {'line': b'  4550K .......... .......... .......... .......... .......... 29% 50.2M 2s\n'}
[17.416362] (multirobot_map_merge) StderrLine: {'line': b'  4600K .......... .......... .......... .......... .......... 29% 17.8M 2s\n'}
[17.420999] (multirobot_map_merge) StderrLine: {'line': b'  4650K .......... .......... .......... .......... .......... 30% 10.6M 2s\n'}
[17.442013] (multirobot_map_merge) StderrLine: {'line': b'  4700K .......... .......... .......... .......... .......... 30% 2.33M 2s\n'}
[17.449635] (multirobot_map_merge) StderrLine: {'line': b'  4750K .......... .......... .......... .......... .......... 30% 6.33M 2s\n'}
[17.450279] (-) TimerEvent: {}
[17.450545] (multirobot_map_merge) StderrLine: {'line': b'  4800K .......... .......... .......... .......... .......... 31% 60.4M 2s\n'}
[17.457940] (multirobot_map_merge) StderrLine: {'line': b'  4850K .......... .......... .......... .......... .......... 31% 6.54M 2s\n'}
[17.468880] (multirobot_map_merge) StderrLine: {'line': b'  4900K .......... .......... .......... .......... .......... 31% 4.44M 2s\n'}
[17.469790] (multirobot_map_merge) StderrLine: {'line': b'  4950K .......... .......... .......... .......... .......... 31% 53.2M 2s\n'}
[17.470747] (multirobot_map_merge) StderrLine: {'line': b'  5000K .......... .......... .......... .......... .......... 32% 50.3M 2s\n'}
[17.471772] (multirobot_map_merge) StderrLine: {'line': b'  5050K .......... .......... .......... .......... .......... 32% 47.7M 2s\n'}
[17.479451] (multirobot_map_merge) StderrLine: {'line': b'  5100K .......... .......... .......... .......... .......... 32% 6.46M 2s\n'}
[17.480304] (multirobot_map_merge) StderrLine: {'line': b'  5150K .......... .......... .......... .......... .......... 33% 51.6M 2s\n'}
[17.486237] (multirobot_map_merge) StderrLine: {'line': b'  5200K .......... .......... .......... .......... .......... 33% 8.39M 2s\n'}
[17.491783] (multirobot_map_merge) StderrLine: {'line': b'  5250K .......... .......... .......... .......... .......... 33% 8.66M 2s\n'}
[17.500694] (multirobot_map_merge) StderrLine: {'line': b'  5300K .......... .......... .......... .......... .......... 34% 5.48M 2s\n'}
[17.508667] (multirobot_map_merge) StderrLine: {'line': b'  5350K .......... .......... .......... .......... .......... 34% 6.10M 2s\n'}
[17.509606] (multirobot_map_merge) StderrLine: {'line': b'  5400K .......... .......... .......... .......... .......... 34% 50.2M 1s\n'}
[17.514742] (multirobot_map_merge) StderrLine: {'line': b'  5450K .......... .......... .......... .......... .......... 35% 9.59M 1s\n'}
[17.523396] (multirobot_map_merge) StderrLine: {'line': b'  5500K .......... .......... .......... .......... .......... 35% 5.67M 1s\n'}
[17.524146] (multirobot_map_merge) StderrLine: {'line': b'  5550K .......... .......... .......... .......... .......... 35% 60.3M 1s\n'}
[17.525131] (multirobot_map_merge) StderrLine: {'line': b'  5600K .......... .......... .......... .......... .......... 36% 50.7M 1s\n'}
[17.526091] (multirobot_map_merge) StderrLine: {'line': b'  5650K .......... .......... .......... .......... .......... 36% 48.3M 1s\n'}
[17.539969] (multirobot_map_merge) StderrLine: {'line': b'  5700K .......... .......... .......... .......... .......... 36% 3.54M 1s\n'}
[17.550377] (-) TimerEvent: {}
[17.558762] (multirobot_map_merge) StderrLine: {'line': b'  5750K .......... .......... .......... .......... .......... 37% 2.60M 1s\n'}
[17.559464] (multirobot_map_merge) StderrLine: {'line': b'  5800K .......... .......... .......... .......... .......... 37% 64.9M 1s\n'}
[17.563127] (multirobot_map_merge) StderrLine: {'line': b'  5850K .......... .......... .......... .......... .......... 37% 13.4M 1s\n'}
[17.566567] (multirobot_map_merge) StderrLine: {'line': b'  5900K .......... .......... .......... .......... .......... 38% 14.3M 1s\n'}
[17.567339] (multirobot_map_merge) StderrLine: {'line': b'  5950K .......... .......... .......... .......... .......... 38% 61.4M 1s\n'}
[17.571924] (multirobot_map_merge) StderrLine: {'line': b'  6000K .......... .......... .......... .......... .......... 38% 10.6M 1s\n'}
[17.579329] (multirobot_map_merge) StderrLine: {'line': b'  6050K .......... .......... .......... .......... .......... 39% 6.70M 1s\n'}
[17.579980] (multirobot_map_merge) StderrLine: {'line': b'  6100K .......... .......... .......... .......... .......... 39% 62.0M 1s\n'}
[17.600992] (multirobot_map_merge) StderrLine: {'line': b'  6150K .......... .......... .......... .......... .......... 39% 2.35M 1s\n'}
[17.612990] (multirobot_map_merge) StderrLine: {'line': b'  6200K .......... .......... .......... .......... .......... 39% 4.02M 1s\n'}
[17.613992] (multirobot_map_merge) StderrLine: {'line': b'  6250K .......... .......... .......... .......... .......... 40% 49.3M 1s\n'}
[17.615023] (multirobot_map_merge) StderrLine: {'line': b'  6300K .......... .......... .......... .......... .......... 40% 49.6M 1s\n'}
[17.624854] (multirobot_map_merge) StderrLine: {'line': b'  6350K .......... .......... .......... .......... .......... 40% 4.94M 1s\n'}
[17.625626] (multirobot_map_merge) StderrLine: {'line': b'  6400K .......... .......... .......... .......... .......... 41% 59.6M 1s\n'}
[17.626627] (multirobot_map_merge) StderrLine: {'line': b'  6450K .......... .......... .......... .......... .......... 41% 48.5M 1s\n'}
[17.627448] (multirobot_map_merge) StderrLine: {'line': b'  6500K .......... .......... .......... .......... .......... 41% 58.9M 1s\n'}
[17.628378] (multirobot_map_merge) StderrLine: {'line': b'  6550K .......... .......... .......... .......... .......... 42% 52.9M 1s\n'}
[17.642783] (multirobot_map_merge) StderrLine: {'line': b'  6600K .......... .......... .......... .......... .......... 42% 3.40M 1s\n'}
[17.650466] (-) TimerEvent: {}
[17.653627] (multirobot_map_merge) StderrLine: {'line': b'  6650K .......... .......... .......... .......... .......... 42% 4.52M 1s\n'}
[17.656381] (multirobot_map_merge) StderrLine: {'line': b'  6700K .......... .......... .......... .......... .......... 43% 17.3M 1s\n'}
[17.663184] (multirobot_map_merge) StderrLine: {'line': b'  6750K .......... .......... .......... .......... .......... 43% 7.17M 1s\n'}
[17.663786] (multirobot_map_merge) StderrLine: {'line': b'  6800K .......... .......... .......... .......... .......... 43% 77.0M 1s\n'}
[17.675820] (multirobot_map_merge) StderrLine: {'line': b'  6850K .......... .......... .......... .......... .......... 44% 4.06M 1s\n'}
[17.677095] (multirobot_map_merge) StderrLine: {'line': b'  6900K .......... .......... .......... .......... .......... 44% 40.0M 1s\n'}
[17.680185] (multirobot_map_merge) StderrLine: {'line': b'  6950K .......... .......... .......... .......... .......... 44% 17.3M 1s\n'}
[17.680625] (multirobot_map_merge) StderrLine: {'line': b'  7000K .......... .......... .......... .......... .......... 45%  162M 1s\n'}
[17.685143] (multirobot_map_merge) StderrLine: {'line': b'  7050K .......... .......... .......... .......... .......... 45% 9.88M 1s\n'}
[17.693971] (multirobot_map_merge) StderrLine: {'line': b'  7100K .......... .......... .......... .......... .......... 45% 5.57M 1s\n'}
[17.699391] (multirobot_map_merge) StderrLine: {'line': b'  7150K .......... .......... .......... .......... .......... 46% 8.96M 1s\n'}
[17.700513] (multirobot_map_merge) StderrLine: {'line': b'  7200K .......... .......... .......... .......... .......... 46% 42.5M 1s\n'}
[17.706081] (multirobot_map_merge) StderrLine: {'line': b'  7250K .......... .......... .......... .......... .......... 46% 8.78M 1s\n'}
[17.707559] (multirobot_map_merge) StderrLine: {'line': b'  7300K .......... .......... .......... .......... .......... 47% 40.7M 1s\n'}
[17.721905] (multirobot_map_merge) StderrLine: {'line': b'  7350K .......... .......... .......... .......... .......... 47% 5.21M 1s\n'}
[17.722876] (multirobot_map_merge) StderrLine: {'line': b'  7400K .......... .......... .......... .......... .......... 47% 7.80M 1s\n'}
[17.723254] (multirobot_map_merge) StderrLine: {'line': b'  7450K .......... .......... .......... .......... .......... 47%  126M 1s\n'}
[17.724216] (multirobot_map_merge) StderrLine: {'line': b'  7500K .......... .......... .......... .......... .......... 48% 50.7M 1s\n'}
[17.725050] (multirobot_map_merge) StderrLine: {'line': b'  7550K .......... .......... .......... .......... .......... 48% 59.6M 1s\n'}
[17.750584] (-) TimerEvent: {}
[17.755157] (multirobot_map_merge) StderrLine: {'line': b'  7600K .......... .......... .......... .......... .......... 48% 1.62M 1s\n'}
[17.755887] (multirobot_map_merge) StderrLine: {'line': b'  7650K .......... .......... .......... .......... .......... 49% 62.4M 1s\n'}
[17.773482] (multirobot_map_merge) StderrLine: {'line': b'  7700K .......... .......... .......... .......... .......... 49% 2.79M 1s\n'}
[17.774503] (multirobot_map_merge) StderrLine: {'line': b'  7750K .......... .......... .......... .......... .......... 49% 59.7M 1s\n'}
[17.777062] (multirobot_map_merge) StderrLine: {'line': b'  7800K .......... .......... .......... .......... .......... 50% 18.1M 1s\n'}
[17.783892] (multirobot_map_merge) StderrLine: {'line': b'  7850K .......... .......... .......... .......... .......... 50% 7.23M 1s\n'}
[17.784802] (multirobot_map_merge) StderrLine: {'line': b'  7900K .......... .......... .......... .......... .......... 50% 48.8M 1s\n'}
[17.793900] (multirobot_map_merge) StderrLine: {'line': b'  7950K .......... .......... .......... .......... .......... 51% 5.35M 1s\n'}
[17.794897] (multirobot_map_merge) StderrLine: {'line': b'  8000K .......... .......... .......... .......... .......... 51% 47.6M 1s\n'}
[17.795633] (multirobot_map_merge) StderrLine: {'line': b'  8050K .......... .......... .......... .......... .......... 51% 63.7M 1s\n'}
[17.796589] (multirobot_map_merge) StderrLine: {'line': b'  8100K .......... .......... .......... .......... .......... 52% 50.7M 1s\n'}
[17.822827] (multirobot_map_merge) StderrLine: {'line': b'  8150K .......... .......... .......... .......... .......... 52% 2.08M 1s\n'}
[17.831610] (multirobot_map_merge) StderrLine: {'line': b'  8200K .......... .......... .......... .......... .......... 52% 4.29M 1s\n'}
[17.832649] (multirobot_map_merge) StderrLine: {'line': b'  8250K .......... .......... .......... .......... .......... 53% 41.1M 1s\n'}
[17.845118] (multirobot_map_merge) StderrLine: {'line': b'  8300K .......... .......... .......... .......... .......... 53% 3.95M 1s\n'}
[17.846235] (multirobot_map_merge) StderrLine: {'line': b'  8350K .......... .......... .......... .......... .......... 53% 40.0M 1s\n'}
[17.850674] (-) TimerEvent: {}
[17.852066] (multirobot_map_merge) StderrLine: {'line': b'  8400K .......... .......... .......... .......... .......... 54% 8.37M 1s\n'}
[17.853175] (multirobot_map_merge) StderrLine: {'line': b'  8450K .......... .......... .......... .......... .......... 54% 41.8M 1s\n'}
[17.856762] (multirobot_map_merge) StderrLine: {'line': b'  8500K .......... .......... .......... .......... .......... 54% 13.8M 1s\n'}
[17.866787] (multirobot_map_merge) StderrLine: {'line': b'  8550K .......... .......... .......... .......... .......... 55% 39.9M 1s\n'}
[17.867858] (multirobot_map_merge) StderrLine: {'line': b'  8600K .......... .......... .......... .......... .......... 55% 4.97M 1s\n'}
[17.871084] (multirobot_map_merge) StderrLine: {'line': b'  8650K .......... .......... .......... .......... .......... 55% 15.7M 1s\n'}
[17.872135] (multirobot_map_merge) StderrLine: {'line': b'  8700K .......... .......... .......... .......... .......... 55% 41.0M 1s\n'}
[17.874702] (multirobot_map_merge) StderrLine: {'line': b'  8750K .......... .......... .......... .......... .......... 56% 19.4M 1s\n'}
[17.887508] (multirobot_map_merge) StderrLine: {'line': b'  8800K .......... .......... .......... .......... .......... 56% 3.80M 1s\n'}
[17.888335] (multirobot_map_merge) StderrLine: {'line': b'  8850K .......... .......... .......... .......... .......... 56%  147M 1s\n'}
[17.891486] (multirobot_map_merge) StderrLine: {'line': b'  8900K .......... .......... .......... .......... .......... 57% 14.3M 1s\n'}
[17.913141] (multirobot_map_merge) StderrLine: {'line': b'  8950K .......... .......... .......... .......... .......... 57% 2.25M 1s\n'}
[17.915909] (multirobot_map_merge) StderrLine: {'line': b'  9000K .......... .......... .......... .......... .......... 57% 16.8M 1s\n'}
[17.920925] (multirobot_map_merge) StderrLine: {'line': b'  9050K .......... .......... .......... .......... .......... 58% 9.65M 1s\n'}
[17.925348] (multirobot_map_merge) StderrLine: {'line': b'  9100K .......... .......... .......... .......... .......... 58% 11.2M 1s\n'}
[17.926483] (multirobot_map_merge) StderrLine: {'line': b'  9150K .......... .......... .......... .......... .......... 58% 40.1M 1s\n'}
[17.934760] (multirobot_map_merge) StderrLine: {'line': b'  9200K .......... .......... .......... .......... .......... 59% 6.30M 1s\n'}
[17.935127] (multirobot_map_merge) StderrLine: {'line': b'  9250K .......... .......... .......... .......... .......... 59%  123M 1s\n'}
[17.942474] (multirobot_map_merge) StderrLine: {'line': b'  9300K .......... .......... .......... .......... .......... 59% 6.34M 1s\n'}
[17.943499] (multirobot_map_merge) StderrLine: {'line': b'  9350K .......... .......... .......... .......... .......... 60% 42.1M 1s\n'}
[17.944541] (multirobot_map_merge) StderrLine: {'line': b'  9400K .......... .......... .......... .......... .......... 60% 46.9M 1s\n'}
[17.950791] (-) TimerEvent: {}
[17.951022] (multirobot_map_merge) StderrLine: {'line': b'  9450K .......... .......... .......... .......... .......... 60% 7.82M 1s\n'}
[17.952728] (multirobot_map_merge) StderrLine: {'line': b'  9500K .......... .......... .......... .......... .......... 61% 25.7M 1s\n'}
[17.964318] (multirobot_map_merge) StderrLine: {'line': b'  9550K .......... .......... .......... .......... .......... 61% 4.22M 1s\n'}
[17.967936] (multirobot_map_merge) StderrLine: {'line': b'  9600K .......... .......... .......... .......... .......... 61% 15.1M 1s\n'}
[17.970177] (multirobot_map_merge) StderrLine: {'line': b'  9650K .......... .......... .......... .......... .......... 62% 18.2M 1s\n'}
[17.973709] (multirobot_map_merge) StderrLine: {'line': b'  9700K .......... .......... .......... .......... .......... 62% 14.0M 1s\n'}
[17.978222] (multirobot_map_merge) StderrLine: {'line': b'  9750K .......... .......... .......... .......... .......... 62% 11.0M 1s\n'}
[17.979216] (multirobot_map_merge) StderrLine: {'line': b'  9800K .......... .......... .......... .......... .......... 63% 44.9M 1s\n'}
[17.999788] (multirobot_map_merge) StderrLine: {'line': b'  9850K .......... .......... .......... .......... .......... 63% 2.38M 1s\n'}
[18.000197] (multirobot_map_merge) StderrLine: {'line': b'  9900K .......... .......... .......... .......... .......... 63%  155M 1s\n'}
[18.000527] (multirobot_map_merge) StderrLine: {'line': b'  9950K .......... .......... .......... .......... .......... 63%  114M 1s\n'}
[18.001501] (multirobot_map_merge) StderrLine: {'line': b' 10000K .......... .......... .......... .......... .......... 64% 47.1M 1s\n'}
[18.002318] (multirobot_map_merge) StderrLine: {'line': b' 10050K .......... .......... .......... .......... .......... 64% 59.5M 1s\n'}
[18.003289] (multirobot_map_merge) StderrLine: {'line': b' 10100K .......... .......... .......... .......... .......... 64% 50.2M 1s\n'}
[18.006018] (multirobot_map_merge) StderrLine: {'line': b' 10150K .......... .......... .......... .......... .......... 65% 18.2M 1s\n'}
[18.006294] (multirobot_map_merge) StderrLine: {'line': b' 10200K .......... .......... .......... .......... .......... 65%  173M 1s\n'}
[18.011690] (multirobot_map_merge) StderrLine: {'line': b' 10250K .......... .......... .......... .......... .......... 65% 9.03M 1s\n'}
[18.022572] (multirobot_map_merge) StderrLine: {'line': b' 10300K .......... .......... .......... .......... .......... 66% 4.49M 1s\n'}
[18.023336] (multirobot_map_merge) StderrLine: {'line': b' 10350K .......... .......... .......... .......... .......... 66% 61.6M 1s\n'}
[18.024313] (multirobot_map_merge) StderrLine: {'line': b' 10400K .......... .......... .......... .......... .......... 66% 50.4M 1s\n'}
[18.029200] (multirobot_map_merge) StderrLine: {'line': b' 10450K .......... .......... .......... .......... .......... 67% 10.1M 1s\n'}
[18.037884] (multirobot_map_merge) StderrLine: {'line': b' 10500K .......... .......... .......... .......... .......... 67% 5.69M 1s\n'}
[18.038708] (multirobot_map_merge) StderrLine: {'line': b' 10550K .......... .......... .......... .......... .......... 67% 57.2M 1s\n'}
[18.039624] (multirobot_map_merge) StderrLine: {'line': b' 10600K .......... .......... .......... .......... .......... 68% 50.6M 1s\n'}
[18.040347] (multirobot_map_merge) StderrLine: {'line': b' 10650K .......... .......... .......... .......... .......... 68% 60.4M 1s\n'}
[18.050888] (-) TimerEvent: {}
[18.068499] (multirobot_map_merge) StderrLine: {'line': b' 10700K .......... .......... .......... .......... .......... 68% 1.77M 1s\n'}
[18.068789] (multirobot_map_merge) StderrLine: {'line': b' 10750K .......... .......... .......... .......... .......... 69%  149M 1s\n'}
[18.071401] (multirobot_map_merge) StderrLine: {'line': b' 10800K .......... .......... .......... .......... .......... 69% 15.8M 1s\n'}
[18.074262] (multirobot_map_merge) StderrLine: {'line': b' 10850K .......... .......... .......... .......... .......... 69% 17.1M 1s\n'}
[18.074800] (multirobot_map_merge) StderrLine: {'line': b' 10900K .......... .......... .......... .......... .......... 70%  110M 1s\n'}
[18.078584] (multirobot_map_merge) StderrLine: {'line': b' 10950K .......... .......... .......... .......... .......... 70% 12.7M 1s\n'}
[18.084692] (multirobot_map_merge) StderrLine: {'line': b' 11000K .......... .......... .......... .......... .......... 70% 8.04M 1s\n'}
[18.104002] (multirobot_map_merge) StderrLine: {'line': b' 11050K .......... .......... .......... .......... .......... 71% 2.52M 1s\n'}
[18.113808] (multirobot_map_merge) StderrLine: {'line': b' 11100K .......... .......... .......... .......... .......... 71% 5.06M 1s\n'}
[18.114835] (multirobot_map_merge) StderrLine: {'line': b' 11150K .......... .......... .......... .......... .......... 71% 40.0M 1s\n'}
[18.143856] (multirobot_map_merge) StderrLine: {'line': b' 11200K .......... .......... .......... .......... .......... 71% 1.69M 1s\n'}
[18.150211] (multirobot_map_merge) StderrLine: {'line': b' 11250K .......... .......... .......... .......... .......... 72% 7.64M 1s\n'}
[18.150943] (-) TimerEvent: {}
[18.152470] (multirobot_map_merge) StderrLine: {'line': b' 11300K .......... .......... .......... .......... .......... 72% 21.2M 1s\n'}
[18.158838] (multirobot_map_merge) StderrLine: {'line': b' 11350K .......... .......... .......... .......... .......... 72% 8.28M 1s\n'}
[18.166213] (multirobot_map_merge) StderrLine: {'line': b' 11400K .......... .......... .......... .......... .......... 73% 6.35M 1s\n'}
[18.167356] (multirobot_map_merge) StderrLine: {'line': b' 11450K .......... .......... .......... .......... .......... 73% 38.2M 1s\n'}
[18.170947] (multirobot_map_merge) StderrLine: {'line': b' 11500K .......... .......... .......... .......... .......... 73% 13.7M 1s\n'}
[18.178101] (multirobot_map_merge) StderrLine: {'line': b' 11550K .......... .......... .......... .......... .......... 74% 6.97M 1s\n'}
[18.186410] (multirobot_map_merge) StderrLine: {'line': b' 11600K .......... .......... .......... .......... .......... 74% 5.83M 1s\n'}
[18.187400] (multirobot_map_merge) StderrLine: {'line': b' 11650K .......... .......... .......... .......... .......... 74% 45.4M 0s\n'}
[18.192404] (multirobot_map_merge) StderrLine: {'line': b' 11700K .......... .......... .......... .......... .......... 75% 9.85M 0s\n'}
[18.195953] (multirobot_map_merge) StderrLine: {'line': b' 11750K .......... .......... .......... .......... .......... 75% 13.6M 0s\n'}
[18.208405] (multirobot_map_merge) StderrLine: {'line': b' 11800K .......... .......... .......... .......... .......... 75% 3.95M 0s\n'}
[18.208847] (multirobot_map_merge) StderrLine: {'line': b' 11850K .......... .......... .......... .......... .......... 76%  140M 0s\n'}
[18.210973] (multirobot_map_merge) StderrLine: {'line': b' 11900K .......... .......... .......... .......... .......... 76% 21.0M 0s\n'}
[18.211343] (multirobot_map_merge) StderrLine: {'line': b' 11950K .......... .......... .......... .......... .......... 76%  122M 0s\n'}
[18.213104] (multirobot_map_merge) StderrLine: {'line': b' 12000K .......... .......... .......... .......... .......... 77% 28.1M 0s\n'}
[18.213568] (multirobot_map_merge) StderrLine: {'line': b' 12050K .......... .......... .......... .......... .......... 77%  102M 0s\n'}
[18.224700] (multirobot_map_merge) StderrLine: {'line': b' 12100K .......... .......... .......... .......... .......... 77% 4.41M 0s\n'}
[18.226699] (multirobot_map_merge) StderrLine: {'line': b' 12150K .......... .......... .......... .......... .......... 78% 24.6M 0s\n'}
[18.227024] (multirobot_map_merge) StderrLine: {'line': b' 12200K .......... .......... .......... .......... .......... 78%  148M 0s\n'}
[18.239475] (multirobot_map_merge) StderrLine: {'line': b' 12250K .......... .......... .......... .......... .......... 78% 3.94M 0s\n'}
[18.244409] (multirobot_map_merge) StderrLine: {'line': b' 12300K .......... .......... .......... .......... .......... 79% 9.74M 0s\n'}
[18.251059] (-) TimerEvent: {}
[18.267776] (multirobot_map_merge) StderrLine: {'line': b' 12350K .......... .......... .......... .......... .......... 79% 2.10M 0s\n'}
[18.268155] (multirobot_map_merge) StderrLine: {'line': b' 12400K .......... .......... .......... .......... .......... 79%  157M 0s\n'}
[18.270736] (multirobot_map_merge) StderrLine: {'line': b' 12450K .......... .......... .......... .......... .......... 79% 18.1M 0s\n'}
[18.271075] (multirobot_map_merge) StderrLine: {'line': b' 12500K .......... .......... .......... .......... .......... 80%  160M 0s\n'}
[18.273676] (multirobot_map_merge) StderrLine: {'line': b' 12550K .......... .......... .......... .......... .......... 80% 18.3M 0s\n'}
[18.275328] (multirobot_map_merge) StderrLine: {'line': b' 12600K .......... .......... .......... .......... .......... 80% 30.3M 0s\n'}
[18.277351] (multirobot_map_merge) StderrLine: {'line': b' 12650K .......... .......... .......... .......... .......... 81% 24.5M 0s\n'}
[18.277763] (multirobot_map_merge) StderrLine: {'line': b' 12700K .......... .......... .......... .......... .......... 81%  101M 0s\n'}
[18.283483] (multirobot_map_merge) StderrLine: {'line': b' 12750K .......... .......... .......... .......... .......... 81% 18.4M 0s\n'}
[18.283734] (multirobot_map_merge) StderrLine: {'line': b' 12800K .......... .......... .......... .......... .......... 82%  135M 0s\n'}
[18.288265] (multirobot_map_merge) StderrLine: {'line': b' 12850K .......... .......... .......... .......... .......... 82% 50.5M 0s\n'}
[18.289840] (multirobot_map_merge) StderrLine: {'line': b' 12900K .......... .......... .......... .......... .......... 82% 6.04M 0s\n'}
[18.290199] (multirobot_map_merge) StderrLine: {'line': b' 12950K .......... .......... .......... .......... .......... 83%  142M 0s\n'}
[18.303471] (multirobot_map_merge) StderrLine: {'line': b' 13000K .......... .......... .......... .......... .......... 83% 3.68M 0s\n'}
[18.314647] (multirobot_map_merge) StderrLine: {'line': b' 13050K .......... .......... .......... .......... .......... 83% 4.37M 0s\n'}
[18.334473] (multirobot_map_merge) StderrLine: {'line': b' 13100K .......... .......... .......... .......... .......... 84% 2.47M 0s\n'}
[18.334773] (multirobot_map_merge) StderrLine: {'line': b' 13150K .......... .......... .......... .......... .......... 84%  167M 0s\n'}
[18.337591] (multirobot_map_merge) StderrLine: {'line': b' 13200K .......... .......... .......... .......... .......... 84% 16.8M 0s\n'}
[18.337900] (multirobot_map_merge) StderrLine: {'line': b' 13250K .......... .......... .......... .......... .......... 85%  157M 0s\n'}
[18.347285] (multirobot_map_merge) StderrLine: {'line': b' 13300K .......... .......... .......... .......... .......... 85% 5.24M 0s\n'}
[18.351198] (-) TimerEvent: {}
[18.356711] (multirobot_map_merge) StderrLine: {'line': b' 13350K .......... .......... .......... .......... .......... 85% 5.17M 0s\n'}
[18.357439] (multirobot_map_merge) StderrLine: {'line': b' 13400K .......... .......... .......... .......... .......... 86% 61.5M 0s\n'}
[18.358673] (multirobot_map_merge) StderrLine: {'line': b' 13450K .......... .......... .......... .......... .......... 86% 39.3M 0s\n'}
[18.359870] (multirobot_map_merge) StderrLine: {'line': b' 13500K .......... .......... .......... .......... .......... 86% 53.9M 0s\n'}
[18.362234] (multirobot_map_merge) StderrLine: {'line': b' 13550K .......... .......... .......... .......... .......... 87% 18.6M 0s\n'}
[18.363328] (multirobot_map_merge) StderrLine: {'line': b' 13600K .......... .......... .......... .......... .......... 87% 44.3M 0s\n'}
[18.363621] (multirobot_map_merge) StderrLine: {'line': b' 13650K .......... .......... .......... .......... .......... 87%  170M 0s\n'}
[18.365701] (multirobot_map_merge) StderrLine: {'line': b' 13700K .......... .......... .......... .......... .......... 87% 23.8M 0s\n'}
[18.371148] (multirobot_map_merge) StderrLine: {'line': b' 13750K .......... .......... .......... .......... .......... 88% 8.97M 0s\n'}
[18.373310] (multirobot_map_merge) StderrLine: {'line': b' 13800K .......... .......... .......... .......... .......... 88% 22.5M 0s\n'}
[18.399430] (multirobot_map_merge) StderrLine: {'line': b' 13850K .......... .......... .......... .......... .......... 88% 1.87M 0s\n'}
[18.402250] (multirobot_map_merge) StderrLine: {'line': b' 13900K .......... .......... .......... .......... .......... 89% 17.1M 0s\n'}
[18.405811] (multirobot_map_merge) StderrLine: {'line': b' 13950K .......... .......... .......... .......... .......... 89% 13.8M 0s\n'}
[18.413409] (multirobot_map_merge) StderrLine: {'line': b' 14000K .......... .......... .......... .......... .......... 89% 6.41M 0s\n'}
[18.413881] (multirobot_map_merge) StderrLine: {'line': b' 14050K .......... .......... .......... .......... .......... 90%  157M 0s\n'}
[18.420028] (multirobot_map_merge) StderrLine: {'line': b' 14100K .......... .......... .......... .......... .......... 90% 7.76M 0s\n'}
[18.420831] (multirobot_map_merge) StderrLine: {'line': b' 14150K .......... .......... .......... .......... .......... 90% 56.4M 0s\n'}
[18.423599] (multirobot_map_merge) StderrLine: {'line': b' 14200K .......... .......... .......... .......... .......... 91% 17.8M 0s\n'}
[18.430699] (multirobot_map_merge) StderrLine: {'line': b' 14250K .......... .......... .......... .......... .......... 91% 6.97M 0s\n'}
[18.431495] (multirobot_map_merge) StderrLine: {'line': b' 14300K .......... .......... .......... .......... .......... 91% 53.9M 0s\n'}
[18.434884] (multirobot_map_merge) StderrLine: {'line': b' 14350K .......... .......... .......... .......... .......... 92% 19.0M 0s\n'}
[18.435064] (multirobot_map_merge) StderrLine: {'line': b' 14400K .......... .......... .......... .......... .......... 92%  130M 0s\n'}
[18.444306] (multirobot_map_merge) StderrLine: {'line': b' 14450K .......... .......... .......... .......... .......... 92% 4.97M 0s\n'}
[18.445179] (multirobot_map_merge) StderrLine: {'line': b' 14500K .......... .......... .......... .......... .......... 93% 53.1M 0s\n'}
[18.446272] (multirobot_map_merge) StderrLine: {'line': b' 14550K .......... .......... .......... .......... .......... 93% 45.1M 0s\n'}
[18.447210] (multirobot_map_merge) StderrLine: {'line': b' 14600K .......... .......... .......... .......... .......... 93% 54.8M 0s\n'}
[18.448876] (multirobot_map_merge) StderrLine: {'line': b' 14650K .......... .......... .......... .......... .......... 94% 28.4M 0s\n'}
[18.449552] (multirobot_map_merge) StderrLine: {'line': b' 14700K .......... .......... .......... .......... .......... 94% 70.6M 0s\n'}
[18.450584] (multirobot_map_merge) StderrLine: {'line': b' 14750K .......... .......... .......... .......... .......... 94% 49.4M 0s\n'}
[18.451277] (-) TimerEvent: {}
[18.460679] (multirobot_map_merge) StderrLine: {'line': b' 14800K .......... .......... .......... .......... .......... 95% 4.86M 0s\n'}
[18.461546] (multirobot_map_merge) StderrLine: {'line': b' 14850K .......... .......... .......... .......... .......... 95% 53.2M 0s\n'}
[18.462594] (multirobot_map_merge) StderrLine: {'line': b' 14900K .......... .......... .......... .......... .......... 95% 45.6M 0s\n'}
[18.476876] (multirobot_map_merge) StderrLine: {'line': b' 14950K .......... .......... .......... .......... .......... 95% 3.43M 0s\n'}
[18.481262] (multirobot_map_merge) StderrLine: {'line': b' 15000K .......... .......... .......... .......... .......... 96% 11.4M 0s\n'}
[18.490132] (multirobot_map_merge) StderrLine: {'line': b' 15050K .......... .......... .......... .......... .......... 96% 5.43M 0s\n'}
[18.490893] (multirobot_map_merge) StderrLine: {'line': b' 15100K .......... .......... .......... .......... .......... 96% 60.5M 0s\n'}
[18.493632] (multirobot_map_merge) StderrLine: {'line': b' 15150K .......... .......... .......... .......... .......... 97% 17.8M 0s\n'}
[18.493964] (multirobot_map_merge) StderrLine: {'line': b' 15200K .......... .......... .......... .......... .......... 97%  204M 0s\n'}
[18.494699] (multirobot_map_merge) StderrLine: {'line': b' 15250K .......... .......... .......... .......... .......... 97% 60.4M 0s\n'}
[18.504149] (multirobot_map_merge) StderrLine: {'line': b' 15300K .......... .......... .......... .......... .......... 98% 5.21M 0s\n'}
[18.505017] (multirobot_map_merge) StderrLine: {'line': b' 15350K .......... .......... .......... .......... .......... 98% 50.3M 0s\n'}
[18.506113] (multirobot_map_merge) StderrLine: {'line': b' 15400K .......... .......... .......... .......... .......... 98% 46.3M 0s\n'}
[18.507203] (multirobot_map_merge) StderrLine: {'line': b' 15450K .......... .......... .......... .......... .......... 99% 44.4M 0s\n'}
[18.509494] (multirobot_map_merge) StderrLine: {'line': b' 15500K .......... .......... .......... .......... .......... 99% 21.6M 0s\n'}
[18.509863] (multirobot_map_merge) StderrLine: {'line': b' 15550K .......... .......... .......... .......... .......... 99%  135M 0s\n'}
[18.510263] (multirobot_map_merge) StderrLine: {'line': b' 15600K .......... .......... .....                           100% 59.9M=1.8s\n'}
[18.510503] (multirobot_map_merge) StderrLine: {'line': b'\n'}
[18.510612] (multirobot_map_merge) StderrLine: {'line': b'2026-07-01 19:02:32 (8.47 MB/s) - \xe2\x80\x98/home/safal/Desktop/unitreego2nav/build/multirobot_map_merge/2011-08-09-12-22-52.pgm\xe2\x80\x99 saved [16000058/16000058]\n'}
[18.510709] (multirobot_map_merge) StderrLine: {'line': b'\n'}
[18.523907] (multirobot_map_merge) StdoutLine: {'line': b'Checking MD5 sum of /home/safal/Desktop/unitreego2nav/build/multirobot_map_merge/2011-08-09-12-22-52.pgm\n'}
[18.551381] (-) TimerEvent: {}
[18.559673] (multirobot_map_merge) StdoutLine: {'line': b'/home/safal/Desktop/unitreego2nav/build/multirobot_map_merge/2011-08-09-12-22-52.pgm: OK\n'}
[18.568709] (multirobot_map_merge) StderrLine: {'line': b'--2026-07-01 19:02:32--  https://raw.githubusercontent.com/hrnr/m-explore-extra/master/map_merge/gmapping_maps/2012-01-28-11-12-01.pgm\n'}
[18.574270] (multirobot_map_merge) StderrLine: {'line': b'Resolving raw.githubusercontent.com (raw.githubusercontent.com)... 2606:50c0:8000::154, 2606:50c0:8003::154, 2606:50c0:8001::154, ...\n'}
[18.594992] (multirobot_map_merge) StderrLine: {'line': b'Connecting to raw.githubusercontent.com (raw.githubusercontent.com)|2606:50c0:8000::154|:443... connected.\n'}
[18.651498] (-) TimerEvent: {}
[18.751783] (-) TimerEvent: {}
[18.852105] (-) TimerEvent: {}
[18.952389] (-) TimerEvent: {}
[19.052684] (-) TimerEvent: {}
[19.152989] (-) TimerEvent: {}
[19.253330] (-) TimerEvent: {}
[19.353649] (-) TimerEvent: {}
[19.453945] (-) TimerEvent: {}
[19.554257] (-) TimerEvent: {}
[19.654619] (-) TimerEvent: {}
[19.754904] (-) TimerEvent: {}
[19.855186] (-) TimerEvent: {}
[19.955574] (-) TimerEvent: {}
[20.055882] (-) TimerEvent: {}
[20.156202] (-) TimerEvent: {}
[20.256532] (-) TimerEvent: {}
[20.356813] (-) TimerEvent: {}
[20.457144] (-) TimerEvent: {}
[20.557460] (-) TimerEvent: {}
[20.657800] (-) TimerEvent: {}
[20.758084] (-) TimerEvent: {}
[20.858356] (-) TimerEvent: {}
[20.958635] (-) TimerEvent: {}
[21.001598] (multirobot_map_merge) StderrLine: {'line': b'HTTP request sent, awaiting response... 200 OK\n'}
[21.001981] (multirobot_map_merge) StderrLine: {'line': b'Length: 16000058 (15M) [application/octet-stream]\n'}
[21.002145] (multirobot_map_merge) StderrLine: {'line': b'Saving to: \xe2\x80\x98/home/safal/Desktop/unitreego2nav/build/multirobot_map_merge/2012-01-28-11-12-01.pgm\xe2\x80\x99\n'}
[21.002226] (multirobot_map_merge) StderrLine: {'line': b'\n'}
[21.033786] (multirobot_map_merge) StderrLine: {'line': b'     0K .......... .......... .......... .......... ..........  0% 1.76M 9s\n'}
[21.046720] (multirobot_map_merge) StderrLine: {'line': b'    50K .......... .......... .......... .......... ..........  0% 2.84M 7s\n'}
[21.058747] (-) TimerEvent: {}
[21.064474] (multirobot_map_merge) StderrLine: {'line': b'   100K .......... .......... .......... .......... ..........  0% 2.76M 6s\n'}
[21.077127] (multirobot_map_merge) StderrLine: {'line': b'   150K .......... .......... .......... .......... ..........  1% 3.86M 6s\n'}
[21.079653] (multirobot_map_merge) StderrLine: {'line': b'   200K .......... .......... .......... .......... ..........  1% 18.8M 5s\n'}
[21.080760] (multirobot_map_merge) StderrLine: {'line': b'   250K .......... .......... .......... .......... ..........  1% 46.1M 4s\n'}
[21.092547] (multirobot_map_merge) StderrLine: {'line': b'   300K .......... .......... .......... .......... ..........  2% 4.15M 4s\n'}
[21.107974] (multirobot_map_merge) StderrLine: {'line': b'   350K .......... .......... .......... .......... ..........  2% 9.86M 4s\n'}
[21.119945] (multirobot_map_merge) StderrLine: {'line': b'   400K .......... .......... .......... .......... ..........  2% 2.18M 4s\n'}
[21.120748] (multirobot_map_merge) StderrLine: {'line': b'   450K .......... .......... .......... .......... ..........  3% 56.5M 4s\n'}
[21.121845] (multirobot_map_merge) StderrLine: {'line': b'   500K .......... .......... .......... .......... ..........  3% 45.0M 3s\n'}
[21.128131] (multirobot_map_merge) StderrLine: {'line': b'   550K .......... .......... .......... .......... ..........  3% 7.88M 3s\n'}
[21.128955] (multirobot_map_merge) StderrLine: {'line': b'   600K .......... .......... .......... .......... ..........  4% 51.0M 3s\n'}
[21.130040] (multirobot_map_merge) StderrLine: {'line': b'   650K .......... .......... .......... .......... ..........  4% 46.3M 3s\n'}
[21.135564] (multirobot_map_merge) StderrLine: {'line': b'   700K .......... .......... .......... .......... ..........  4% 8.88M 3s\n'}
[21.150770] (multirobot_map_merge) StderrLine: {'line': b'   750K .......... .......... .......... .......... ..........  5% 3.25M 3s\n'}
[21.157513] (multirobot_map_merge) StderrLine: {'line': b'   800K .......... .......... .......... .......... ..........  5% 6.99M 3s\n'}
[21.158823] (-) TimerEvent: {}
[21.160667] (multirobot_map_merge) StderrLine: {'line': b'   850K .......... .......... .......... .......... ..........  5% 15.7M 3s\n'}
[21.167389] (multirobot_map_merge) StderrLine: {'line': b'   900K .......... .......... .......... .......... ..........  6% 7.42M 3s\n'}
[21.168112] (multirobot_map_merge) StderrLine: {'line': b'   950K .......... .......... .......... .......... ..........  6% 61.2M 2s\n'}
[21.171787] (multirobot_map_merge) StderrLine: {'line': b'  1000K .......... .......... .......... .......... ..........  6% 13.0M 2s\n'}
[21.172706] (multirobot_map_merge) StderrLine: {'line': b'  1050K .......... .......... .......... .......... ..........  7% 51.3M 2s\n'}
[21.177425] (multirobot_map_merge) StderrLine: {'line': b'  1100K .......... .......... .......... .......... ..........  7% 10.5M 2s\n'}
[21.197441] (multirobot_map_merge) StderrLine: {'line': b'  1150K .......... .......... .......... .......... ..........  7% 3.03M 2s\n'}
[21.198173] (multirobot_map_merge) StderrLine: {'line': b'  1200K .......... .......... .......... .......... ..........  7% 10.4M 2s\n'}
[21.209267] (multirobot_map_merge) StderrLine: {'line': b'  1250K .......... .......... .......... .......... ..........  8% 4.45M 2s\n'}
[21.210070] (multirobot_map_merge) StderrLine: {'line': b'  1300K .......... .......... .......... .......... ..........  8% 52.1M 2s\n'}
[21.211183] (multirobot_map_merge) StderrLine: {'line': b'  1350K .......... .......... .......... .......... ..........  8% 45.8M 2s\n'}
[21.221578] (multirobot_map_merge) StderrLine: {'line': b'  1400K .......... .......... .......... .......... ..........  9% 4.74M 2s\n'}
[21.223867] (multirobot_map_merge) StderrLine: {'line': b'  1450K .......... .......... .......... .......... ..........  9% 20.2M 2s\n'}
[21.242626] (multirobot_map_merge) StderrLine: {'line': b'  1500K .......... .......... .......... .......... ..........  9% 2.62M 2s\n'}
[21.246239] (multirobot_map_merge) StderrLine: {'line': b'  1550K .......... .......... .......... .......... .......... 10% 13.7M 2s\n'}
[21.255156] (multirobot_map_merge) StderrLine: {'line': b'  1600K .......... .......... .......... .......... .......... 10% 5.42M 2s\n'}
[21.258933] (-) TimerEvent: {}
[21.266220] (multirobot_map_merge) StderrLine: {'line': b'  1650K .......... .......... .......... .......... .......... 10% 4.40M 2s\n'}
[21.268006] (multirobot_map_merge) StderrLine: {'line': b'  1700K .......... .......... .......... .......... .......... 11% 27.0M 2s\n'}
[21.268470] (multirobot_map_merge) StderrLine: {'line': b'  1750K .......... .......... .......... .......... .......... 11%  100M 2s\n'}
[21.274773] (multirobot_map_merge) StderrLine: {'line': b'  1800K .......... .......... .......... .......... .......... 11% 8.02M 2s\n'}
[21.278956] (multirobot_map_merge) StderrLine: {'line': b'  1850K .......... .......... .......... .......... .......... 12% 11.1M 2s\n'}
[21.280003] (multirobot_map_merge) StderrLine: {'line': b'  1900K .......... .......... .......... .......... .......... 12% 46.3M 2s\n'}
[21.284639] (multirobot_map_merge) StderrLine: {'line': b'  1950K .......... .......... .......... .......... .......... 12% 10.6M 2s\n'}
[21.290734] (multirobot_map_merge) StderrLine: {'line': b'  2000K .......... .......... .......... .......... .......... 13% 8.37M 2s\n'}
[21.305341] (multirobot_map_merge) StderrLine: {'line': b'  2050K .......... .......... .......... .......... .......... 13% 3.30M 2s\n'}
[21.327025] (multirobot_map_merge) StderrLine: {'line': b'  2100K .......... .......... .......... .......... .......... 13% 2.25M 2s\n'}
[21.327758] (multirobot_map_merge) StderrLine: {'line': b'  2150K .......... .......... .......... .......... .......... 14% 65.5M 2s\n'}
[21.329212] (multirobot_map_merge) StderrLine: {'line': b'  2200K .......... .......... .......... .......... .......... 14% 35.1M 2s\n'}
[21.329701] (multirobot_map_merge) StderrLine: {'line': b'  2250K .......... .......... .......... .......... .......... 14% 82.4M 2s\n'}
[21.330649] (multirobot_map_merge) StderrLine: {'line': b'  2300K .......... .......... .......... .......... .......... 15% 50.6M 2s\n'}
[21.331400] (multirobot_map_merge) StderrLine: {'line': b'  2350K .......... .......... .......... .......... .......... 15% 64.0M 2s\n'}
[21.335465] (multirobot_map_merge) StderrLine: {'line': b'  2400K .......... .......... .......... .......... .......... 15% 12.0M 2s\n'}
[21.347922] (multirobot_map_merge) StderrLine: {'line': b'  2450K .......... .......... .......... .......... .......... 15% 3.95M 2s\n'}
[21.348554] (multirobot_map_merge) StderrLine: {'line': b'  2500K .......... .......... .......... .......... .......... 16% 65.1M 2s\n'}
[21.359043] (-) TimerEvent: {}
[21.363108] (multirobot_map_merge) StderrLine: {'line': b'  2550K .......... .......... .......... .......... .......... 16% 5.16M 2s\n'}
[21.386735] (multirobot_map_merge) StderrLine: {'line': b'  2600K .......... .......... .......... .......... .......... 16% 1.72M 2s\n'}
[21.387243] (multirobot_map_merge) StderrLine: {'line': b'  2650K .......... .......... .......... .......... .......... 17% 67.2M 2s\n'}
[21.391722] (multirobot_map_merge) StderrLine: {'line': b'  2700K .......... .......... .......... .......... .......... 17% 11.2M 2s\n'}
[21.392350] (multirobot_map_merge) StderrLine: {'line': b'  2750K .......... .......... .......... .......... .......... 17% 64.0M 2s\n'}
[21.393522] (multirobot_map_merge) StderrLine: {'line': b'  2800K .......... .......... .......... .......... .......... 18% 46.0M 2s\n'}
[21.394367] (multirobot_map_merge) StderrLine: {'line': b'  2850K .......... .......... .......... .......... .......... 18% 51.6M 2s\n'}
[21.395146] (multirobot_map_merge) StderrLine: {'line': b'  2900K .......... .......... .......... .......... .......... 18% 60.7M 2s\n'}
[21.398020] (multirobot_map_merge) StderrLine: {'line': b'  2950K .......... .......... .......... .......... .......... 19% 18.5M 2s\n'}
[21.424284] (multirobot_map_merge) StderrLine: {'line': b'  3000K .......... .......... .......... .......... .......... 19% 1.85M 2s\n'}
[21.430131] (multirobot_map_merge) StderrLine: {'line': b'  3050K .......... .......... .......... .......... .......... 19% 8.31M 2s\n'}
[21.434362] (multirobot_map_merge) StderrLine: {'line': b'  3100K .......... .......... .......... .......... .......... 20% 11.7M 2s\n'}
[21.441644] (multirobot_map_merge) StderrLine: {'line': b'  3150K .......... .......... .......... .......... .......... 20% 6.69M 2s\n'}
[21.442349] (multirobot_map_merge) StderrLine: {'line': b'  3200K .......... .......... .......... .......... .......... 20% 60.4M 2s\n'}
[21.448860] (multirobot_map_merge) StderrLine: {'line': b'  3250K .......... .......... .......... .......... .......... 21% 7.51M 2s\n'}
[21.449681] (multirobot_map_merge) StderrLine: {'line': b'  3300K .......... .......... .......... .......... .......... 21% 59.7M 2s\n'}
[21.456592] (multirobot_map_merge) StderrLine: {'line': b'  3350K .......... .......... .......... .......... .......... 21% 7.39M 2s\n'}
[21.459113] (-) TimerEvent: {}
[21.460675] (multirobot_map_merge) StderrLine: {'line': b'  3400K .......... .......... .......... .......... .......... 22% 11.4M 2s\n'}
[21.475544] (multirobot_map_merge) StderrLine: {'line': b'  3450K .......... .......... .......... .......... .......... 22% 3.27M 2s\n'}
[21.478637] (multirobot_map_merge) StderrLine: {'line': b'  3500K .......... .......... .......... .......... .......... 22% 15.7M 2s\n'}
[21.491497] (multirobot_map_merge) StderrLine: {'line': b'  3550K .......... .......... .......... .......... .......... 23% 3.83M 2s\n'}
[21.492322] (multirobot_map_merge) StderrLine: {'line': b'  3600K .......... .......... .......... .......... .......... 23% 56.0M 2s\n'}
[21.493162] (multirobot_map_merge) StderrLine: {'line': b'  3650K .......... .......... .......... .......... .......... 23% 51.3M 2s\n'}
[21.497309] (multirobot_map_merge) StderrLine: {'line': b'  3700K .......... .......... .......... .......... .......... 23% 12.1M 2s\n'}
[21.515110] (multirobot_map_merge) StderrLine: {'line': b'  3750K .......... .......... .......... .......... .......... 24% 2.77M 2s\n'}
[21.515875] (multirobot_map_merge) StderrLine: {'line': b'  3800K .......... .......... .......... .......... .......... 24% 49.0M 2s\n'}
[21.516848] (multirobot_map_merge) StderrLine: {'line': b'  3850K .......... .......... .......... .......... .......... 24% 50.8M 2s\n'}
[21.517660] (multirobot_map_merge) StderrLine: {'line': b'  3900K .......... .......... .......... .......... .......... 25% 60.4M 2s\n'}
[21.518692] (multirobot_map_merge) StderrLine: {'line': b'  3950K .......... .......... .......... .......... .......... 25% 50.1M 2s\n'}
[21.525049] (multirobot_map_merge) StderrLine: {'line': b'  4000K .......... .......... .......... .......... .......... 25% 7.65M 1s\n'}
[21.532632] (multirobot_map_merge) StderrLine: {'line': b'  4050K .......... .......... .......... .......... .......... 26% 6.43M 1s\n'}
[21.533558] (multirobot_map_merge) StderrLine: {'line': b'  4100K .......... .......... .......... .......... .......... 26% 51.5M 1s\n'}
[21.540714] (multirobot_map_merge) StderrLine: {'line': b'  4150K .......... .......... .......... .......... .......... 26% 7.06M 1s\n'}
[21.550075] (multirobot_map_merge) StderrLine: {'line': b'  4200K .......... .......... .......... .......... .......... 27% 5.14M 1s\n'}
[21.550828] (multirobot_map_merge) StderrLine: {'line': b'  4250K .......... .......... .......... .......... .......... 27% 60.6M 1s\n'}
[21.551781] (multirobot_map_merge) StderrLine: {'line': b'  4300K .......... .......... .......... .......... .......... 27% 51.0M 1s\n'}
[21.557189] (multirobot_map_merge) StderrLine: {'line': b'  4350K .......... .......... .......... .......... .......... 28% 9.05M 1s\n'}
[21.557998] (multirobot_map_merge) StderrLine: {'line': b'  4400K .......... .......... .......... .......... .......... 28% 56.5M 1s\n'}
[21.559189] (-) TimerEvent: {}
[21.567972] (multirobot_map_merge) StderrLine: {'line': b'  4450K .......... .......... .......... .......... .......... 28% 4.91M 1s\n'}
[21.568704] (multirobot_map_merge) StderrLine: {'line': b'  4500K .......... .......... .......... .......... .......... 29% 62.5M 1s\n'}
[21.569920] (multirobot_map_merge) StderrLine: {'line': b'  4550K .......... .......... .......... .......... .......... 29% 50.6M 1s\n'}
[21.570722] (multirobot_map_merge) StderrLine: {'line': b'  4600K .......... .......... .......... .......... .......... 29% 46.8M 1s\n'}
[21.574885] (multirobot_map_merge) StderrLine: {'line': b'  4650K .......... .......... .......... .......... .......... 30% 12.0M 1s\n'}
[21.594573] (multirobot_map_merge) StderrLine: {'line': b'  4700K .......... .......... .......... .......... .......... 30% 2.48M 1s\n'}
[21.595379] (multirobot_map_merge) StderrLine: {'line': b'  4750K .......... .......... .......... .......... .......... 30% 60.0M 1s\n'}
[21.610910] (multirobot_map_merge) StderrLine: {'line': b'  4800K .......... .......... .......... .......... .......... 31% 3.13M 1s\n'}
[21.611359] (multirobot_map_merge) StderrLine: {'line': b'  4850K .......... .......... .......... .......... .......... 31%  105M 1s\n'}
[21.611909] (multirobot_map_merge) StderrLine: {'line': b'  4900K .......... .......... .......... .......... .......... 31% 91.1M 1s\n'}
[21.621661] (multirobot_map_merge) StderrLine: {'line': b'  4950K .......... .......... .......... .......... .......... 31% 5.08M 1s\n'}
[21.622557] (multirobot_map_merge) StderrLine: {'line': b'  5000K .......... .......... .......... .......... .......... 32% 46.6M 1s\n'}
[21.623390] (multirobot_map_merge) StderrLine: {'line': b'  5050K .......... .......... .......... .......... .......... 32% 59.8M 1s\n'}
[21.624350] (multirobot_map_merge) StderrLine: {'line': b'  5100K .......... .......... .......... .......... .......... 32% 50.2M 1s\n'}
[21.628562] (multirobot_map_merge) StderrLine: {'line': b'  5150K .......... .......... .......... .......... .......... 33% 11.7M 1s\n'}
[21.629775] (multirobot_map_merge) StderrLine: {'line': b'  5200K .......... .......... .......... .......... .......... 33% 38.9M 1s\n'}
[21.635385] (multirobot_map_merge) StderrLine: {'line': b'  5250K .......... .......... .......... .......... .......... 33% 8.77M 1s\n'}
[21.636183] (multirobot_map_merge) StderrLine: {'line': b'  5300K .......... .......... .......... .......... .......... 34% 58.3M 1s\n'}
[21.646331] (multirobot_map_merge) StderrLine: {'line': b'  5350K .......... .......... .......... .......... .......... 34% 4.95M 1s\n'}
[21.649003] (multirobot_map_merge) StderrLine: {'line': b'  5400K .......... .......... .......... .......... .......... 34% 16.8M 1s\n'}
[21.655776] (multirobot_map_merge) StderrLine: {'line': b'  5450K .......... .......... .......... .......... .......... 35% 7.18M 1s\n'}
[21.656605] (multirobot_map_merge) StderrLine: {'line': b'  5500K .......... .......... .......... .......... .......... 35% 60.6M 1s\n'}
[21.659318] (-) TimerEvent: {}
[21.663748] (multirobot_map_merge) StderrLine: {'line': b'  5550K .......... .......... .......... .......... .......... 35% 6.90M 1s\n'}
[21.664480] (multirobot_map_merge) StderrLine: {'line': b'  5600K .......... .......... .......... .......... .......... 36% 58.7M 1s\n'}
[21.665559] (multirobot_map_merge) StderrLine: {'line': b'  5650K .......... .......... .......... .......... .......... 36% 46.1M 1s\n'}
[21.677674] (multirobot_map_merge) StderrLine: {'line': b'  5700K .......... .......... .......... .......... .......... 36% 4.06M 1s\n'}
[21.678636] (multirobot_map_merge) StderrLine: {'line': b'  5750K .......... .......... .......... .......... .......... 37% 62.9M 1s\n'}
[21.679406] (multirobot_map_merge) StderrLine: {'line': b'  5800K .......... .......... .......... .......... .......... 37% 47.5M 1s\n'}
[21.680169] (multirobot_map_merge) StderrLine: {'line': b'  5850K .......... .......... .......... .......... .......... 37% 62.1M 1s\n'}
[21.681164] (multirobot_map_merge) StderrLine: {'line': b'  5900K .......... .......... .......... .......... .......... 38% 50.1M 1s\n'}
[21.682077] (multirobot_map_merge) StderrLine: {'line': b'  5950K .......... .......... .......... .......... .......... 38% 51.4M 1s\n'}
[21.708351] (multirobot_map_merge) StderrLine: {'line': b'  6000K .......... .......... .......... .......... .......... 38% 1.87M 1s\n'}
[21.709035] (multirobot_map_merge) StderrLine: {'line': b'  6050K .......... .......... .......... .......... .......... 39% 58.7M 1s\n'}
[21.716295] (multirobot_map_merge) StderrLine: {'line': b'  6100K .......... .......... .......... .......... .......... 39% 6.76M 1s\n'}
[21.716622] (multirobot_map_merge) StderrLine: {'line': b'  6150K .......... .......... .......... .......... .......... 39%  172M 1s\n'}
[21.724293] (multirobot_map_merge) StderrLine: {'line': b'  6200K .......... .......... .......... .......... .......... 39% 6.35M 1s\n'}
[21.725742] (multirobot_map_merge) StderrLine: {'line': b'  6250K .......... .......... .......... .......... .......... 40% 32.6M 1s\n'}
[21.726293] (multirobot_map_merge) StderrLine: {'line': b'  6300K .......... .......... .......... .......... .......... 40% 90.2M 1s\n'}
[21.727261] (multirobot_map_merge) StderrLine: {'line': b'  6350K .......... .......... .......... .......... .......... 40% 50.0M 1s\n'}
[21.736386] (multirobot_map_merge) StderrLine: {'line': b'  6400K .......... .......... .......... .......... .......... 41% 5.41M 1s\n'}
[21.737379] (multirobot_map_merge) StderrLine: {'line': b'  6450K .......... .......... .......... .......... .......... 41% 58.5M 1s\n'}
[21.738158] (multirobot_map_merge) StderrLine: {'line': b'  6500K .......... .......... .......... .......... .......... 41% 48.8M 1s\n'}
[21.738924] (multirobot_map_merge) StderrLine: {'line': b'  6550K .......... .......... .......... .......... .......... 42% 60.1M 1s\n'}
[21.739970] (multirobot_map_merge) StderrLine: {'line': b'  6600K .......... .......... .......... .......... .......... 42% 48.7M 1s\n'}
[21.759417] (-) TimerEvent: {}
[21.761342] (multirobot_map_merge) StderrLine: {'line': b'  6650K .......... .......... .......... .......... .......... 42% 2.29M 1s\n'}
[21.777524] (multirobot_map_merge) StderrLine: {'line': b'  6700K .......... .......... .......... .......... .......... 43% 3.02M 1s\n'}
[21.777975] (multirobot_map_merge) StderrLine: {'line': b'  6750K .......... .......... .......... .......... .......... 43%  116M 1s\n'}
[21.778595] (multirobot_map_merge) StderrLine: {'line': b'  6800K .......... .......... .......... .......... .......... 43% 74.5M 1s\n'}
[21.779330] (multirobot_map_merge) StderrLine: {'line': b'  6850K .......... .......... .......... .......... .......... 44% 60.7M 1s\n'}
[21.782199] (multirobot_map_merge) StderrLine: {'line': b'  6900K .......... .......... .......... .......... .......... 44% 17.2M 1s\n'}
[21.782621] (multirobot_map_merge) StderrLine: {'line': b'  6950K .......... .......... .......... .......... .......... 44%  161M 1s\n'}
[21.790402] (multirobot_map_merge) StderrLine: {'line': b'  7000K .......... .......... .......... .......... .......... 45% 6.23M 1s\n'}
[21.792273] (multirobot_map_merge) StderrLine: {'line': b'  7050K .......... .......... .......... .......... .......... 45% 25.3M 1s\n'}
[21.792590] (multirobot_map_merge) StderrLine: {'line': b'  7100K .......... .......... .......... .......... .......... 45%  155M 1s\n'}
[21.793000] (multirobot_map_merge) StderrLine: {'line': b'  7150K .......... .......... .......... .......... .......... 46%  111M 1s\n'}
[21.794891] (multirobot_map_merge) StderrLine: {'line': b'  7200K .......... .......... .......... .......... .......... 46% 29.8M 1s\n'}
[21.814479] (multirobot_map_merge) StderrLine: {'line': b'  7250K .......... .......... .......... .......... .......... 46% 2.48M 1s\n'}
[21.822490] (multirobot_map_merge) StderrLine: {'line': b'  7300K .......... .......... .......... .......... .......... 47% 6.06M 1s\n'}
[21.835622] (multirobot_map_merge) StderrLine: {'line': b'  7350K .......... .......... .......... .......... .......... 47% 3.71M 1s\n'}
[21.838003] (multirobot_map_merge) StderrLine: {'line': b'  7400K .......... .......... .......... .......... .......... 47% 20.0M 1s\n'}
[21.840990] (multirobot_map_merge) StderrLine: {'line': b'  7450K .......... .......... .......... .......... .......... 47% 16.7M 1s\n'}
[21.841339] (multirobot_map_merge) StderrLine: {'line': b'  7500K .......... .......... .......... .......... .......... 48%  173M 1s\n'}
[21.846115] (multirobot_map_merge) StderrLine: {'line': b'  7550K .......... .......... .......... .......... .......... 48% 9.98M 1s\n'}
[21.859521] (-) TimerEvent: {}
[21.860328] (multirobot_map_merge) StderrLine: {'line': b'  7600K .......... .......... .......... .......... .......... 48% 3.44M 1s\n'}
[21.860782] (multirobot_map_merge) StderrLine: {'line': b'  7650K .......... .......... .......... .......... .......... 49%  148M 1s\n'}
[21.862109] (multirobot_map_merge) StderrLine: {'line': b'  7700K .......... .......... .......... .......... .......... 49% 33.2M 1s\n'}
[21.862516] (multirobot_map_merge) StderrLine: {'line': b'  7750K .......... .......... .......... .......... .......... 49%  122M 1s\n'}
[21.863085] (multirobot_map_merge) StderrLine: {'line': b'  7800K .......... .......... .......... .......... .......... 50% 80.1M 1s\n'}
[21.863857] (multirobot_map_merge) StderrLine: {'line': b'  7850K .......... .......... .......... .......... .......... 50% 64.9M 1s\n'}
[21.865715] (multirobot_map_merge) StderrLine: {'line': b'  7900K .......... .......... .......... .......... .......... 50% 26.1M 1s\n'}
[21.889812] (multirobot_map_merge) StderrLine: {'line': b'  7950K .......... .......... .......... .......... .......... 51% 2.04M 1s\n'}
[21.894796] (multirobot_map_merge) StderrLine: {'line': b'  8000K .......... .......... .......... .......... .......... 51% 9.73M 1s\n'}
[21.895352] (multirobot_map_merge) StderrLine: {'line': b'  8050K .......... .......... .......... .......... .......... 51% 69.9M 1s\n'}
[21.901990] (multirobot_map_merge) StderrLine: {'line': b'  8100K .......... .......... .......... .......... .......... 52% 7.43M 1s\n'}
[21.903008] (multirobot_map_merge) StderrLine: {'line': b'  8150K .......... .......... .......... .......... .......... 52% 55.1M 1s\n'}
[21.903760] (multirobot_map_merge) StderrLine: {'line': b'  8200K .......... .......... .......... .......... .......... 52% 54.0M 1s\n'}
[21.922831] (multirobot_map_merge) StderrLine: {'line': b'  8250K .......... .......... .......... .......... .......... 53% 2.59M 1s\n'}
[21.923528] (multirobot_map_merge) StderrLine: {'line': b'  8300K .......... .......... .......... .......... .......... 53% 51.6M 1s\n'}
[21.926474] (multirobot_map_merge) StderrLine: {'line': b'  8350K .......... .......... .......... .......... .......... 53% 16.7M 1s\n'}
[21.937830] (multirobot_map_merge) StderrLine: {'line': b'  8400K .......... .......... .......... .......... .......... 54% 4.31M 1s\n'}
[21.940562] (multirobot_map_merge) StderrLine: {'line': b'  8450K .......... .......... .......... .......... .......... 54% 17.7M 1s\n'}
[21.941334] (multirobot_map_merge) StderrLine: {'line': b'  8500K .......... .......... .......... .......... .......... 54% 60.4M 1s\n'}
[21.942583] (multirobot_map_merge) StderrLine: {'line': b'  8550K .......... .......... .......... .......... .......... 55% 40.4M 1s\n'}
[21.943534] (multirobot_map_merge) StderrLine: {'line': b'  8600K .......... .......... .......... .......... .......... 55% 50.5M 1s\n'}
[21.944339] (multirobot_map_merge) StderrLine: {'line': b'  8650K .......... .......... .......... .......... .......... 55% 60.4M 1s\n'}
[21.948024] (multirobot_map_merge) StderrLine: {'line': b'  8700K .......... .......... .......... .......... .......... 55% 13.4M 1s\n'}
[21.948809] (multirobot_map_merge) StderrLine: {'line': b'  8750K .......... .......... .......... .......... .......... 56% 56.9M 1s\n'}
[21.951316] (multirobot_map_merge) StderrLine: {'line': b'  8800K .......... .......... .......... .......... .......... 56% 20.0M 1s\n'}
[21.951626] (multirobot_map_merge) StderrLine: {'line': b'  8850K .......... .......... .......... .......... .......... 56%  152M 1s\n'}
[21.952308] (multirobot_map_merge) StderrLine: {'line': b'  8900K .......... .......... .......... .......... .......... 57% 65.3M 1s\n'}
[21.959626] (-) TimerEvent: {}
[21.959953] (multirobot_map_merge) StderrLine: {'line': b'  8950K .......... .......... .......... .......... .......... 57% 6.53M 1s\n'}
[21.963408] (multirobot_map_merge) StderrLine: {'line': b'  9000K .......... .......... .......... .......... .......... 57% 13.8M 1s\n'}
[21.974187] (multirobot_map_merge) StderrLine: {'line': b'  9050K .......... .......... .......... .......... .......... 58% 4.52M 1s\n'}
[21.977074] (multirobot_map_merge) StderrLine: {'line': b'  9100K .......... .......... .......... .......... .......... 58% 16.7M 1s\n'}
[21.981383] (multirobot_map_merge) StderrLine: {'line': b'  9150K .......... .......... .......... .......... .......... 58% 11.4M 1s\n'}
[21.999166] (multirobot_map_merge) StderrLine: {'line': b'  9200K .......... .......... .......... .......... .......... 59% 2.80M 1s\n'}
[21.999827] (multirobot_map_merge) StderrLine: {'line': b'  9250K .......... .......... .......... .......... .......... 59% 48.2M 1s\n'}
[22.000839] (multirobot_map_merge) StderrLine: {'line': b'  9300K .......... .......... .......... .......... .......... 59% 48.7M 1s\n'}
[22.001834] (multirobot_map_merge) StderrLine: {'line': b'  9350K .......... .......... .......... .......... .......... 60% 51.9M 1s\n'}
[22.004316] (multirobot_map_merge) StderrLine: {'line': b'  9400K .......... .......... .......... .......... .......... 60% 27.7M 1s\n'}
[22.004643] (multirobot_map_merge) StderrLine: {'line': b'  9450K .......... .......... .......... .......... .......... 60%  108M 1s\n'}
[22.004796] (multirobot_map_merge) StderrLine: {'line': b'  9500K .......... .......... .......... .......... .......... 61%  111M 1s\n'}
[22.005359] (multirobot_map_merge) StderrLine: {'line': b'  9550K .......... .......... .......... .......... .......... 61% 53.0M 1s\n'}
[22.011434] (multirobot_map_merge) StderrLine: {'line': b'  9600K .......... .......... .......... .......... .......... 61% 8.36M 1s\n'}
[22.012241] (multirobot_map_merge) StderrLine: {'line': b'  9650K .......... .......... .......... .......... .......... 62% 47.3M 1s\n'}
[22.013181] (multirobot_map_merge) StderrLine: {'line': b'  9700K .......... .......... .......... .......... .......... 62% 51.0M 1s\n'}
[22.014222] (multirobot_map_merge) StderrLine: {'line': b'  9750K .......... .......... .......... .......... .......... 62% 50.0M 1s\n'}
[22.033940] (multirobot_map_merge) StderrLine: {'line': b'  9800K .......... .......... .......... .......... .......... 63% 2.48M 1s\n'}
[22.039014] (multirobot_map_merge) StderrLine: {'line': b'  9850K .......... .......... .......... .......... .......... 63% 9.45M 1s\n'}
[22.039765] (multirobot_map_merge) StderrLine: {'line': b'  9900K .......... .......... .......... .......... .......... 63% 64.2M 1s\n'}
[22.043727] (multirobot_map_merge) StderrLine: {'line': b'  9950K .......... .......... .......... .......... .......... 63% 12.4M 1s\n'}
[22.059730] (-) TimerEvent: {}
[22.081214] (multirobot_map_merge) StderrLine: {'line': b' 10000K .......... .......... .......... .......... .......... 64% 65.8M 1s\n'}
[22.081709] (multirobot_map_merge) StderrLine: {'line': b' 10050K .......... .......... .......... .......... .......... 64% 1.31M 1s\n'}
[22.081993] (multirobot_map_merge) StderrLine: {'line': b' 10100K .......... .......... .......... .......... .......... 64%  156M 1s\n'}
[22.082555] (multirobot_map_merge) StderrLine: {'line': b' 10150K .......... .......... .......... .......... .......... 65% 85.7M 1s\n'}
[22.083517] (multirobot_map_merge) StderrLine: {'line': b' 10200K .......... .......... .......... .......... .......... 65% 54.8M 1s\n'}
[22.084215] (multirobot_map_merge) StderrLine: {'line': b' 10250K .......... .......... .......... .......... .......... 65% 64.0M 1s\n'}
[22.085090] (multirobot_map_merge) StderrLine: {'line': b' 10300K .......... .......... .......... .......... .......... 66% 55.2M 1s\n'}
[22.085901] (multirobot_map_merge) StderrLine: {'line': b' 10350K .......... .......... .......... .......... .......... 66% 62.3M 1s\n'}
[22.086814] (multirobot_map_merge) StderrLine: {'line': b' 10400K .......... .......... .......... .......... .......... 66% 54.6M 1s\n'}
[22.088281] (multirobot_map_merge) StderrLine: {'line': b' 10450K .......... .......... .......... .......... .......... 67% 33.7M 1s\n'}
[22.088914] (multirobot_map_merge) StderrLine: {'line': b' 10500K .......... .......... .......... .......... .......... 67% 70.0M 1s\n'}
[22.090011] (multirobot_map_merge) StderrLine: {'line': b' 10550K .......... .......... .......... .......... .......... 67% 54.4M 1s\n'}
[22.091096] (multirobot_map_merge) StderrLine: {'line': b' 10600K .......... .......... .......... .......... .......... 68% 44.5M 1s\n'}
[22.091609] (multirobot_map_merge) StderrLine: {'line': b' 10650K .......... .......... .......... .......... .......... 68% 76.5M 1s\n'}
[22.094550] (multirobot_map_merge) StderrLine: {'line': b' 10700K .......... .......... .......... .......... .......... 68% 20.9M 0s\n'}
[22.094842] (multirobot_map_merge) StderrLine: {'line': b' 10750K .......... .......... .......... .......... .......... 69%  146M 0s\n'}
[22.116532] (multirobot_map_merge) StderrLine: {'line': b' 10800K .......... .......... .......... .......... .......... 69% 2.22M 0s\n'}
[22.119798] (multirobot_map_merge) StderrLine: {'line': b' 10850K .......... .......... .......... .......... .......... 69% 14.1M 0s\n'}
[22.125674] (multirobot_map_merge) StderrLine: {'line': b' 10900K .......... .......... .......... .......... .......... 70% 8.34M 0s\n'}
[22.126759] (multirobot_map_merge) StderrLine: {'line': b' 10950K .......... .......... .......... .......... .......... 70% 51.3M 0s\n'}
[22.134734] (multirobot_map_merge) StderrLine: {'line': b' 11000K .......... .......... .......... .......... .......... 70% 5.98M 0s\n'}
[22.135588] (multirobot_map_merge) StderrLine: {'line': b' 11050K .......... .......... .......... .......... .......... 71% 72.1M 0s\n'}
[22.137639] (multirobot_map_merge) StderrLine: {'line': b' 11100K .......... .......... .......... .......... .......... 71% 22.1M 0s\n'}
[22.137923] (multirobot_map_merge) StderrLine: {'line': b' 11150K .......... .......... .......... .......... .......... 71%  145M 0s\n'}
[22.149917] (multirobot_map_merge) StderrLine: {'line': b' 11200K .......... .......... .......... .......... .......... 71% 4.08M 0s\n'}
[22.150278] (multirobot_map_merge) StderrLine: {'line': b' 11250K .......... .......... .......... .......... .......... 72%  145M 0s\n'}
[22.150735] (multirobot_map_merge) StderrLine: {'line': b' 11300K .......... .......... .......... .......... .......... 72% 92.0M 0s\n'}
[22.152133] (multirobot_map_merge) StderrLine: {'line': b' 11350K .......... .......... .......... .......... .......... 72% 35.0M 0s\n'}
[22.152461] (multirobot_map_merge) StderrLine: {'line': b' 11400K .......... .......... .......... .......... .......... 73%  149M 0s\n'}
[22.159870] (-) TimerEvent: {}
[22.166288] (multirobot_map_merge) StderrLine: {'line': b' 11450K .......... .......... .......... .......... .......... 73% 3.55M 0s\n'}
[22.167086] (multirobot_map_merge) StderrLine: {'line': b' 11500K .......... .......... .......... .......... .......... 73% 58.1M 0s\n'}
[22.169281] (multirobot_map_merge) StderrLine: {'line': b' 11550K .......... .......... .......... .......... .......... 74% 22.6M 0s\n'}
[22.169903] (multirobot_map_merge) StderrLine: {'line': b' 11600K .......... .......... .......... .......... .......... 74%  160M 0s\n'}
[22.170135] (multirobot_map_merge) StderrLine: {'line': b' 11650K .......... .......... .......... .......... .......... 74%  170M 0s\n'}
[22.170539] (multirobot_map_merge) StderrLine: {'line': b' 11700K .......... .......... .......... .......... .......... 75% 69.5M 0s\n'}
[22.171415] (multirobot_map_merge) StderrLine: {'line': b' 11750K .......... .......... .......... .......... .......... 75% 56.2M 0s\n'}
[22.173069] (multirobot_map_merge) StderrLine: {'line': b' 11800K .......... .......... .......... .......... .......... 75% 65.6M 0s\n'}
[22.196378] (multirobot_map_merge) StderrLine: {'line': b' 11850K .......... .......... .......... .......... .......... 76% 2.02M 0s\n'}
[22.206674] (multirobot_map_merge) StderrLine: {'line': b' 11900K .......... .......... .......... .......... .......... 76% 4.77M 0s\n'}
[22.207945] (multirobot_map_merge) StderrLine: {'line': b' 11950K .......... .......... .......... .......... .......... 76% 34.3M 0s\n'}
[22.208314] (multirobot_map_merge) StderrLine: {'line': b' 12000K .......... .......... .......... .......... .......... 77%  184M 0s\n'}
[22.209015] (multirobot_map_merge) StderrLine: {'line': b' 12050K .......... .......... .......... .......... .......... 77% 60.2M 0s\n'}
[22.209788] (multirobot_map_merge) StderrLine: {'line': b' 12100K .......... .......... .......... .......... .......... 77% 64.5M 0s\n'}
[22.211249] (multirobot_map_merge) StderrLine: {'line': b' 12150K .......... .......... .......... .......... .......... 78% 33.7M 0s\n'}
[22.228957] (multirobot_map_merge) StderrLine: {'line': b' 12200K .......... .......... .......... .......... .......... 78% 2.75M 0s\n'}
[22.230101] (multirobot_map_merge) StderrLine: {'line': b' 12250K .......... .......... .......... .......... .......... 78% 42.5M 0s\n'}
[22.239169] (multirobot_map_merge) StderrLine: {'line': b' 12300K .......... .......... .......... .......... .......... 79% 5.41M 0s\n'}
[22.239807] (multirobot_map_merge) StderrLine: {'line': b' 12350K .......... .......... .......... .......... .......... 79% 72.2M 0s\n'}
[22.240731] (multirobot_map_merge) StderrLine: {'line': b' 12400K .......... .......... .......... .......... .......... 79% 54.0M 0s\n'}
[22.241468] (multirobot_map_merge) StderrLine: {'line': b' 12450K .......... .......... .......... .......... .......... 79% 64.8M 0s\n'}
[22.245473] (multirobot_map_merge) StderrLine: {'line': b' 12500K .......... .......... .......... .......... .......... 80% 12.2M 0s\n'}
[22.247632] (multirobot_map_merge) StderrLine: {'line': b' 12550K .......... .......... .......... .......... .......... 80% 23.2M 0s\n'}
[22.248469] (multirobot_map_merge) StderrLine: {'line': b' 12600K .......... .......... .......... .......... .......... 80% 55.4M 0s\n'}
[22.249223] (multirobot_map_merge) StderrLine: {'line': b' 12650K .......... .......... .......... .......... .......... 81% 66.7M 0s\n'}
[22.250317] (multirobot_map_merge) StderrLine: {'line': b' 12700K .......... .......... .......... .......... .......... 81% 44.0M 0s\n'}
[22.255713] (multirobot_map_merge) StderrLine: {'line': b' 12750K .......... .......... .......... .......... .......... 81% 13.4M 0s\n'}
[22.259974] (-) TimerEvent: {}
[22.264736] (multirobot_map_merge) StderrLine: {'line': b' 12800K .......... .......... .......... .......... .......... 82% 4.57M 0s\n'}
[22.278269] (multirobot_map_merge) StderrLine: {'line': b' 12850K .......... .......... .......... .......... .......... 82% 3.60M 0s\n'}
[22.280984] (multirobot_map_merge) StderrLine: {'line': b' 12900K .......... .......... .......... .......... .......... 82% 18.0M 0s\n'}
[22.283808] (multirobot_map_merge) StderrLine: {'line': b' 12950K .......... .......... .......... .......... .......... 83% 17.0M 0s\n'}
[22.310427] (multirobot_map_merge) StderrLine: {'line': b' 13000K .......... .......... .......... .......... .......... 83% 1.84M 0s\n'}
[22.311025] (multirobot_map_merge) StderrLine: {'line': b' 13050K .......... .......... .......... .......... .......... 83% 72.0M 0s\n'}
[22.312135] (multirobot_map_merge) StderrLine: {'line': b' 13100K .......... .......... .......... .......... .......... 84% 44.8M 0s\n'}
[22.312832] (multirobot_map_merge) StderrLine: {'line': b' 13150K .......... .......... .......... .......... .......... 84% 65.7M 0s\n'}
[22.314737] (multirobot_map_merge) StderrLine: {'line': b' 13200K .......... .......... .......... .......... .......... 84% 26.3M 0s\n'}
[22.315015] (multirobot_map_merge) StderrLine: {'line': b' 13250K .......... .......... .......... .......... .......... 85%  218M 0s\n'}
[22.315551] (multirobot_map_merge) StderrLine: {'line': b' 13300K .......... .......... .......... .......... .......... 85% 77.7M 0s\n'}
[22.316247] (multirobot_map_merge) StderrLine: {'line': b' 13350K .......... .......... .......... .......... .......... 85% 67.0M 0s\n'}
[22.324560] (multirobot_map_merge) StderrLine: {'line': b' 13400K .......... .......... .......... .......... .......... 86% 5.92M 0s\n'}
[22.330985] (multirobot_map_merge) StderrLine: {'line': b' 13450K .......... .......... .......... .......... .......... 86% 7.59M 0s\n'}
[22.331369] (multirobot_map_merge) StderrLine: {'line': b' 13500K .......... .......... .......... .......... .......... 86%  145M 0s\n'}
[22.331713] (multirobot_map_merge) StderrLine: {'line': b' 13550K .......... .......... .......... .......... .......... 87%  115M 0s\n'}
[22.332242] (multirobot_map_merge) StderrLine: {'line': b' 13600K .......... .......... .......... .......... .......... 87% 92.9M 0s\n'}
[22.333116] (multirobot_map_merge) StderrLine: {'line': b' 13650K .......... .......... .......... .......... .......... 87% 56.2M 0s\n'}
[22.336210] (multirobot_map_merge) StderrLine: {'line': b' 13700K .......... .......... .......... .......... .......... 87% 16.1M 0s\n'}
[22.336918] (multirobot_map_merge) StderrLine: {'line': b' 13750K .......... .......... .......... .......... .......... 88% 64.0M 0s\n'}
[22.337831] (multirobot_map_merge) StderrLine: {'line': b' 13800K .......... .......... .......... .......... .......... 88% 54.3M 0s\n'}
[22.360068] (-) TimerEvent: {}
[22.369329] (multirobot_map_merge) StderrLine: {'line': b' 13850K .......... .......... .......... .......... .......... 88% 1.55M 0s\n'}
[22.379063] (multirobot_map_merge) StderrLine: {'line': b' 13900K .......... .......... .......... .......... .......... 89% 5.02M 0s\n'}
[22.379895] (multirobot_map_merge) StderrLine: {'line': b' 13950K .......... .......... .......... .......... .......... 89% 55.4M 0s\n'}
[22.380681] (multirobot_map_merge) StderrLine: {'line': b' 14000K .......... .......... .......... .......... .......... 89% 65.7M 0s\n'}
[22.402704] (multirobot_map_merge) StderrLine: {'line': b' 14050K .......... .......... .......... .......... .......... 90% 2.22M 0s\n'}
[22.403354] (multirobot_map_merge) StderrLine: {'line': b' 14100K .......... .......... .......... .......... .......... 90% 72.3M 0s\n'}
[22.404244] (multirobot_map_merge) StderrLine: {'line': b' 14150K .......... .......... .......... .......... .......... 90% 54.1M 0s\n'}
[22.405198] (multirobot_map_merge) StderrLine: {'line': b' 14200K .......... .......... .......... .......... .......... 91% 65.6M 0s\n'}
[22.406086] (multirobot_map_merge) StderrLine: {'line': b' 14250K .......... .......... .......... .......... .......... 91% 44.7M 0s\n'}
[22.406985] (multirobot_map_merge) StderrLine: {'line': b' 14300K .......... .......... .......... .......... .......... 91% 55.5M 0s\n'}
[22.431052] (multirobot_map_merge) StderrLine: {'line': b' 14350K .......... .......... .......... .......... .......... 92% 2.03M 0s\n'}
[22.432509] (multirobot_map_merge) StderrLine: {'line': b' 14400K .......... .......... .......... .......... .......... 92% 32.0M 0s\n'}
[22.432998] (multirobot_map_merge) StderrLine: {'line': b' 14450K .......... .......... .......... .......... .......... 92% 99.8M 0s\n'}
[22.433897] (multirobot_map_merge) StderrLine: {'line': b' 14500K .......... .......... .......... .......... .......... 93% 55.1M 0s\n'}
[22.434656] (multirobot_map_merge) StderrLine: {'line': b' 14550K .......... .......... .......... .......... .......... 93% 62.3M 0s\n'}
[22.435516] (multirobot_map_merge) StderrLine: {'line': b' 14600K .......... .......... .......... .......... .......... 93% 55.1M 0s\n'}
[22.438625] (multirobot_map_merge) StderrLine: {'line': b' 14650K .......... .......... .......... .......... .......... 94% 15.8M 0s\n'}
[22.439559] (multirobot_map_merge) StderrLine: {'line': b' 14700K .......... .......... .......... .......... .......... 94% 63.6M 0s\n'}
[22.440708] (multirobot_map_merge) StderrLine: {'line': b' 14750K .......... .......... .......... .......... .......... 94% 38.4M 0s\n'}
[22.441318] (multirobot_map_merge) StderrLine: {'line': b' 14800K .......... .......... .......... .......... .......... 95% 86.2M 0s\n'}
[22.442124] (multirobot_map_merge) StderrLine: {'line': b' 14850K .......... .......... .......... .......... .......... 95% 56.3M 0s\n'}
[22.442776] (multirobot_map_merge) StderrLine: {'line': b' 14900K .......... .......... .......... .......... .......... 95% 76.2M 0s\n'}
[22.443727] (multirobot_map_merge) StderrLine: {'line': b' 14950K .......... .......... .......... .......... .......... 95% 51.1M 0s\n'}
[22.446114] (multirobot_map_merge) StderrLine: {'line': b' 15000K .......... .......... .......... .......... .......... 96% 20.3M 0s\n'}
[22.460175] (-) TimerEvent: {}
[22.471376] (multirobot_map_merge) StderrLine: {'line': b' 15050K .......... .......... .......... .......... .......... 96% 1.94M 0s\n'}
[22.473665] (multirobot_map_merge) StderrLine: {'line': b' 15100K .......... .......... .......... .......... .......... 96% 20.8M 0s\n'}
[22.480347] (multirobot_map_merge) StderrLine: {'line': b' 15150K .......... .......... .......... .......... .......... 97% 7.41M 0s\n'}
[22.480987] (multirobot_map_merge) StderrLine: {'line': b' 15200K .......... .......... .......... .......... .......... 97% 63.8M 0s\n'}
[22.490014] (multirobot_map_merge) StderrLine: {'line': b' 15250K .......... .......... .......... .......... .......... 97% 5.45M 0s\n'}
[22.490671] (multirobot_map_merge) StderrLine: {'line': b' 15300K .......... .......... .......... .......... .......... 98% 67.3M 0s\n'}
[22.491603] (multirobot_map_merge) StderrLine: {'line': b' 15350K .......... .......... .......... .......... .......... 98% 53.9M 0s\n'}
[22.499381] (multirobot_map_merge) StderrLine: {'line': b' 15400K .......... .......... .......... .......... .......... 98% 6.45M 0s\n'}
[22.499965] (multirobot_map_merge) StderrLine: {'line': b' 15450K .......... .......... .......... .......... .......... 99% 76.5M 0s\n'}
[22.501977] (multirobot_map_merge) StderrLine: {'line': b' 15500K .......... .......... .......... .......... .......... 99% 22.7M 0s\n'}
[22.502458] (multirobot_map_merge) StderrLine: {'line': b' 15550K .......... .......... .......... .......... .......... 99% 98.7M 0s\n'}
[22.502834] (multirobot_map_merge) StderrLine: {'line': b' 15600K .......... .......... .....                           100%  169M=1.5s\n'}
[22.503011] (multirobot_map_merge) StderrLine: {'line': b'\n'}
[22.503175] (multirobot_map_merge) StderrLine: {'line': b'2026-07-01 19:02:36 (10.2 MB/s) - \xe2\x80\x98/home/safal/Desktop/unitreego2nav/build/multirobot_map_merge/2012-01-28-11-12-01.pgm\xe2\x80\x99 saved [16000058/16000058]\n'}
[22.503348] (multirobot_map_merge) StderrLine: {'line': b'\n'}
[22.505755] (multirobot_map_merge) StdoutLine: {'line': b'Checking MD5 sum of /home/safal/Desktop/unitreego2nav/build/multirobot_map_merge/2012-01-28-11-12-01.pgm\n'}
[22.547065] (multirobot_map_merge) StdoutLine: {'line': b'/home/safal/Desktop/unitreego2nav/build/multirobot_map_merge/2012-01-28-11-12-01.pgm: OK\n'}
[22.560065] (multirobot_map_merge) StdoutLine: {'line': b"-- Found gtest sources under '/opt/ros/humble/src/gtest_vendor': C++ tests using 'Google Test' will be built\n"}
[22.560283] (-) TimerEvent: {}
[22.564313] (multirobot_map_merge) StderrLine: {'line': b'\x1b[0mCMake Deprecation Warning at /opt/ros/humble/src/gtest_vendor/CMakeLists.txt:2 (cmake_minimum_required):\n'}
[22.564480] (multirobot_map_merge) StderrLine: {'line': b'  Compatibility with CMake < 3.10 will be removed from a future version of\n'}
[22.564575] (multirobot_map_merge) StderrLine: {'line': b'  CMake.\n'}
[22.564659] (multirobot_map_merge) StderrLine: {'line': b'\n'}
[22.564742] (multirobot_map_merge) StderrLine: {'line': b'  Update the VERSION argument <min> value.  Or, use the <min>...<max> syntax\n'}
[22.564826] (multirobot_map_merge) StderrLine: {'line': b'  to tell CMake that the project requires at least <min> but has been updated\n'}
[22.564907] (multirobot_map_merge) StderrLine: {'line': b'  to work with policies introduced by <max> or earlier.\n'}
[22.564987] (multirobot_map_merge) StderrLine: {'line': b'\n'}
[22.565070] (multirobot_map_merge) StderrLine: {'line': b'\x1b[0m\n'}
[22.581485] (multirobot_map_merge) StdoutLine: {'line': b"-- Added test 'cppcheck' to perform static code analysis on C / C++ code\n"}
[22.582391] (multirobot_map_merge) StdoutLine: {'line': b'-- Configured cppcheck include dirs: /home/safal/Desktop/unitreego2nav/src/m-explore-ros2/map_merge/include;$<BUILD_INTERFACE:/home/safal/Desktop/unitreego2nav/src/m-explore-ros2/map_merge/include>\n'}
[22.582559] (multirobot_map_merge) StdoutLine: {'line': b'-- Configured cppcheck exclude dirs and/or files: \n'}
[22.583713] (multirobot_map_merge) StdoutLine: {'line': b"-- Added test 'flake8' to check Python code syntax and style conventions\n"}
[22.585417] (multirobot_map_merge) StdoutLine: {'line': b"-- Added test 'lint_cmake' to check CMake code style\n"}
[22.586678] (multirobot_map_merge) StdoutLine: {'line': b"-- Added test 'pep257' to check Python code against some of the docstring style conventions in PEP 257\n"}
[22.589873] (multirobot_map_merge) StdoutLine: {'line': b"-- Added test 'uncrustify' to check C / C++ code style\n"}
[22.590171] (multirobot_map_merge) StdoutLine: {'line': b'-- Configured uncrustify additional arguments: \n'}
[22.591684] (multirobot_map_merge) StdoutLine: {'line': b"-- Added test 'xmllint' to check XML markup files\n"}
[22.596924] (multirobot_map_merge) StdoutLine: {'line': b'-- Configuring done (22.1s)\n'}
[22.660363] (-) TimerEvent: {}
[22.746121] (multirobot_map_merge) StdoutLine: {'line': b'-- Generating done (0.1s)\n'}
[22.760482] (-) TimerEvent: {}
[22.848976] (multirobot_map_merge) StdoutLine: {'line': b'-- Build files have been written to: /home/safal/Desktop/unitreego2nav/build/multirobot_map_merge\n'}
[22.860597] (-) TimerEvent: {}
[22.867606] (multirobot_map_merge) CommandEnded: {'returncode': 0}
[22.868909] (multirobot_map_merge) JobProgress: {'identifier': 'multirobot_map_merge', 'progress': 'build'}
[22.869587] (multirobot_map_merge) Command: {'cmd': ['/usr/bin/cmake', '--build', '/home/safal/Desktop/unitreego2nav/build/multirobot_map_merge', '--', '-j8', '-l8'], 'cwd': '/home/safal/Desktop/unitreego2nav/build/multirobot_map_merge', 'env': OrderedDict([('LESSOPEN', '| /usr/bin/lesspipe %s'), ('USER', 'safal'), ('LC_TIME', 'bho_NP'), ('XDG_SESSION_TYPE', 'wayland'), ('SHLVL', '1'), ('LD_LIBRARY_PATH', '/home/safal/Desktop/unitreego2nav/install/multirobot_map_merge/lib:/home/safal/Desktop/unitreego2nav/install/explore_lite_msgs/lib:/usr/lib/x86_64-linux-gnu/gazebo-11/plugins:/opt/ros/humble/opt/rviz_ogre_vendor/lib:/opt/ros/humble/lib/x86_64-linux-gnu:/opt/ros/humble/lib'), ('HOME', '/home/safal'), ('CONDA_SHLVL', '0'), ('CYCLONEDDS_URI', '<CycloneDDS><Domain><General><Interfaces><NetworkInterface name="enp4s0" priority="default" multicast="default"/></Interfaces></General></Domain></CycloneDDS>'), ('DESKTOP_SESSION', 'ubuntu'), ('ROS_PYTHON_VERSION', '3'), ('GNOME_SHELL_SESSION_MODE', 'ubuntu'), ('GTK_MODULES', 'gail:atk-bridge'), ('LC_MONETARY', 'bho_NP'), ('SYSTEMD_EXEC_PID', '123838'), ('DBUS_SESSION_BUS_ADDRESS', 'unix:path=/run/user/1000/bus'), ('COLORTERM', 'truecolor'), ('_CE_M', ''), ('_CONDA_ROOT', '/home/safal/miniconda3'), ('IM_CONFIG_PHASE', '1'), ('WAYLAND_DISPLAY', 'wayland-0'), ('COLCON_PREFIX_PATH', '/home/safal/Desktop/unitreego2nav/install'), ('ROS_DISTRO', 'humble'), ('LOGNAME', 'safal'), ('_', '/usr/bin/colcon'), ('ROS_VERSION', '2'), ('XDG_SESSION_CLASS', 'user'), ('USERNAME', 'safal'), ('TERM', 'xterm-256color'), ('GNOME_DESKTOP_SESSION_ID', 'this-is-deprecated'), ('_CE_CONDA', ''), ('ROS_LOCALHOST_ONLY', '0'), ('PATH', '/opt/ros/humble/bin:/home/safal/miniconda3/condabin:/home/safal/.local/bin:/usr/local/sbin:/usr/local/bin:/usr/sbin:/usr/bin:/sbin:/bin:/usr/games:/usr/local/games:/snap/bin:/snap/bin'), ('SESSION_MANAGER', 'local/safal:@/tmp/.ICE-unix/1615,unix/safal:/tmp/.ICE-unix/1615'), ('XDG_MENU_PREFIX', 'gnome-'), ('LC_ADDRESS', 'bho_NP'), ('GNOME_TERMINAL_SCREEN', '/org/gnome/Terminal/screen/915e8a2d_ac6e_4f6f_acca_6760289847ac'), ('GNOME_SETUP_DISPLAY', ':1'), ('COLCON_CMAKE_ARGS', '-DCMAKE_POLICY_VERSION_MINIMUM=3.5'), ('XDG_RUNTIME_DIR', '/run/user/1000'), ('DISPLAY', ':0'), ('LANG', 'en_US.UTF-8'), ('XDG_CURRENT_DESKTOP', 'ubuntu:GNOME'), ('LC_TELEPHONE', 'bho_NP'), ('RMW_IMPLEMENTATION', 'rmw_cyclonedds_cpp'), ('XMODIFIERS', '@im=ibus'), ('XDG_SESSION_DESKTOP', 'ubuntu'), ('XAUTHORITY', '/run/user/1000/.mutter-Xwaylandauth.TNARR3'), ('LS_COLORS', 'rs=0:di=01;34:ln=01;36:mh=00:pi=40;33:so=01;35:do=01;35:bd=40;33;01:cd=40;33;01:or=40;31;01:mi=00:su=37;41:sg=30;43:ca=30;41:tw=30;42:ow=34;42:st=37;44:ex=01;32:*.tar=01;31:*.tgz=01;31:*.arc=01;31:*.arj=01;31:*.taz=01;31:*.lha=01;31:*.lz4=01;31:*.lzh=01;31:*.lzma=01;31:*.tlz=01;31:*.txz=01;31:*.tzo=01;31:*.t7z=01;31:*.zip=01;31:*.z=01;31:*.dz=01;31:*.gz=01;31:*.lrz=01;31:*.lz=01;31:*.lzo=01;31:*.xz=01;31:*.zst=01;31:*.tzst=01;31:*.bz2=01;31:*.bz=01;31:*.tbz=01;31:*.tbz2=01;31:*.tz=01;31:*.deb=01;31:*.rpm=01;31:*.jar=01;31:*.war=01;31:*.ear=01;31:*.sar=01;31:*.rar=01;31:*.alz=01;31:*.ace=01;31:*.zoo=01;31:*.cpio=01;31:*.7z=01;31:*.rz=01;31:*.cab=01;31:*.wim=01;31:*.swm=01;31:*.dwm=01;31:*.esd=01;31:*.jpg=01;35:*.jpeg=01;35:*.mjpg=01;35:*.mjpeg=01;35:*.gif=01;35:*.bmp=01;35:*.pbm=01;35:*.pgm=01;35:*.ppm=01;35:*.tga=01;35:*.xbm=01;35:*.xpm=01;35:*.tif=01;35:*.tiff=01;35:*.png=01;35:*.svg=01;35:*.svgz=01;35:*.mng=01;35:*.pcx=01;35:*.mov=01;35:*.mpg=01;35:*.mpeg=01;35:*.m2v=01;35:*.mkv=01;35:*.webm=01;35:*.webp=01;35:*.ogm=01;35:*.mp4=01;35:*.m4v=01;35:*.mp4v=01;35:*.vob=01;35:*.qt=01;35:*.nuv=01;35:*.wmv=01;35:*.asf=01;35:*.rm=01;35:*.rmvb=01;35:*.flc=01;35:*.avi=01;35:*.fli=01;35:*.flv=01;35:*.gl=01;35:*.dl=01;35:*.xcf=01;35:*.xwd=01;35:*.yuv=01;35:*.cgm=01;35:*.emf=01;35:*.ogv=01;35:*.ogx=01;35:*.aac=00;36:*.au=00;36:*.flac=00;36:*.m4a=00;36:*.mid=00;36:*.midi=00;36:*.mka=00;36:*.mp3=00;36:*.mpc=00;36:*.ogg=00;36:*.ra=00;36:*.wav=00;36:*.oga=00;36:*.opus=00;36:*.spx=00;36:*.xspf=00;36:'), ('GNOME_TERMINAL_SERVICE', ':1.385'), ('SSH_AGENT_LAUNCHER', 'gnome-keyring'), ('SSH_AUTH_SOCK', '/run/user/1000/keyring/ssh'), ('AMENT_PREFIX_PATH', '/home/safal/Desktop/unitreego2nav/install/multirobot_map_merge:/home/safal/Desktop/unitreego2nav/install/go2_nav:/home/safal/Desktop/unitreego2nav/install/explore_lite:/home/safal/Desktop/unitreego2nav/install/explore_lite_msgs:/opt/ros/humble'), ('CONDA_PYTHON_EXE', '/home/safal/miniconda3/bin/python'), ('SHELL', '/bin/bash'), ('LC_NAME', 'bho_NP'), ('QT_ACCESSIBILITY', '1'), ('GDMSESSION', 'ubuntu'), ('LESSCLOSE', '/usr/bin/lesspipe %s %s'), ('LC_MEASUREMENT', 'bho_NP'), ('_CONDA_EXE', '/home/safal/miniconda3/bin/conda'), ('LC_IDENTIFICATION', 'bho_NP'), ('QT_IM_MODULE', 'ibus'), ('PWD', '/home/safal/Desktop/unitreego2nav/build/multirobot_map_merge'), ('LC_ALL', 'en_US.UTF-8'), ('XDG_CONFIG_DIRS', '/etc/xdg/xdg-ubuntu:/etc/xdg'), ('CONDA_EXE', '/home/safal/miniconda3/bin/conda'), ('XDG_DATA_DIRS', '/usr/share/ubuntu:/usr/local/share/:/usr/share/:/var/lib/snapd/desktop'), ('PYTHONPATH', '/home/safal/Desktop/unitreego2nav/install/go2_nav/lib/python3.10/site-packages:/home/safal/Desktop/unitreego2nav/install/explore_lite_msgs/local/lib/python3.10/dist-packages:/opt/ros/humble/lib/python3.10/site-packages:/opt/ros/humble/local/lib/python3.10/dist-packages'), ('LC_NUMERIC', 'bho_NP'), ('LC_PAPER', 'bho_NP'), ('COLCON', '1'), ('VTE_VERSION', '6800'), ('CMAKE_PREFIX_PATH', '/home/safal/Desktop/unitreego2nav/install/multirobot_map_merge:/home/safal/Desktop/unitreego2nav/install/explore_lite:/home/safal/Desktop/unitreego2nav/install/explore_lite_msgs:/home/safal/Desktop/unitreego2nav/install/go2_nav:/opt/ros/humble')]), 'shell': False}
[22.906728] (multirobot_map_merge) StdoutLine: {'line': b'[  8%] \x1b[32mBuilding CXX object gtest/CMakeFiles/gtest_main.dir/src/gtest_main.cc.o\x1b[0m\n'}
[22.907126] (multirobot_map_merge) StdoutLine: {'line': b'[ 16%] \x1b[32mBuilding CXX object CMakeFiles/combine_grids.dir/src/combine_grids/grid_warper.cpp.o\x1b[0m\n'}
[22.907556] (multirobot_map_merge) StdoutLine: {'line': b'[ 33%] \x1b[32mBuilding CXX object CMakeFiles/combine_grids.dir/src/combine_grids/grid_compositor.cpp.o\x1b[0m\n'}
[22.907724] (multirobot_map_merge) StdoutLine: {'line': b'[ 33%] \x1b[32mBuilding CXX object CMakeFiles/combine_grids.dir/src/combine_grids/merging_pipeline.cpp.o\x1b[0m\n'}
[22.908686] (multirobot_map_merge) StdoutLine: {'line': b'[ 41%] \x1b[32mBuilding CXX object gtest/CMakeFiles/gtest.dir/src/gtest-all.cc.o\x1b[0m\n'}
[22.962356] (-) TimerEvent: {}
[23.062738] (-) TimerEvent: {}
[23.163117] (-) TimerEvent: {}
[23.263498] (-) TimerEvent: {}
[23.363862] (-) TimerEvent: {}
[23.464232] (-) TimerEvent: {}
[23.567587] (-) TimerEvent: {}
[23.668099] (-) TimerEvent: {}
[23.768525] (-) TimerEvent: {}
[23.868916] (-) TimerEvent: {}
[23.970156] (-) TimerEvent: {}
[24.070520] (-) TimerEvent: {}
[24.170931] (-) TimerEvent: {}
[24.272614] (-) TimerEvent: {}
[24.373058] (-) TimerEvent: {}
[24.475800] (-) TimerEvent: {}
[24.599121] (-) TimerEvent: {}
[24.706558] (-) TimerEvent: {}
[24.807374] (-) TimerEvent: {}
[24.907887] (-) TimerEvent: {}
[25.008381] (-) TimerEvent: {}
[25.108999] (-) TimerEvent: {}
[25.209633] (-) TimerEvent: {}
[25.274348] (multirobot_map_merge) StdoutLine: {'line': b'[ 50%] \x1b[1m\x1b[32mLinking CXX static library libgtest_main.a\x1b[0m\n'}
[25.309753] (-) TimerEvent: {}
[25.375458] (multirobot_map_merge) StdoutLine: {'line': b'[ 50%] Built target gtest_main\n'}
[25.409860] (-) TimerEvent: {}
[25.510238] (-) TimerEvent: {}
[25.611375] (-) TimerEvent: {}
[25.711860] (-) TimerEvent: {}
[25.812317] (-) TimerEvent: {}
[25.912793] (-) TimerEvent: {}
[26.013236] (-) TimerEvent: {}
[26.113593] (-) TimerEvent: {}
[26.213972] (-) TimerEvent: {}
[26.314355] (-) TimerEvent: {}
[26.414775] (-) TimerEvent: {}
[26.515729] (-) TimerEvent: {}
[26.616113] (-) TimerEvent: {}
[26.718079] (-) TimerEvent: {}
[26.818486] (-) TimerEvent: {}
[26.918848] (-) TimerEvent: {}
[27.019229] (-) TimerEvent: {}
[27.119642] (-) TimerEvent: {}
[27.220066] (-) TimerEvent: {}
[27.320478] (-) TimerEvent: {}
[27.420889] (-) TimerEvent: {}
[27.521353] (-) TimerEvent: {}
[27.621763] (-) TimerEvent: {}
[27.722175] (-) TimerEvent: {}
[27.822500] (-) TimerEvent: {}
[27.922903] (-) TimerEvent: {}
[27.943701] (explore_lite) StdoutLine: {'line': b'[100%] \x1b[1m\x1b[32mLinking CXX executable explore\x1b[0m\n'}
[28.023020] (-) TimerEvent: {}
[28.123420] (-) TimerEvent: {}
[28.223815] (-) TimerEvent: {}
[28.324337] (-) TimerEvent: {}
[28.424840] (-) TimerEvent: {}
[28.525279] (-) TimerEvent: {}
[28.625744] (-) TimerEvent: {}
[28.726214] (-) TimerEvent: {}
[28.826787] (-) TimerEvent: {}
[28.927222] (-) TimerEvent: {}
[29.027686] (-) TimerEvent: {}
[29.038290] (multirobot_map_merge) StdoutLine: {'line': b'[ 58%] \x1b[1m\x1b[32mLinking CXX static library libgtest.a\x1b[0m\n'}
[29.127798] (-) TimerEvent: {}
[29.143769] (multirobot_map_merge) StdoutLine: {'line': b'[ 58%] Built target gtest\n'}
[29.227916] (-) TimerEvent: {}
[29.328409] (-) TimerEvent: {}
[29.428913] (-) TimerEvent: {}
[29.529316] (-) TimerEvent: {}
[29.629644] (-) TimerEvent: {}
[29.729952] (-) TimerEvent: {}
[29.830247] (-) TimerEvent: {}
[29.930605] (-) TimerEvent: {}
[30.030907] (-) TimerEvent: {}
[30.054807] (multirobot_map_merge) StdoutLine: {'line': b'[ 66%] \x1b[1m\x1b[32mLinking CXX static library libcombine_grids.a\x1b[0m\n'}
[30.127421] (multirobot_map_merge) StdoutLine: {'line': b'[ 66%] Built target combine_grids\n'}
[30.131000] (-) TimerEvent: {}
[30.140931] (multirobot_map_merge) StdoutLine: {'line': b'[ 75%] \x1b[32mBuilding CXX object CMakeFiles/test_merging_pipeline.dir/test/test_merging_pipeline.cpp.o\x1b[0m\n'}
[30.141164] (multirobot_map_merge) StdoutLine: {'line': b'[ 83%] \x1b[32mBuilding CXX object CMakeFiles/map_merge.dir/src/map_merge.cpp.o\x1b[0m\n'}
[30.231111] (-) TimerEvent: {}
[30.253593] (explore_lite) StdoutLine: {'line': b'[100%] Built target explore\n'}
[30.261195] (explore_lite) CommandEnded: {'returncode': 0}
[30.263175] (explore_lite) JobProgress: {'identifier': 'explore_lite', 'progress': 'install'}
[30.263641] (explore_lite) Command: {'cmd': ['/usr/bin/cmake', '--install', '/home/safal/Desktop/unitreego2nav/build/explore_lite'], 'cwd': '/home/safal/Desktop/unitreego2nav/build/explore_lite', 'env': OrderedDict([('LESSOPEN', '| /usr/bin/lesspipe %s'), ('USER', 'safal'), ('LC_TIME', 'bho_NP'), ('XDG_SESSION_TYPE', 'wayland'), ('SHLVL', '1'), ('LD_LIBRARY_PATH', '/home/safal/Desktop/unitreego2nav/install/explore_lite_msgs/lib:/home/safal/Desktop/unitreego2nav/install/multirobot_map_merge/lib:/usr/lib/x86_64-linux-gnu/gazebo-11/plugins:/opt/ros/humble/opt/rviz_ogre_vendor/lib:/opt/ros/humble/lib/x86_64-linux-gnu:/opt/ros/humble/lib'), ('HOME', '/home/safal'), ('CONDA_SHLVL', '0'), ('CYCLONEDDS_URI', '<CycloneDDS><Domain><General><Interfaces><NetworkInterface name="enp4s0" priority="default" multicast="default"/></Interfaces></General></Domain></CycloneDDS>'), ('DESKTOP_SESSION', 'ubuntu'), ('ROS_PYTHON_VERSION', '3'), ('GNOME_SHELL_SESSION_MODE', 'ubuntu'), ('GTK_MODULES', 'gail:atk-bridge'), ('LC_MONETARY', 'bho_NP'), ('SYSTEMD_EXEC_PID', '123838'), ('DBUS_SESSION_BUS_ADDRESS', 'unix:path=/run/user/1000/bus'), ('COLORTERM', 'truecolor'), ('_CE_M', ''), ('_CONDA_ROOT', '/home/safal/miniconda3'), ('IM_CONFIG_PHASE', '1'), ('WAYLAND_DISPLAY', 'wayland-0'), ('COLCON_PREFIX_PATH', '/home/safal/Desktop/unitreego2nav/install'), ('ROS_DISTRO', 'humble'), ('LOGNAME', 'safal'), ('_', '/usr/bin/colcon'), ('ROS_VERSION', '2'), ('XDG_SESSION_CLASS', 'user'), ('USERNAME', 'safal'), ('TERM', 'xterm-256color'), ('GNOME_DESKTOP_SESSION_ID', 'this-is-deprecated'), ('_CE_CONDA', ''), ('ROS_LOCALHOST_ONLY', '0'), ('PATH', '/opt/ros/humble/bin:/home/safal/miniconda3/condabin:/home/safal/.local/bin:/usr/local/sbin:/usr/local/bin:/usr/sbin:/usr/bin:/sbin:/bin:/usr/games:/usr/local/games:/snap/bin:/snap/bin'), ('SESSION_MANAGER', 'local/safal:@/tmp/.ICE-unix/1615,unix/safal:/tmp/.ICE-unix/1615'), ('XDG_MENU_PREFIX', 'gnome-'), ('LC_ADDRESS', 'bho_NP'), ('GNOME_TERMINAL_SCREEN', '/org/gnome/Terminal/screen/915e8a2d_ac6e_4f6f_acca_6760289847ac'), ('GNOME_SETUP_DISPLAY', ':1'), ('COLCON_CMAKE_ARGS', '-DCMAKE_POLICY_VERSION_MINIMUM=3.5'), ('XDG_RUNTIME_DIR', '/run/user/1000'), ('DISPLAY', ':0'), ('LANG', 'en_US.UTF-8'), ('XDG_CURRENT_DESKTOP', 'ubuntu:GNOME'), ('LC_TELEPHONE', 'bho_NP'), ('RMW_IMPLEMENTATION', 'rmw_cyclonedds_cpp'), ('XMODIFIERS', '@im=ibus'), ('XDG_SESSION_DESKTOP', 'ubuntu'), ('XAUTHORITY', '/run/user/1000/.mutter-Xwaylandauth.TNARR3'), ('LS_COLORS', 'rs=0:di=01;34:ln=01;36:mh=00:pi=40;33:so=01;35:do=01;35:bd=40;33;01:cd=40;33;01:or=40;31;01:mi=00:su=37;41:sg=30;43:ca=30;41:tw=30;42:ow=34;42:st=37;44:ex=01;32:*.tar=01;31:*.tgz=01;31:*.arc=01;31:*.arj=01;31:*.taz=01;31:*.lha=01;31:*.lz4=01;31:*.lzh=01;31:*.lzma=01;31:*.tlz=01;31:*.txz=01;31:*.tzo=01;31:*.t7z=01;31:*.zip=01;31:*.z=01;31:*.dz=01;31:*.gz=01;31:*.lrz=01;31:*.lz=01;31:*.lzo=01;31:*.xz=01;31:*.zst=01;31:*.tzst=01;31:*.bz2=01;31:*.bz=01;31:*.tbz=01;31:*.tbz2=01;31:*.tz=01;31:*.deb=01;31:*.rpm=01;31:*.jar=01;31:*.war=01;31:*.ear=01;31:*.sar=01;31:*.rar=01;31:*.alz=01;31:*.ace=01;31:*.zoo=01;31:*.cpio=01;31:*.7z=01;31:*.rz=01;31:*.cab=01;31:*.wim=01;31:*.swm=01;31:*.dwm=01;31:*.esd=01;31:*.jpg=01;35:*.jpeg=01;35:*.mjpg=01;35:*.mjpeg=01;35:*.gif=01;35:*.bmp=01;35:*.pbm=01;35:*.pgm=01;35:*.ppm=01;35:*.tga=01;35:*.xbm=01;35:*.xpm=01;35:*.tif=01;35:*.tiff=01;35:*.png=01;35:*.svg=01;35:*.svgz=01;35:*.mng=01;35:*.pcx=01;35:*.mov=01;35:*.mpg=01;35:*.mpeg=01;35:*.m2v=01;35:*.mkv=01;35:*.webm=01;35:*.webp=01;35:*.ogm=01;35:*.mp4=01;35:*.m4v=01;35:*.mp4v=01;35:*.vob=01;35:*.qt=01;35:*.nuv=01;35:*.wmv=01;35:*.asf=01;35:*.rm=01;35:*.rmvb=01;35:*.flc=01;35:*.avi=01;35:*.fli=01;35:*.flv=01;35:*.gl=01;35:*.dl=01;35:*.xcf=01;35:*.xwd=01;35:*.yuv=01;35:*.cgm=01;35:*.emf=01;35:*.ogv=01;35:*.ogx=01;35:*.aac=00;36:*.au=00;36:*.flac=00;36:*.m4a=00;36:*.mid=00;36:*.midi=00;36:*.mka=00;36:*.mp3=00;36:*.mpc=00;36:*.ogg=00;36:*.ra=00;36:*.wav=00;36:*.oga=00;36:*.opus=00;36:*.spx=00;36:*.xspf=00;36:'), ('GNOME_TERMINAL_SERVICE', ':1.385'), ('SSH_AGENT_LAUNCHER', 'gnome-keyring'), ('SSH_AUTH_SOCK', '/run/user/1000/keyring/ssh'), ('AMENT_PREFIX_PATH', '/home/safal/Desktop/unitreego2nav/install/multirobot_map_merge:/home/safal/Desktop/unitreego2nav/install/go2_nav:/home/safal/Desktop/unitreego2nav/install/explore_lite:/home/safal/Desktop/unitreego2nav/install/explore_lite_msgs:/opt/ros/humble'), ('CONDA_PYTHON_EXE', '/home/safal/miniconda3/bin/python'), ('SHELL', '/bin/bash'), ('LC_NAME', 'bho_NP'), ('QT_ACCESSIBILITY', '1'), ('GDMSESSION', 'ubuntu'), ('LESSCLOSE', '/usr/bin/lesspipe %s %s'), ('LC_MEASUREMENT', 'bho_NP'), ('_CONDA_EXE', '/home/safal/miniconda3/bin/conda'), ('LC_IDENTIFICATION', 'bho_NP'), ('QT_IM_MODULE', 'ibus'), ('PWD', '/home/safal/Desktop/unitreego2nav/build/explore_lite'), ('LC_ALL', 'en_US.UTF-8'), ('XDG_CONFIG_DIRS', '/etc/xdg/xdg-ubuntu:/etc/xdg'), ('CONDA_EXE', '/home/safal/miniconda3/bin/conda'), ('XDG_DATA_DIRS', '/usr/share/ubuntu:/usr/local/share/:/usr/share/:/var/lib/snapd/desktop'), ('PYTHONPATH', '/home/safal/Desktop/unitreego2nav/install/go2_nav/lib/python3.10/site-packages:/home/safal/Desktop/unitreego2nav/install/explore_lite_msgs/local/lib/python3.10/dist-packages:/opt/ros/humble/lib/python3.10/site-packages:/opt/ros/humble/local/lib/python3.10/dist-packages'), ('LC_NUMERIC', 'bho_NP'), ('LC_PAPER', 'bho_NP'), ('COLCON', '1'), ('VTE_VERSION', '6800'), ('CMAKE_PREFIX_PATH', '/home/safal/Desktop/unitreego2nav/install/explore_lite_msgs:/home/safal/Desktop/unitreego2nav/install/multirobot_map_merge:/home/safal/Desktop/unitreego2nav/install/explore_lite:/home/safal/Desktop/unitreego2nav/install/go2_nav:/opt/ros/humble')]), 'shell': False}
[30.268515] (explore_lite) StdoutLine: {'line': b'-- Install configuration: ""\n'}
[30.268737] (explore_lite) StdoutLine: {'line': b'-- Installing: /home/safal/Desktop/unitreego2nav/install/explore_lite/include/explore/\n'}
[30.269034] (explore_lite) StdoutLine: {'line': b'-- Installing: /home/safal/Desktop/unitreego2nav/install/explore_lite/include/explore//costmap_tools.h\n'}
[30.269303] (explore_lite) StdoutLine: {'line': b'-- Installing: /home/safal/Desktop/unitreego2nav/install/explore_lite/include/explore//costmap_client.h\n'}
[30.269526] (explore_lite) StdoutLine: {'line': b'-- Installing: /home/safal/Desktop/unitreego2nav/install/explore_lite/include/explore//explore.h\n'}
[30.269720] (explore_lite) StdoutLine: {'line': b'-- Installing: /home/safal/Desktop/unitreego2nav/install/explore_lite/include/explore//frontier_search.h\n'}
[30.269918] (explore_lite) StdoutLine: {'line': b'-- Installing: /home/safal/Desktop/unitreego2nav/install/explore_lite/share/explore_lite/config\n'}
[30.270142] (explore_lite) StdoutLine: {'line': b'-- Installing: /home/safal/Desktop/unitreego2nav/install/explore_lite/share/explore_lite/config/params.yaml\n'}
[30.270347] (explore_lite) StdoutLine: {'line': b'-- Installing: /home/safal/Desktop/unitreego2nav/install/explore_lite/share/explore_lite/config/params_costmap.yaml\n'}
[30.270545] (explore_lite) StdoutLine: {'line': b'-- Installing: /home/safal/Desktop/unitreego2nav/install/explore_lite/share/explore_lite/launch\n'}
[30.270711] (explore_lite) StdoutLine: {'line': b'-- Installing: /home/safal/Desktop/unitreego2nav/install/explore_lite/share/explore_lite/launch/explore.launch.py\n'}
[30.270995] (explore_lite) StdoutLine: {'line': b'-- Installing: /home/safal/Desktop/unitreego2nav/install/explore_lite/lib/explore_lite/explore\n'}
[30.277765] (explore_lite) StdoutLine: {'line': b'-- Set non-toolchain portion of runtime path of "/home/safal/Desktop/unitreego2nav/install/explore_lite/lib/explore_lite/explore" to ""\n'}
[30.278099] (explore_lite) StdoutLine: {'line': b'-- Installing: /home/safal/Desktop/unitreego2nav/install/explore_lite/share/ament_index/resource_index/package_run_dependencies/explore_lite\n'}
[30.278267] (explore_lite) StdoutLine: {'line': b'-- Installing: /home/safal/Desktop/unitreego2nav/install/explore_lite/share/ament_index/resource_index/parent_prefix_path/explore_lite\n'}
[30.278494] (explore_lite) StdoutLine: {'line': b'-- Installing: /home/safal/Desktop/unitreego2nav/install/explore_lite/share/explore_lite/environment/ament_prefix_path.sh\n'}
[30.278667] (explore_lite) StdoutLine: {'line': b'-- Installing: /home/safal/Desktop/unitreego2nav/install/explore_lite/share/explore_lite/environment/ament_prefix_path.dsv\n'}
[30.278838] (explore_lite) StdoutLine: {'line': b'-- Installing: /home/safal/Desktop/unitreego2nav/install/explore_lite/share/explore_lite/environment/path.sh\n'}
[30.279006] (explore_lite) StdoutLine: {'line': b'-- Installing: /home/safal/Desktop/unitreego2nav/install/explore_lite/share/explore_lite/environment/path.dsv\n'}
[30.279196] (explore_lite) StdoutLine: {'line': b'-- Installing: /home/safal/Desktop/unitreego2nav/install/explore_lite/share/explore_lite/local_setup.bash\n'}
[30.279351] (explore_lite) StdoutLine: {'line': b'-- Installing: /home/safal/Desktop/unitreego2nav/install/explore_lite/share/explore_lite/local_setup.sh\n'}
[30.279498] (explore_lite) StdoutLine: {'line': b'-- Installing: /home/safal/Desktop/unitreego2nav/install/explore_lite/share/explore_lite/local_setup.zsh\n'}
[30.279655] (explore_lite) StdoutLine: {'line': b'-- Installing: /home/safal/Desktop/unitreego2nav/install/explore_lite/share/explore_lite/local_setup.dsv\n'}
[30.279827] (explore_lite) StdoutLine: {'line': b'-- Installing: /home/safal/Desktop/unitreego2nav/install/explore_lite/share/explore_lite/package.dsv\n'}
[30.280019] (explore_lite) StdoutLine: {'line': b'-- Installing: /home/safal/Desktop/unitreego2nav/install/explore_lite/share/ament_index/resource_index/packages/explore_lite\n'}
[30.280217] (explore_lite) StdoutLine: {'line': b'-- Installing: /home/safal/Desktop/unitreego2nav/install/explore_lite/share/explore_lite/cmake/ament_cmake_export_dependencies-extras.cmake\n'}
[30.280389] (explore_lite) StdoutLine: {'line': b'-- Installing: /home/safal/Desktop/unitreego2nav/install/explore_lite/share/explore_lite/cmake/ament_cmake_export_include_directories-extras.cmake\n'}
[30.280566] (explore_lite) StdoutLine: {'line': b'-- Installing: /home/safal/Desktop/unitreego2nav/install/explore_lite/share/explore_lite/cmake/explore_liteConfig.cmake\n'}
[30.280726] (explore_lite) StdoutLine: {'line': b'-- Installing: /home/safal/Desktop/unitreego2nav/install/explore_lite/share/explore_lite/cmake/explore_liteConfig-version.cmake\n'}
[30.280881] (explore_lite) StdoutLine: {'line': b'-- Installing: /home/safal/Desktop/unitreego2nav/install/explore_lite/share/explore_lite/package.xml\n'}
[30.282682] (explore_lite) CommandEnded: {'returncode': 0}
[30.302720] (explore_lite) JobEnded: {'identifier': 'explore_lite', 'rc': 0}
[30.331246] (-) TimerEvent: {}
[30.431509] (-) TimerEvent: {}
[30.531762] (-) TimerEvent: {}
[30.632110] (-) TimerEvent: {}
[30.732399] (-) TimerEvent: {}
[30.832740] (-) TimerEvent: {}
[30.933149] (-) TimerEvent: {}
[31.033549] (-) TimerEvent: {}
[31.133853] (-) TimerEvent: {}
[31.234195] (-) TimerEvent: {}
[31.334536] (-) TimerEvent: {}
[31.434853] (-) TimerEvent: {}
[31.535143] (-) TimerEvent: {}
[31.635656] (-) TimerEvent: {}
[31.736054] (-) TimerEvent: {}
[31.836348] (-) TimerEvent: {}
[31.936711] (-) TimerEvent: {}
[32.037011] (-) TimerEvent: {}
[32.141449] (-) TimerEvent: {}
[32.241772] (-) TimerEvent: {}
[32.342120] (-) TimerEvent: {}
[32.442392] (-) TimerEvent: {}
[32.542735] (-) TimerEvent: {}
[32.643063] (-) TimerEvent: {}
[32.743406] (-) TimerEvent: {}
[32.843738] (-) TimerEvent: {}
[32.944064] (-) TimerEvent: {}
[33.044353] (-) TimerEvent: {}
[33.144673] (-) TimerEvent: {}
[33.245031] (-) TimerEvent: {}
[33.345407] (-) TimerEvent: {}
[33.445749] (-) TimerEvent: {}
[33.546074] (-) TimerEvent: {}
[33.646398] (-) TimerEvent: {}
[33.746721] (-) TimerEvent: {}
[33.847005] (-) TimerEvent: {}
[33.947310] (-) TimerEvent: {}
[34.047649] (-) TimerEvent: {}
[34.147941] (-) TimerEvent: {}
[34.248293] (-) TimerEvent: {}
[34.348619] (-) TimerEvent: {}
[34.448951] (-) TimerEvent: {}
[34.549255] (-) TimerEvent: {}
[34.649576] (-) TimerEvent: {}
[34.749906] (-) TimerEvent: {}
[34.850268] (-) TimerEvent: {}
[34.950638] (-) TimerEvent: {}
[35.051009] (-) TimerEvent: {}
[35.151347] (-) TimerEvent: {}
[35.251724] (-) TimerEvent: {}
[35.352085] (-) TimerEvent: {}
[35.452409] (-) TimerEvent: {}
[35.552690] (-) TimerEvent: {}
[35.652982] (-) TimerEvent: {}
[35.753266] (-) TimerEvent: {}
[35.853656] (-) TimerEvent: {}
[35.869592] (multirobot_map_merge) StdoutLine: {'line': b'[ 91%] \x1b[1m\x1b[32mLinking CXX executable test_merging_pipeline\x1b[0m\n'}
[35.953751] (-) TimerEvent: {}
[36.054098] (-) TimerEvent: {}
[36.154410] (-) TimerEvent: {}
[36.254779] (-) TimerEvent: {}
[36.355143] (-) TimerEvent: {}
[36.455472] (-) TimerEvent: {}
[36.555809] (-) TimerEvent: {}
[36.656130] (-) TimerEvent: {}
[36.737546] (multirobot_map_merge) StdoutLine: {'line': b'[ 91%] Built target test_merging_pipeline\n'}
[36.756207] (-) TimerEvent: {}
[36.856592] (-) TimerEvent: {}
[36.956837] (-) TimerEvent: {}
[37.057145] (-) TimerEvent: {}
[37.157434] (-) TimerEvent: {}
[37.257742] (-) TimerEvent: {}
[37.358049] (-) TimerEvent: {}
[37.458386] (-) TimerEvent: {}
[37.558795] (-) TimerEvent: {}
[37.659121] (-) TimerEvent: {}
[37.759451] (-) TimerEvent: {}
[37.859724] (-) TimerEvent: {}
[37.960011] (-) TimerEvent: {}
[38.060337] (-) TimerEvent: {}
[38.160673] (-) TimerEvent: {}
[38.261067] (-) TimerEvent: {}
[38.361428] (-) TimerEvent: {}
[38.461724] (-) TimerEvent: {}
[38.562028] (-) TimerEvent: {}
[38.662436] (-) TimerEvent: {}
[38.762821] (-) TimerEvent: {}
[38.863216] (-) TimerEvent: {}
[38.963621] (-) TimerEvent: {}
[39.063943] (-) TimerEvent: {}
[39.164261] (-) TimerEvent: {}
[39.264648] (-) TimerEvent: {}
[39.364953] (-) TimerEvent: {}
[39.465270] (-) TimerEvent: {}
[39.565615] (-) TimerEvent: {}
[39.666020] (-) TimerEvent: {}
[39.766413] (-) TimerEvent: {}
[39.866687] (-) TimerEvent: {}
[39.967038] (-) TimerEvent: {}
[40.067435] (-) TimerEvent: {}
[40.167799] (-) TimerEvent: {}
[40.268165] (-) TimerEvent: {}
[40.368526] (-) TimerEvent: {}
[40.468798] (-) TimerEvent: {}
[40.569168] (-) TimerEvent: {}
[40.669483] (-) TimerEvent: {}
[40.769808] (-) TimerEvent: {}
[40.870126] (-) TimerEvent: {}
[40.970442] (-) TimerEvent: {}
[41.070750] (-) TimerEvent: {}
[41.171058] (-) TimerEvent: {}
[41.271405] (-) TimerEvent: {}
[41.371656] (-) TimerEvent: {}
[41.471952] (-) TimerEvent: {}
[41.572280] (-) TimerEvent: {}
[41.672698] (-) TimerEvent: {}
[41.773042] (-) TimerEvent: {}
[41.873406] (-) TimerEvent: {}
[41.973668] (-) TimerEvent: {}
[42.073942] (-) TimerEvent: {}
[42.174293] (-) TimerEvent: {}
[42.274653] (-) TimerEvent: {}
[42.374992] (-) TimerEvent: {}
[42.475273] (-) TimerEvent: {}
[42.575616] (-) TimerEvent: {}
[42.675960] (-) TimerEvent: {}
[42.776292] (-) TimerEvent: {}
[42.876679] (-) TimerEvent: {}
[42.977022] (-) TimerEvent: {}
[43.077428] (-) TimerEvent: {}
[43.177773] (-) TimerEvent: {}
[43.278126] (-) TimerEvent: {}
[43.378458] (-) TimerEvent: {}
[43.478898] (-) TimerEvent: {}
[43.579251] (-) TimerEvent: {}
[43.679567] (-) TimerEvent: {}
[43.779830] (-) TimerEvent: {}
[43.880184] (-) TimerEvent: {}
[43.980521] (-) TimerEvent: {}
[44.080833] (-) TimerEvent: {}
[44.181181] (-) TimerEvent: {}
[44.281527] (-) TimerEvent: {}
[44.381797] (-) TimerEvent: {}
[44.482079] (-) TimerEvent: {}
[44.582417] (-) TimerEvent: {}
[44.682710] (-) TimerEvent: {}
[44.783059] (-) TimerEvent: {}
[44.883411] (-) TimerEvent: {}
[44.983736] (-) TimerEvent: {}
[45.084099] (-) TimerEvent: {}
[45.184502] (-) TimerEvent: {}
[45.284888] (-) TimerEvent: {}
[45.385238] (-) TimerEvent: {}
[45.485593] (-) TimerEvent: {}
[45.585952] (-) TimerEvent: {}
[45.686357] (-) TimerEvent: {}
[45.786825] (-) TimerEvent: {}
[45.860965] (multirobot_map_merge) StdoutLine: {'line': b'[100%] \x1b[1m\x1b[32mLinking CXX executable map_merge\x1b[0m\n'}
[45.886935] (-) TimerEvent: {}
[45.987391] (-) TimerEvent: {}
[46.087897] (-) TimerEvent: {}
[46.188413] (-) TimerEvent: {}
[46.289040] (-) TimerEvent: {}
[46.389682] (-) TimerEvent: {}
[46.490117] (-) TimerEvent: {}
[46.590528] (-) TimerEvent: {}
[46.690899] (-) TimerEvent: {}
[46.791213] (-) TimerEvent: {}
[46.891578] (-) TimerEvent: {}
[46.991999] (-) TimerEvent: {}
[47.077631] (multirobot_map_merge) StdoutLine: {'line': b'[100%] Built target map_merge\n'}
[47.090124] (multirobot_map_merge) CommandEnded: {'returncode': 0}
[47.091807] (multirobot_map_merge) JobProgress: {'identifier': 'multirobot_map_merge', 'progress': 'install'}
[47.092258] (multirobot_map_merge) Command: {'cmd': ['/usr/bin/cmake', '--install', '/home/safal/Desktop/unitreego2nav/build/multirobot_map_merge'], 'cwd': '/home/safal/Desktop/unitreego2nav/build/multirobot_map_merge', 'env': OrderedDict([('LESSOPEN', '| /usr/bin/lesspipe %s'), ('USER', 'safal'), ('LC_TIME', 'bho_NP'), ('XDG_SESSION_TYPE', 'wayland'), ('SHLVL', '1'), ('LD_LIBRARY_PATH', '/home/safal/Desktop/unitreego2nav/install/multirobot_map_merge/lib:/home/safal/Desktop/unitreego2nav/install/explore_lite_msgs/lib:/usr/lib/x86_64-linux-gnu/gazebo-11/plugins:/opt/ros/humble/opt/rviz_ogre_vendor/lib:/opt/ros/humble/lib/x86_64-linux-gnu:/opt/ros/humble/lib'), ('HOME', '/home/safal'), ('CONDA_SHLVL', '0'), ('CYCLONEDDS_URI', '<CycloneDDS><Domain><General><Interfaces><NetworkInterface name="enp4s0" priority="default" multicast="default"/></Interfaces></General></Domain></CycloneDDS>'), ('DESKTOP_SESSION', 'ubuntu'), ('ROS_PYTHON_VERSION', '3'), ('GNOME_SHELL_SESSION_MODE', 'ubuntu'), ('GTK_MODULES', 'gail:atk-bridge'), ('LC_MONETARY', 'bho_NP'), ('SYSTEMD_EXEC_PID', '123838'), ('DBUS_SESSION_BUS_ADDRESS', 'unix:path=/run/user/1000/bus'), ('COLORTERM', 'truecolor'), ('_CE_M', ''), ('_CONDA_ROOT', '/home/safal/miniconda3'), ('IM_CONFIG_PHASE', '1'), ('WAYLAND_DISPLAY', 'wayland-0'), ('COLCON_PREFIX_PATH', '/home/safal/Desktop/unitreego2nav/install'), ('ROS_DISTRO', 'humble'), ('LOGNAME', 'safal'), ('_', '/usr/bin/colcon'), ('ROS_VERSION', '2'), ('XDG_SESSION_CLASS', 'user'), ('USERNAME', 'safal'), ('TERM', 'xterm-256color'), ('GNOME_DESKTOP_SESSION_ID', 'this-is-deprecated'), ('_CE_CONDA', ''), ('ROS_LOCALHOST_ONLY', '0'), ('PATH', '/opt/ros/humble/bin:/home/safal/miniconda3/condabin:/home/safal/.local/bin:/usr/local/sbin:/usr/local/bin:/usr/sbin:/usr/bin:/sbin:/bin:/usr/games:/usr/local/games:/snap/bin:/snap/bin'), ('SESSION_MANAGER', 'local/safal:@/tmp/.ICE-unix/1615,unix/safal:/tmp/.ICE-unix/1615'), ('XDG_MENU_PREFIX', 'gnome-'), ('LC_ADDRESS', 'bho_NP'), ('GNOME_TERMINAL_SCREEN', '/org/gnome/Terminal/screen/915e8a2d_ac6e_4f6f_acca_6760289847ac'), ('GNOME_SETUP_DISPLAY', ':1'), ('COLCON_CMAKE_ARGS', '-DCMAKE_POLICY_VERSION_MINIMUM=3.5'), ('XDG_RUNTIME_DIR', '/run/user/1000'), ('DISPLAY', ':0'), ('LANG', 'en_US.UTF-8'), ('XDG_CURRENT_DESKTOP', 'ubuntu:GNOME'), ('LC_TELEPHONE', 'bho_NP'), ('RMW_IMPLEMENTATION', 'rmw_cyclonedds_cpp'), ('XMODIFIERS', '@im=ibus'), ('XDG_SESSION_DESKTOP', 'ubuntu'), ('XAUTHORITY', '/run/user/1000/.mutter-Xwaylandauth.TNARR3'), ('LS_COLORS', 'rs=0:di=01;34:ln=01;36:mh=00:pi=40;33:so=01;35:do=01;35:bd=40;33;01:cd=40;33;01:or=40;31;01:mi=00:su=37;41:sg=30;43:ca=30;41:tw=30;42:ow=34;42:st=37;44:ex=01;32:*.tar=01;31:*.tgz=01;31:*.arc=01;31:*.arj=01;31:*.taz=01;31:*.lha=01;31:*.lz4=01;31:*.lzh=01;31:*.lzma=01;31:*.tlz=01;31:*.txz=01;31:*.tzo=01;31:*.t7z=01;31:*.zip=01;31:*.z=01;31:*.dz=01;31:*.gz=01;31:*.lrz=01;31:*.lz=01;31:*.lzo=01;31:*.xz=01;31:*.zst=01;31:*.tzst=01;31:*.bz2=01;31:*.bz=01;31:*.tbz=01;31:*.tbz2=01;31:*.tz=01;31:*.deb=01;31:*.rpm=01;31:*.jar=01;31:*.war=01;31:*.ear=01;31:*.sar=01;31:*.rar=01;31:*.alz=01;31:*.ace=01;31:*.zoo=01;31:*.cpio=01;31:*.7z=01;31:*.rz=01;31:*.cab=01;31:*.wim=01;31:*.swm=01;31:*.dwm=01;31:*.esd=01;31:*.jpg=01;35:*.jpeg=01;35:*.mjpg=01;35:*.mjpeg=01;35:*.gif=01;35:*.bmp=01;35:*.pbm=01;35:*.pgm=01;35:*.ppm=01;35:*.tga=01;35:*.xbm=01;35:*.xpm=01;35:*.tif=01;35:*.tiff=01;35:*.png=01;35:*.svg=01;35:*.svgz=01;35:*.mng=01;35:*.pcx=01;35:*.mov=01;35:*.mpg=01;35:*.mpeg=01;35:*.m2v=01;35:*.mkv=01;35:*.webm=01;35:*.webp=01;35:*.ogm=01;35:*.mp4=01;35:*.m4v=01;35:*.mp4v=01;35:*.vob=01;35:*.qt=01;35:*.nuv=01;35:*.wmv=01;35:*.asf=01;35:*.rm=01;35:*.rmvb=01;35:*.flc=01;35:*.avi=01;35:*.fli=01;35:*.flv=01;35:*.gl=01;35:*.dl=01;35:*.xcf=01;35:*.xwd=01;35:*.yuv=01;35:*.cgm=01;35:*.emf=01;35:*.ogv=01;35:*.ogx=01;35:*.aac=00;36:*.au=00;36:*.flac=00;36:*.m4a=00;36:*.mid=00;36:*.midi=00;36:*.mka=00;36:*.mp3=00;36:*.mpc=00;36:*.ogg=00;36:*.ra=00;36:*.wav=00;36:*.oga=00;36:*.opus=00;36:*.spx=00;36:*.xspf=00;36:'), ('GNOME_TERMINAL_SERVICE', ':1.385'), ('SSH_AGENT_LAUNCHER', 'gnome-keyring'), ('SSH_AUTH_SOCK', '/run/user/1000/keyring/ssh'), ('AMENT_PREFIX_PATH', '/home/safal/Desktop/unitreego2nav/install/multirobot_map_merge:/home/safal/Desktop/unitreego2nav/install/go2_nav:/home/safal/Desktop/unitreego2nav/install/explore_lite:/home/safal/Desktop/unitreego2nav/install/explore_lite_msgs:/opt/ros/humble'), ('CONDA_PYTHON_EXE', '/home/safal/miniconda3/bin/python'), ('SHELL', '/bin/bash'), ('LC_NAME', 'bho_NP'), ('QT_ACCESSIBILITY', '1'), ('GDMSESSION', 'ubuntu'), ('LESSCLOSE', '/usr/bin/lesspipe %s %s'), ('LC_MEASUREMENT', 'bho_NP'), ('_CONDA_EXE', '/home/safal/miniconda3/bin/conda'), ('LC_IDENTIFICATION', 'bho_NP'), ('QT_IM_MODULE', 'ibus'), ('PWD', '/home/safal/Desktop/unitreego2nav/build/multirobot_map_merge'), ('LC_ALL', 'en_US.UTF-8'), ('XDG_CONFIG_DIRS', '/etc/xdg/xdg-ubuntu:/etc/xdg'), ('CONDA_EXE', '/home/safal/miniconda3/bin/conda'), ('XDG_DATA_DIRS', '/usr/share/ubuntu:/usr/local/share/:/usr/share/:/var/lib/snapd/desktop'), ('PYTHONPATH', '/home/safal/Desktop/unitreego2nav/install/go2_nav/lib/python3.10/site-packages:/home/safal/Desktop/unitreego2nav/install/explore_lite_msgs/local/lib/python3.10/dist-packages:/opt/ros/humble/lib/python3.10/site-packages:/opt/ros/humble/local/lib/python3.10/dist-packages'), ('LC_NUMERIC', 'bho_NP'), ('LC_PAPER', 'bho_NP'), ('COLCON', '1'), ('VTE_VERSION', '6800'), ('CMAKE_PREFIX_PATH', '/home/safal/Desktop/unitreego2nav/install/multirobot_map_merge:/home/safal/Desktop/unitreego2nav/install/explore_lite:/home/safal/Desktop/unitreego2nav/install/explore_lite_msgs:/home/safal/Desktop/unitreego2nav/install/go2_nav:/opt/ros/humble')]), 'shell': False}
[47.093387] (-) TimerEvent: {}
[47.096871] (multirobot_map_merge) StdoutLine: {'line': b'-- Install configuration: ""\n'}
[47.097105] (multirobot_map_merge) StdoutLine: {'line': b'-- Installing: /home/safal/Desktop/unitreego2nav/install/multirobot_map_merge/include/map_merge/\n'}
[47.097327] (multirobot_map_merge) StdoutLine: {'line': b'-- Installing: /home/safal/Desktop/unitreego2nav/install/multirobot_map_merge/include/map_merge//map_merge.h\n'}
[47.097506] (multirobot_map_merge) StdoutLine: {'line': b'-- Installing: /home/safal/Desktop/unitreego2nav/install/multirobot_map_merge/include/map_merge//ros1_names.hpp\n'}
[47.097686] (multirobot_map_merge) StdoutLine: {'line': b'-- Installing: /home/safal/Desktop/unitreego2nav/install/multirobot_map_merge/share/multirobot_map_merge/launch\n'}
[47.097864] (multirobot_map_merge) StdoutLine: {'line': b'-- Installing: /home/safal/Desktop/unitreego2nav/install/multirobot_map_merge/share/multirobot_map_merge/launch/from_map_server.launch.py\n'}
[47.098069] (multirobot_map_merge) StdoutLine: {'line': b'-- Installing: /home/safal/Desktop/unitreego2nav/install/multirobot_map_merge/share/multirobot_map_merge/launch/map_merge.launch.py\n'}
[47.098239] (multirobot_map_merge) StdoutLine: {'line': b'-- Installing: /home/safal/Desktop/unitreego2nav/install/multirobot_map_merge/share/multirobot_map_merge/launch/map_merge.rviz\n'}
[47.098515] (multirobot_map_merge) StdoutLine: {'line': b'-- Installing: /home/safal/Desktop/unitreego2nav/install/multirobot_map_merge/share/multirobot_map_merge/launch/tb3_simulation\n'}
[47.098676] (multirobot_map_merge) StdoutLine: {'line': b'-- Installing: /home/safal/Desktop/unitreego2nav/install/multirobot_map_merge/share/multirobot_map_merge/launch/tb3_simulation/bringup_launch.py\n'}
[47.098786] (multirobot_map_merge) StdoutLine: {'line': b'-- Installing: /home/safal/Desktop/unitreego2nav/install/multirobot_map_merge/share/multirobot_map_merge/launch/tb3_simulation/slam_toolbox.py\n'}
[47.099021] (multirobot_map_merge) StdoutLine: {'line': b'-- Installing: /home/safal/Desktop/unitreego2nav/install/multirobot_map_merge/share/multirobot_map_merge/launch/tb3_simulation/config\n'}
[47.099128] (multirobot_map_merge) StdoutLine: {'line': b'-- Installing: /home/safal/Desktop/unitreego2nav/install/multirobot_map_merge/share/multirobot_map_merge/launch/tb3_simulation/config/nav2_multirobot_params_1.yaml\n'}
[47.099329] (multirobot_map_merge) StdoutLine: {'line': b'-- Installing: /home/safal/Desktop/unitreego2nav/install/multirobot_map_merge/share/multirobot_map_merge/launch/tb3_simulation/config/nav2_multirobot_params_2.yaml\n'}
[47.099557] (multirobot_map_merge) StdoutLine: {'line': b'-- Installing: /home/safal/Desktop/unitreego2nav/install/multirobot_map_merge/share/multirobot_map_merge/launch/tb3_simulation/tb3_simulation_launch.py\n'}
[47.099797] (multirobot_map_merge) StdoutLine: {'line': b'-- Installing: /home/safal/Desktop/unitreego2nav/install/multirobot_map_merge/share/multirobot_map_merge/launch/tb3_simulation/multi_tb3_simulation_launch.py\n'}
[47.100036] (multirobot_map_merge) StdoutLine: {'line': b'-- Installing: /home/safal/Desktop/unitreego2nav/install/multirobot_map_merge/share/multirobot_map_merge/launch/tb3_simulation/worlds\n'}
[47.100139] (multirobot_map_merge) StdoutLine: {'line': b'-- Installing: /home/safal/Desktop/unitreego2nav/install/multirobot_map_merge/share/multirobot_map_merge/launch/tb3_simulation/worlds/world_only.model\n'}
[47.100310] (multirobot_map_merge) StdoutLine: {'line': b'-- Installing: /home/safal/Desktop/unitreego2nav/install/multirobot_map_merge/share/multirobot_map_merge/config\n'}
[47.100423] (multirobot_map_merge) StdoutLine: {'line': b'-- Installing: /home/safal/Desktop/unitreego2nav/install/multirobot_map_merge/share/multirobot_map_merge/config/params.yaml\n'}
[47.100681] (multirobot_map_merge) StdoutLine: {'line': b'-- Installing: /home/safal/Desktop/unitreego2nav/install/multirobot_map_merge/lib/libcombine_grids.a\n'}
[47.102171] (multirobot_map_merge) StdoutLine: {'line': b'-- Installing: /home/safal/Desktop/unitreego2nav/install/multirobot_map_merge/lib/multirobot_map_merge/map_merge\n'}
[47.109734] (multirobot_map_merge) StdoutLine: {'line': b'-- Set non-toolchain portion of runtime path of "/home/safal/Desktop/unitreego2nav/install/multirobot_map_merge/lib/multirobot_map_merge/map_merge" to ""\n'}
[47.109953] (multirobot_map_merge) StdoutLine: {'line': b'-- Installing: /home/safal/Desktop/unitreego2nav/install/multirobot_map_merge/share/multirobot_map_merge/environment/library_path.sh\n'}
[47.110153] (multirobot_map_merge) StdoutLine: {'line': b'-- Installing: /home/safal/Desktop/unitreego2nav/install/multirobot_map_merge/share/multirobot_map_merge/environment/library_path.dsv\n'}
[47.110369] (multirobot_map_merge) StdoutLine: {'line': b'-- Installing: /home/safal/Desktop/unitreego2nav/install/multirobot_map_merge/share/ament_index/resource_index/package_run_dependencies/multirobot_map_merge\n'}
[47.110552] (multirobot_map_merge) StdoutLine: {'line': b'-- Installing: /home/safal/Desktop/unitreego2nav/install/multirobot_map_merge/share/ament_index/resource_index/parent_prefix_path/multirobot_map_merge\n'}
[47.110736] (multirobot_map_merge) StdoutLine: {'line': b'-- Installing: /home/safal/Desktop/unitreego2nav/install/multirobot_map_merge/share/multirobot_map_merge/environment/ament_prefix_path.sh\n'}
[47.110899] (multirobot_map_merge) StdoutLine: {'line': b'-- Installing: /home/safal/Desktop/unitreego2nav/install/multirobot_map_merge/share/multirobot_map_merge/environment/ament_prefix_path.dsv\n'}
[47.111081] (multirobot_map_merge) StdoutLine: {'line': b'-- Installing: /home/safal/Desktop/unitreego2nav/install/multirobot_map_merge/share/multirobot_map_merge/environment/path.sh\n'}
[47.111265] (multirobot_map_merge) StdoutLine: {'line': b'-- Installing: /home/safal/Desktop/unitreego2nav/install/multirobot_map_merge/share/multirobot_map_merge/environment/path.dsv\n'}
[47.111448] (multirobot_map_merge) StdoutLine: {'line': b'-- Installing: /home/safal/Desktop/unitreego2nav/install/multirobot_map_merge/share/multirobot_map_merge/local_setup.bash\n'}
[47.111624] (multirobot_map_merge) StdoutLine: {'line': b'-- Installing: /home/safal/Desktop/unitreego2nav/install/multirobot_map_merge/share/multirobot_map_merge/local_setup.sh\n'}
[47.111798] (multirobot_map_merge) StdoutLine: {'line': b'-- Installing: /home/safal/Desktop/unitreego2nav/install/multirobot_map_merge/share/multirobot_map_merge/local_setup.zsh\n'}
[47.111978] (multirobot_map_merge) StdoutLine: {'line': b'-- Installing: /home/safal/Desktop/unitreego2nav/install/multirobot_map_merge/share/multirobot_map_merge/local_setup.dsv\n'}
[47.112145] (multirobot_map_merge) StdoutLine: {'line': b'-- Installing: /home/safal/Desktop/unitreego2nav/install/multirobot_map_merge/share/multirobot_map_merge/package.dsv\n'}
[47.112330] (multirobot_map_merge) StdoutLine: {'line': b'-- Installing: /home/safal/Desktop/unitreego2nav/install/multirobot_map_merge/share/ament_index/resource_index/packages/multirobot_map_merge\n'}
[47.112500] (multirobot_map_merge) StdoutLine: {'line': b'-- Installing: /home/safal/Desktop/unitreego2nav/install/multirobot_map_merge/share/multirobot_map_merge/cmake/ament_cmake_export_include_directories-extras.cmake\n'}
[47.112675] (multirobot_map_merge) StdoutLine: {'line': b'-- Installing: /home/safal/Desktop/unitreego2nav/install/multirobot_map_merge/share/multirobot_map_merge/cmake/ament_cmake_export_libraries-extras.cmake\n'}
[47.112849] (multirobot_map_merge) StdoutLine: {'line': b'-- Installing: /home/safal/Desktop/unitreego2nav/install/multirobot_map_merge/share/multirobot_map_merge/cmake/multirobot_map_mergeConfig.cmake\n'}
[47.113029] (multirobot_map_merge) StdoutLine: {'line': b'-- Installing: /home/safal/Desktop/unitreego2nav/install/multirobot_map_merge/share/multirobot_map_merge/cmake/multirobot_map_mergeConfig-version.cmake\n'}
[47.113201] (multirobot_map_merge) StdoutLine: {'line': b'-- Installing: /home/safal/Desktop/unitreego2nav/install/multirobot_map_merge/share/multirobot_map_merge/package.xml\n'}
[47.115356] (multirobot_map_merge) CommandEnded: {'returncode': 0}
[47.135111] (multirobot_map_merge) JobEnded: {'identifier': 'multirobot_map_merge', 'rc': 0}
[47.157953] (-) EventReactorShutdown: {}
