[1.581s] Invoking command in '/workspace/sdk/unitree_sdk2_python': PYTHONPATH=/workspace/build/unitree_sdk2py/prefix_override:/usr/lib/python3/dist-packages/colcon_core/task/python/colcon_distutils_commands:/workspace/install/unitree_sdk2py/lib/python3.10/site-packages:${PYTHONPATH} /usr/bin/python3 -W ignore:setup.py install is deprecated -W ignore:easy_install command is deprecated setup.py egg_info --egg-base ../../build/unitree_sdk2py build --build-base /workspace/build/unitree_sdk2py/build install --record /workspace/build/unitree_sdk2py/install.log --single-version-externally-managed
[1.897s] running egg_info
[1.898s] creating ../../build/unitree_sdk2py/unitree_sdk2py.egg-info
[1.898s] writing ../../build/unitree_sdk2py/unitree_sdk2py.egg-info/PKG-INFO
[1.899s] writing dependency_links to ../../build/unitree_sdk2py/unitree_sdk2py.egg-info/dependency_links.txt
[1.899s] writing requirements to ../../build/unitree_sdk2py/unitree_sdk2py.egg-info/requires.txt
[1.899s] writing top-level names to ../../build/unitree_sdk2py/unitree_sdk2py.egg-info/top_level.txt
[1.899s] writing manifest file '../../build/unitree_sdk2py/unitree_sdk2py.egg-info/SOURCES.txt'
[1.909s] reading manifest file '../../build/unitree_sdk2py/unitree_sdk2py.egg-info/SOURCES.txt'
[1.910s] adding license file 'LICENSE'
[1.912s] writing manifest file '../../build/unitree_sdk2py/unitree_sdk2py.egg-info/SOURCES.txt'
[1.912s] running build
[1.913s] running build_py
[1.913s] creating /workspace/build/unitree_sdk2py/build
[1.913s] creating /workspace/build/unitree_sdk2py/build/lib
[1.913s] creating /workspace/build/unitree_sdk2py/build/lib/unitree_sdk2py
[1.914s] copying unitree_sdk2py/__init__.py -> /workspace/build/unitree_sdk2py/build/lib/unitree_sdk2py
[1.914s] creating /workspace/build/unitree_sdk2py/build/lib/unitree_sdk2py/a2
[1.914s] copying unitree_sdk2py/a2/__init__.py -> /workspace/build/unitree_sdk2py/build/lib/unitree_sdk2py/a2
[1.915s] creating /workspace/build/unitree_sdk2py/build/lib/unitree_sdk2py/utils
[1.915s] copying unitree_sdk2py/utils/joystick.py -> /workspace/build/unitree_sdk2py/build/lib/unitree_sdk2py/utils
[1.915s] copying unitree_sdk2py/utils/future.py -> /workspace/build/unitree_sdk2py/build/lib/unitree_sdk2py/utils
[1.916s] copying unitree_sdk2py/utils/crc.py -> /workspace/build/unitree_sdk2py/build/lib/unitree_sdk2py/utils
[1.916s] copying unitree_sdk2py/utils/timerfd.py -> /workspace/build/unitree_sdk2py/build/lib/unitree_sdk2py/utils
[1.916s] copying unitree_sdk2py/utils/thread.py -> /workspace/build/unitree_sdk2py/build/lib/unitree_sdk2py/utils
[1.917s] copying unitree_sdk2py/utils/bqueue.py -> /workspace/build/unitree_sdk2py/build/lib/unitree_sdk2py/utils
[1.917s] copying unitree_sdk2py/utils/hz_sample.py -> /workspace/build/unitree_sdk2py/build/lib/unitree_sdk2py/utils
[1.917s] copying unitree_sdk2py/utils/__init__.py -> /workspace/build/unitree_sdk2py/build/lib/unitree_sdk2py/utils
[1.917s] copying unitree_sdk2py/utils/singleton.py -> /workspace/build/unitree_sdk2py/build/lib/unitree_sdk2py/utils
[1.918s] copying unitree_sdk2py/utils/clib_lookup.py -> /workspace/build/unitree_sdk2py/build/lib/unitree_sdk2py/utils
[1.918s] creating /workspace/build/unitree_sdk2py/build/lib/unitree_sdk2py/h1
[1.918s] copying unitree_sdk2py/h1/__init__.py -> /workspace/build/unitree_sdk2py/build/lib/unitree_sdk2py/h1
[1.919s] creating /workspace/build/unitree_sdk2py/build/lib/unitree_sdk2py/h2
[1.919s] copying unitree_sdk2py/h2/__init__.py -> /workspace/build/unitree_sdk2py/build/lib/unitree_sdk2py/h2
[1.919s] creating /workspace/build/unitree_sdk2py/build/lib/unitree_sdk2py/core
[1.920s] copying unitree_sdk2py/core/channel_name.py -> /workspace/build/unitree_sdk2py/build/lib/unitree_sdk2py/core
[1.920s] copying unitree_sdk2py/core/__init__.py -> /workspace/build/unitree_sdk2py/build/lib/unitree_sdk2py/core
[1.921s] copying unitree_sdk2py/core/channel_config.py -> /workspace/build/unitree_sdk2py/build/lib/unitree_sdk2py/core
[1.921s] copying unitree_sdk2py/core/channel.py -> /workspace/build/unitree_sdk2py/build/lib/unitree_sdk2py/core
[1.921s] creating /workspace/build/unitree_sdk2py/build/lib/unitree_sdk2py/go2
[1.921s] copying unitree_sdk2py/go2/__init__.py -> /workspace/build/unitree_sdk2py/build/lib/unitree_sdk2py/go2
[1.921s] creating /workspace/build/unitree_sdk2py/build/lib/unitree_sdk2py/comm
[1.922s] copying unitree_sdk2py/comm/__init__.py -> /workspace/build/unitree_sdk2py/build/lib/unitree_sdk2py/comm
[1.922s] creating /workspace/build/unitree_sdk2py/build/lib/unitree_sdk2py/g1
[1.922s] copying unitree_sdk2py/g1/__init__.py -> /workspace/build/unitree_sdk2py/build/lib/unitree_sdk2py/g1
[1.922s] creating /workspace/build/unitree_sdk2py/build/lib/unitree_sdk2py/b2
[1.922s] copying unitree_sdk2py/b2/__init__.py -> /workspace/build/unitree_sdk2py/build/lib/unitree_sdk2py/b2
[1.922s] creating /workspace/build/unitree_sdk2py/build/lib/unitree_sdk2py/rpc
[1.923s] copying unitree_sdk2py/rpc/client_base.py -> /workspace/build/unitree_sdk2py/build/lib/unitree_sdk2py/rpc
[1.923s] copying unitree_sdk2py/rpc/client_stub.py -> /workspace/build/unitree_sdk2py/build/lib/unitree_sdk2py/rpc
[1.923s] copying unitree_sdk2py/rpc/request_future.py -> /workspace/build/unitree_sdk2py/build/lib/unitree_sdk2py/rpc
[1.923s] copying unitree_sdk2py/rpc/server.py -> /workspace/build/unitree_sdk2py/build/lib/unitree_sdk2py/rpc
[1.923s] copying unitree_sdk2py/rpc/lease_server.py -> /workspace/build/unitree_sdk2py/build/lib/unitree_sdk2py/rpc
[1.923s] copying unitree_sdk2py/rpc/internal.py -> /workspace/build/unitree_sdk2py/build/lib/unitree_sdk2py/rpc
[1.924s] copying unitree_sdk2py/rpc/__init__.py -> /workspace/build/unitree_sdk2py/build/lib/unitree_sdk2py/rpc
[1.924s] copying unitree_sdk2py/rpc/server_stub.py -> /workspace/build/unitree_sdk2py/build/lib/unitree_sdk2py/rpc
[1.924s] copying unitree_sdk2py/rpc/server_base.py -> /workspace/build/unitree_sdk2py/build/lib/unitree_sdk2py/rpc
[1.924s] copying unitree_sdk2py/rpc/lease_client.py -> /workspace/build/unitree_sdk2py/build/lib/unitree_sdk2py/rpc
[1.924s] copying unitree_sdk2py/rpc/client.py -> /workspace/build/unitree_sdk2py/build/lib/unitree_sdk2py/rpc
[1.925s] creating /workspace/build/unitree_sdk2py/build/lib/unitree_sdk2py/idl
[1.925s] copying unitree_sdk2py/idl/default.py -> /workspace/build/unitree_sdk2py/build/lib/unitree_sdk2py/idl
[1.925s] copying unitree_sdk2py/idl/__init__.py -> /workspace/build/unitree_sdk2py/build/lib/unitree_sdk2py/idl
[1.925s] creating /workspace/build/unitree_sdk2py/build/lib/unitree_sdk2py/as2
[1.925s] copying unitree_sdk2py/as2/__init__.py -> /workspace/build/unitree_sdk2py/build/lib/unitree_sdk2py/as2
[1.926s] creating /workspace/build/unitree_sdk2py/build/lib/unitree_sdk2py/a2/audio
[1.926s] copying unitree_sdk2py/a2/audio/audio_client.py -> /workspace/build/unitree_sdk2py/build/lib/unitree_sdk2py/a2/audio
[1.926s] copying unitree_sdk2py/a2/audio/audio_api.py -> /workspace/build/unitree_sdk2py/build/lib/unitree_sdk2py/a2/audio
[1.926s] copying unitree_sdk2py/a2/audio/__init__.py -> /workspace/build/unitree_sdk2py/build/lib/unitree_sdk2py/a2/audio
[1.926s] creating /workspace/build/unitree_sdk2py/build/lib/unitree_sdk2py/a2/sport
[1.926s] copying unitree_sdk2py/a2/sport/sport_client.py -> /workspace/build/unitree_sdk2py/build/lib/unitree_sdk2py/a2/sport
[1.927s] copying unitree_sdk2py/a2/sport/__init__.py -> /workspace/build/unitree_sdk2py/build/lib/unitree_sdk2py/a2/sport
[1.927s] copying unitree_sdk2py/a2/sport/sport_api.py -> /workspace/build/unitree_sdk2py/build/lib/unitree_sdk2py/a2/sport
[1.927s] creating /workspace/build/unitree_sdk2py/build/lib/unitree_sdk2py/h1/loco
[1.927s] copying unitree_sdk2py/h1/loco/h1_loco_client.py -> /workspace/build/unitree_sdk2py/build/lib/unitree_sdk2py/h1/loco
[1.927s] copying unitree_sdk2py/h1/loco/__init__.py -> /workspace/build/unitree_sdk2py/build/lib/unitree_sdk2py/h1/loco
[1.928s] copying unitree_sdk2py/h1/loco/h1_loco_api.py -> /workspace/build/unitree_sdk2py/build/lib/unitree_sdk2py/h1/loco
[1.928s] creating /workspace/build/unitree_sdk2py/build/lib/unitree_sdk2py/h2/loco
[1.928s] copying unitree_sdk2py/h2/loco/h2_loco_api.py -> /workspace/build/unitree_sdk2py/build/lib/unitree_sdk2py/h2/loco
[1.928s] copying unitree_sdk2py/h2/loco/h2_loco_client.py -> /workspace/build/unitree_sdk2py/build/lib/unitree_sdk2py/h2/loco
[1.928s] copying unitree_sdk2py/h2/loco/__init__.py -> /workspace/build/unitree_sdk2py/build/lib/unitree_sdk2py/h2/loco
[1.929s] creating /workspace/build/unitree_sdk2py/build/lib/unitree_sdk2py/go2/obstacles_avoid
[1.929s] copying unitree_sdk2py/go2/obstacles_avoid/obstacles_avoid_api.py -> /workspace/build/unitree_sdk2py/build/lib/unitree_sdk2py/go2/obstacles_avoid
[1.929s] copying unitree_sdk2py/go2/obstacles_avoid/obstacles_avoid_client.py -> /workspace/build/unitree_sdk2py/build/lib/unitree_sdk2py/go2/obstacles_avoid
[1.929s] copying unitree_sdk2py/go2/obstacles_avoid/__init__.py -> /workspace/build/unitree_sdk2py/build/lib/unitree_sdk2py/go2/obstacles_avoid
[1.929s] creating /workspace/build/unitree_sdk2py/build/lib/unitree_sdk2py/go2/robot_state
[1.930s] copying unitree_sdk2py/go2/robot_state/__init__.py -> /workspace/build/unitree_sdk2py/build/lib/unitree_sdk2py/go2/robot_state
[1.930s] copying unitree_sdk2py/go2/robot_state/robot_state_client.py -> /workspace/build/unitree_sdk2py/build/lib/unitree_sdk2py/go2/robot_state
[1.930s] copying unitree_sdk2py/go2/robot_state/robot_state_api.py -> /workspace/build/unitree_sdk2py/build/lib/unitree_sdk2py/go2/robot_state
[1.930s] creating /workspace/build/unitree_sdk2py/build/lib/unitree_sdk2py/go2/vui
[1.930s] copying unitree_sdk2py/go2/vui/vui_client.py -> /workspace/build/unitree_sdk2py/build/lib/unitree_sdk2py/go2/vui
[1.931s] copying unitree_sdk2py/go2/vui/vui_api.py -> /workspace/build/unitree_sdk2py/build/lib/unitree_sdk2py/go2/vui
[1.931s] copying unitree_sdk2py/go2/vui/__init__.py -> /workspace/build/unitree_sdk2py/build/lib/unitree_sdk2py/go2/vui
[1.931s] creating /workspace/build/unitree_sdk2py/build/lib/unitree_sdk2py/go2/video
[1.931s] copying unitree_sdk2py/go2/video/video_api.py -> /workspace/build/unitree_sdk2py/build/lib/unitree_sdk2py/go2/video
[1.931s] copying unitree_sdk2py/go2/video/video_client.py -> /workspace/build/unitree_sdk2py/build/lib/unitree_sdk2py/go2/video
[1.932s] copying unitree_sdk2py/go2/video/__init__.py -> /workspace/build/unitree_sdk2py/build/lib/unitree_sdk2py/go2/video
[1.932s] creating /workspace/build/unitree_sdk2py/build/lib/unitree_sdk2py/go2/sport
[1.932s] copying unitree_sdk2py/go2/sport/sport_client.py -> /workspace/build/unitree_sdk2py/build/lib/unitree_sdk2py/go2/sport
[1.932s] copying unitree_sdk2py/go2/sport/__init__.py -> /workspace/build/unitree_sdk2py/build/lib/unitree_sdk2py/go2/sport
[1.932s] copying unitree_sdk2py/go2/sport/sport_api.py -> /workspace/build/unitree_sdk2py/build/lib/unitree_sdk2py/go2/sport
[1.933s] creating /workspace/build/unitree_sdk2py/build/lib/unitree_sdk2py/comm/motion_switcher
[1.933s] copying unitree_sdk2py/comm/motion_switcher/__init__.py -> /workspace/build/unitree_sdk2py/build/lib/unitree_sdk2py/comm/motion_switcher
[1.933s] copying unitree_sdk2py/comm/motion_switcher/motion_switcher_api.py -> /workspace/build/unitree_sdk2py/build/lib/unitree_sdk2py/comm/motion_switcher
[1.933s] copying unitree_sdk2py/comm/motion_switcher/motion_switcher_client.py -> /workspace/build/unitree_sdk2py/build/lib/unitree_sdk2py/comm/motion_switcher
[1.933s] creating /workspace/build/unitree_sdk2py/build/lib/unitree_sdk2py/g1/audio
[1.933s] copying unitree_sdk2py/g1/audio/__init__.py -> /workspace/build/unitree_sdk2py/build/lib/unitree_sdk2py/g1/audio
[1.934s] copying unitree_sdk2py/g1/audio/g1_audio_client.py -> /workspace/build/unitree_sdk2py/build/lib/unitree_sdk2py/g1/audio
[1.934s] copying unitree_sdk2py/g1/audio/g1_audio_api.py -> /workspace/build/unitree_sdk2py/build/lib/unitree_sdk2py/g1/audio
[1.934s] creating /workspace/build/unitree_sdk2py/build/lib/unitree_sdk2py/g1/arm
[1.934s] copying unitree_sdk2py/g1/arm/g1_arm_action_client.py -> /workspace/build/unitree_sdk2py/build/lib/unitree_sdk2py/g1/arm
[1.934s] copying unitree_sdk2py/g1/arm/__init__.py -> /workspace/build/unitree_sdk2py/build/lib/unitree_sdk2py/g1/arm
[1.935s] copying unitree_sdk2py/g1/arm/g1_arm_action_api.py -> /workspace/build/unitree_sdk2py/build/lib/unitree_sdk2py/g1/arm
[1.935s] creating /workspace/build/unitree_sdk2py/build/lib/unitree_sdk2py/g1/loco
[1.935s] copying unitree_sdk2py/g1/loco/g1_loco_client.py -> /workspace/build/unitree_sdk2py/build/lib/unitree_sdk2py/g1/loco
[1.935s] copying unitree_sdk2py/g1/loco/g1_loco_api.py -> /workspace/build/unitree_sdk2py/build/lib/unitree_sdk2py/g1/loco
[1.935s] copying unitree_sdk2py/g1/loco/__init__.py -> /workspace/build/unitree_sdk2py/build/lib/unitree_sdk2py/g1/loco
[1.936s] creating /workspace/build/unitree_sdk2py/build/lib/unitree_sdk2py/b2/robot_state
[1.936s] copying unitree_sdk2py/b2/robot_state/__init__.py -> /workspace/build/unitree_sdk2py/build/lib/unitree_sdk2py/b2/robot_state
[1.936s] copying unitree_sdk2py/b2/robot_state/robot_state_client.py -> /workspace/build/unitree_sdk2py/build/lib/unitree_sdk2py/b2/robot_state
[1.936s] copying unitree_sdk2py/b2/robot_state/robot_state_api.py -> /workspace/build/unitree_sdk2py/build/lib/unitree_sdk2py/b2/robot_state
[1.936s] creating /workspace/build/unitree_sdk2py/build/lib/unitree_sdk2py/b2/back_video
[1.937s] copying unitree_sdk2py/b2/back_video/back_video_api.py -> /workspace/build/unitree_sdk2py/build/lib/unitree_sdk2py/b2/back_video
[1.937s] copying unitree_sdk2py/b2/back_video/__init__.py -> /workspace/build/unitree_sdk2py/build/lib/unitree_sdk2py/b2/back_video
[1.937s] copying unitree_sdk2py/b2/back_video/back_video_client.py -> /workspace/build/unitree_sdk2py/build/lib/unitree_sdk2py/b2/back_video
[1.937s] creating /workspace/build/unitree_sdk2py/build/lib/unitree_sdk2py/b2/vui
[1.937s] copying unitree_sdk2py/b2/vui/vui_client.py -> /workspace/build/unitree_sdk2py/build/lib/unitree_sdk2py/b2/vui
[1.937s] copying unitree_sdk2py/b2/vui/vui_api.py -> /workspace/build/unitree_sdk2py/build/lib/unitree_sdk2py/b2/vui
[1.938s] copying unitree_sdk2py/b2/vui/__init__.py -> /workspace/build/unitree_sdk2py/build/lib/unitree_sdk2py/b2/vui
[1.938s] creating /workspace/build/unitree_sdk2py/build/lib/unitree_sdk2py/b2/sport
[1.938s] copying unitree_sdk2py/b2/sport/sport_client.py -> /workspace/build/unitree_sdk2py/build/lib/unitree_sdk2py/b2/sport
[1.938s] copying unitree_sdk2py/b2/sport/__init__.py -> /workspace/build/unitree_sdk2py/build/lib/unitree_sdk2py/b2/sport
[1.938s] copying unitree_sdk2py/b2/sport/sport_api.py -> /workspace/build/unitree_sdk2py/build/lib/unitree_sdk2py/b2/sport
[1.939s] creating /workspace/build/unitree_sdk2py/build/lib/unitree_sdk2py/b2/front_video
[1.939s] copying unitree_sdk2py/b2/front_video/front_video_client.py -> /workspace/build/unitree_sdk2py/build/lib/unitree_sdk2py/b2/front_video
[1.939s] copying unitree_sdk2py/b2/front_video/front_video_api.py -> /workspace/build/unitree_sdk2py/build/lib/unitree_sdk2py/b2/front_video
[1.939s] copying unitree_sdk2py/b2/front_video/__init__.py -> /workspace/build/unitree_sdk2py/build/lib/unitree_sdk2py/b2/front_video
[1.939s] creating /workspace/build/unitree_sdk2py/build/lib/unitree_sdk2py/idl/builtin_interfaces
[1.940s] copying unitree_sdk2py/idl/builtin_interfaces/__init__.py -> /workspace/build/unitree_sdk2py/build/lib/unitree_sdk2py/idl/builtin_interfaces
[1.940s] creating /workspace/build/unitree_sdk2py/build/lib/unitree_sdk2py/idl/nav_msgs
[1.940s] copying unitree_sdk2py/idl/nav_msgs/__init__.py -> /workspace/build/unitree_sdk2py/build/lib/unitree_sdk2py/idl/nav_msgs
[1.940s] creating /workspace/build/unitree_sdk2py/build/lib/unitree_sdk2py/idl/unitree_go
[1.940s] copying unitree_sdk2py/idl/unitree_go/__init__.py -> /workspace/build/unitree_sdk2py/build/lib/unitree_sdk2py/idl/unitree_go
[1.941s] creating /workspace/build/unitree_sdk2py/build/lib/unitree_sdk2py/idl/sensor_msgs
[1.941s] copying unitree_sdk2py/idl/sensor_msgs/__init__.py -> /workspace/build/unitree_sdk2py/build/lib/unitree_sdk2py/idl/sensor_msgs
[1.941s] creating /workspace/build/unitree_sdk2py/build/lib/unitree_sdk2py/idl/std_msgs
[1.941s] copying unitree_sdk2py/idl/std_msgs/__init__.py -> /workspace/build/unitree_sdk2py/build/lib/unitree_sdk2py/idl/std_msgs
[1.941s] creating /workspace/build/unitree_sdk2py/build/lib/unitree_sdk2py/idl/unitree_api
[1.942s] copying unitree_sdk2py/idl/unitree_api/__init__.py -> /workspace/build/unitree_sdk2py/build/lib/unitree_sdk2py/idl/unitree_api
[1.942s] creating /workspace/build/unitree_sdk2py/build/lib/unitree_sdk2py/idl/unitree_hg
[1.942s] copying unitree_sdk2py/idl/unitree_hg/__init__.py -> /workspace/build/unitree_sdk2py/build/lib/unitree_sdk2py/idl/unitree_hg
[1.942s] creating /workspace/build/unitree_sdk2py/build/lib/unitree_sdk2py/idl/geometry_msgs
[1.943s] copying unitree_sdk2py/idl/geometry_msgs/__init__.py -> /workspace/build/unitree_sdk2py/build/lib/unitree_sdk2py/idl/geometry_msgs
[1.943s] creating /workspace/build/unitree_sdk2py/build/lib/unitree_sdk2py/idl/builtin_interfaces/msg
[1.943s] copying unitree_sdk2py/idl/builtin_interfaces/msg/__init__.py -> /workspace/build/unitree_sdk2py/build/lib/unitree_sdk2py/idl/builtin_interfaces/msg
[1.943s] creating /workspace/build/unitree_sdk2py/build/lib/unitree_sdk2py/idl/builtin_interfaces/msg/dds_
[1.943s] copying unitree_sdk2py/idl/builtin_interfaces/msg/dds_/_Time_.py -> /workspace/build/unitree_sdk2py/build/lib/unitree_sdk2py/idl/builtin_interfaces/msg/dds_
[1.943s] copying unitree_sdk2py/idl/builtin_interfaces/msg/dds_/__init__.py -> /workspace/build/unitree_sdk2py/build/lib/unitree_sdk2py/idl/builtin_interfaces/msg/dds_
[1.944s] creating /workspace/build/unitree_sdk2py/build/lib/unitree_sdk2py/idl/nav_msgs/msg
[1.944s] copying unitree_sdk2py/idl/nav_msgs/msg/__init__.py -> /workspace/build/unitree_sdk2py/build/lib/unitree_sdk2py/idl/nav_msgs/msg
[1.944s] creating /workspace/build/unitree_sdk2py/build/lib/unitree_sdk2py/idl/nav_msgs/msg/dds_
[1.944s] copying unitree_sdk2py/idl/nav_msgs/msg/dds_/_MapMetaData_.py -> /workspace/build/unitree_sdk2py/build/lib/unitree_sdk2py/idl/nav_msgs/msg/dds_
[1.945s] copying unitree_sdk2py/idl/nav_msgs/msg/dds_/__init__.py -> /workspace/build/unitree_sdk2py/build/lib/unitree_sdk2py/idl/nav_msgs/msg/dds_
[1.945s] copying unitree_sdk2py/idl/nav_msgs/msg/dds_/_OccupancyGrid_.py -> /workspace/build/unitree_sdk2py/build/lib/unitree_sdk2py/idl/nav_msgs/msg/dds_
[1.945s] copying unitree_sdk2py/idl/nav_msgs/msg/dds_/_Odometry_.py -> /workspace/build/unitree_sdk2py/build/lib/unitree_sdk2py/idl/nav_msgs/msg/dds_
[1.945s] creating /workspace/build/unitree_sdk2py/build/lib/unitree_sdk2py/idl/unitree_go/msg
[1.945s] copying unitree_sdk2py/idl/unitree_go/msg/__init__.py -> /workspace/build/unitree_sdk2py/build/lib/unitree_sdk2py/idl/unitree_go/msg
[1.946s] creating /workspace/build/unitree_sdk2py/build/lib/unitree_sdk2py/idl/unitree_go/msg/dds_
[1.946s] copying unitree_sdk2py/idl/unitree_go/msg/dds_/_BmsCmd_.py -> /workspace/build/unitree_sdk2py/build/lib/unitree_sdk2py/idl/unitree_go/msg/dds_
[1.946s] copying unitree_sdk2py/idl/unitree_go/msg/dds_/_MotorCmds_.py -> /workspace/build/unitree_sdk2py/build/lib/unitree_sdk2py/idl/unitree_go/msg/dds_
[1.946s] copying unitree_sdk2py/idl/unitree_go/msg/dds_/_WirelessController_.py -> /workspace/build/unitree_sdk2py/build/lib/unitree_sdk2py/idl/unitree_go/msg/dds_
[1.947s] copying unitree_sdk2py/idl/unitree_go/msg/dds_/_InterfaceConfig_.py -> /workspace/build/unitree_sdk2py/build/lib/unitree_sdk2py/idl/unitree_go/msg/dds_
[1.947s] copying unitree_sdk2py/idl/unitree_go/msg/dds_/_Error_.py -> /workspace/build/unitree_sdk2py/build/lib/unitree_sdk2py/idl/unitree_go/msg/dds_
[1.947s] copying unitree_sdk2py/idl/unitree_go/msg/dds_/_Go2FrontVideoData_.py -> /workspace/build/unitree_sdk2py/build/lib/unitree_sdk2py/idl/unitree_go/msg/dds_
[1.947s] copying unitree_sdk2py/idl/unitree_go/msg/dds_/_TimeSpec_.py -> /workspace/build/unitree_sdk2py/build/lib/unitree_sdk2py/idl/unitree_go/msg/dds_
[1.947s] copying unitree_sdk2py/idl/unitree_go/msg/dds_/_LowState_.py -> /workspace/build/unitree_sdk2py/build/lib/unitree_sdk2py/idl/unitree_go/msg/dds_
[1.947s] copying unitree_sdk2py/idl/unitree_go/msg/dds_/_AudioData_.py -> /workspace/build/unitree_sdk2py/build/lib/unitree_sdk2py/idl/unitree_go/msg/dds_
[1.948s] copying unitree_sdk2py/idl/unitree_go/msg/dds_/_BmsState_.py -> /workspace/build/unitree_sdk2py/build/lib/unitree_sdk2py/idl/unitree_go/msg/dds_
[1.948s] copying unitree_sdk2py/idl/unitree_go/msg/dds_/_LowCmd_.py -> /workspace/build/unitree_sdk2py/build/lib/unitree_sdk2py/idl/unitree_go/msg/dds_
[1.948s] copying unitree_sdk2py/idl/unitree_go/msg/dds_/_SportModeState_.py -> /workspace/build/unitree_sdk2py/build/lib/unitree_sdk2py/idl/unitree_go/msg/dds_
[1.948s] copying unitree_sdk2py/idl/unitree_go/msg/dds_/_LidarState_.py -> /workspace/build/unitree_sdk2py/build/lib/unitree_sdk2py/idl/unitree_go/msg/dds_
[1.948s] copying unitree_sdk2py/idl/unitree_go/msg/dds_/_MotorState_.py -> /workspace/build/unitree_sdk2py/build/lib/unitree_sdk2py/idl/unitree_go/msg/dds_
[1.949s] copying unitree_sdk2py/idl/unitree_go/msg/dds_/_MotorCmd_.py -> /workspace/build/unitree_sdk2py/build/lib/unitree_sdk2py/idl/unitree_go/msg/dds_
[1.949s] copying unitree_sdk2py/idl/unitree_go/msg/dds_/_UwbSwitch_.py -> /workspace/build/unitree_sdk2py/build/lib/unitree_sdk2py/idl/unitree_go/msg/dds_
[1.949s] copying unitree_sdk2py/idl/unitree_go/msg/dds_/__init__.py -> /workspace/build/unitree_sdk2py/build/lib/unitree_sdk2py/idl/unitree_go/msg/dds_
[1.949s] copying unitree_sdk2py/idl/unitree_go/msg/dds_/_UwbState_.py -> /workspace/build/unitree_sdk2py/build/lib/unitree_sdk2py/idl/unitree_go/msg/dds_
[1.949s] copying unitree_sdk2py/idl/unitree_go/msg/dds_/_Req_.py -> /workspace/build/unitree_sdk2py/build/lib/unitree_sdk2py/idl/unitree_go/msg/dds_
[1.949s] copying unitree_sdk2py/idl/unitree_go/msg/dds_/_HeightMap_.py -> /workspace/build/unitree_sdk2py/build/lib/unitree_sdk2py/idl/unitree_go/msg/dds_
[1.950s] copying unitree_sdk2py/idl/unitree_go/msg/dds_/_Res_.py -> /workspace/build/unitree_sdk2py/build/lib/unitree_sdk2py/idl/unitree_go/msg/dds_
[1.950s] copying unitree_sdk2py/idl/unitree_go/msg/dds_/_IMUState_.py -> /workspace/build/unitree_sdk2py/build/lib/unitree_sdk2py/idl/unitree_go/msg/dds_
[1.950s] copying unitree_sdk2py/idl/unitree_go/msg/dds_/_PathPoint_.py -> /workspace/build/unitree_sdk2py/build/lib/unitree_sdk2py/idl/unitree_go/msg/dds_
[1.950s] copying unitree_sdk2py/idl/unitree_go/msg/dds_/_MotorStates_.py -> /workspace/build/unitree_sdk2py/build/lib/unitree_sdk2py/idl/unitree_go/msg/dds_
[1.951s] creating /workspace/build/unitree_sdk2py/build/lib/unitree_sdk2py/idl/sensor_msgs/msg
[1.951s] copying unitree_sdk2py/idl/sensor_msgs/msg/__init__.py -> /workspace/build/unitree_sdk2py/build/lib/unitree_sdk2py/idl/sensor_msgs/msg
[1.951s] creating /workspace/build/unitree_sdk2py/build/lib/unitree_sdk2py/idl/sensor_msgs/msg/dds_
[1.951s] copying unitree_sdk2py/idl/sensor_msgs/msg/dds_/_PointCloud2_.py -> /workspace/build/unitree_sdk2py/build/lib/unitree_sdk2py/idl/sensor_msgs/msg/dds_
[1.951s] copying unitree_sdk2py/idl/sensor_msgs/msg/dds_/__init__.py -> /workspace/build/unitree_sdk2py/build/lib/unitree_sdk2py/idl/sensor_msgs/msg/dds_
[1.951s] copying unitree_sdk2py/idl/sensor_msgs/msg/dds_/_PointField_.py -> /workspace/build/unitree_sdk2py/build/lib/unitree_sdk2py/idl/sensor_msgs/msg/dds_
[1.952s] creating /workspace/build/unitree_sdk2py/build/lib/unitree_sdk2py/idl/sensor_msgs/msg/dds_/PointField_Constants
[1.952s] copying unitree_sdk2py/idl/sensor_msgs/msg/dds_/PointField_Constants/__init__.py -> /workspace/build/unitree_sdk2py/build/lib/unitree_sdk2py/idl/sensor_msgs/msg/dds_/PointField_Constants
[1.952s] copying unitree_sdk2py/idl/sensor_msgs/msg/dds_/PointField_Constants/_PointField_.py -> /workspace/build/unitree_sdk2py/build/lib/unitree_sdk2py/idl/sensor_msgs/msg/dds_/PointField_Constants
[1.952s] creating /workspace/build/unitree_sdk2py/build/lib/unitree_sdk2py/idl/std_msgs/msg
[1.953s] copying unitree_sdk2py/idl/std_msgs/msg/__init__.py -> /workspace/build/unitree_sdk2py/build/lib/unitree_sdk2py/idl/std_msgs/msg
[1.953s] creating /workspace/build/unitree_sdk2py/build/lib/unitree_sdk2py/idl/std_msgs/msg/dds_
[1.953s] copying unitree_sdk2py/idl/std_msgs/msg/dds_/_String_.py -> /workspace/build/unitree_sdk2py/build/lib/unitree_sdk2py/idl/std_msgs/msg/dds_
[1.953s] copying unitree_sdk2py/idl/std_msgs/msg/dds_/__init__.py -> /workspace/build/unitree_sdk2py/build/lib/unitree_sdk2py/idl/std_msgs/msg/dds_
[1.953s] copying unitree_sdk2py/idl/std_msgs/msg/dds_/_Header_.py -> /workspace/build/unitree_sdk2py/build/lib/unitree_sdk2py/idl/std_msgs/msg/dds_
[1.954s] creating /workspace/build/unitree_sdk2py/build/lib/unitree_sdk2py/idl/unitree_api/msg
[1.954s] copying unitree_sdk2py/idl/unitree_api/msg/__init__.py -> /workspace/build/unitree_sdk2py/build/lib/unitree_sdk2py/idl/unitree_api/msg
[1.954s] creating /workspace/build/unitree_sdk2py/build/lib/unitree_sdk2py/idl/unitree_api/msg/dds_
[1.954s] copying unitree_sdk2py/idl/unitree_api/msg/dds_/_ResponseStatus_.py -> /workspace/build/unitree_sdk2py/build/lib/unitree_sdk2py/idl/unitree_api/msg/dds_
[1.955s] copying unitree_sdk2py/idl/unitree_api/msg/dds_/_RequestPolicy_.py -> /workspace/build/unitree_sdk2py/build/lib/unitree_sdk2py/idl/unitree_api/msg/dds_
[1.955s] copying unitree_sdk2py/idl/unitree_api/msg/dds_/_Request_.py -> /workspace/build/unitree_sdk2py/build/lib/unitree_sdk2py/idl/unitree_api/msg/dds_
[1.955s] copying unitree_sdk2py/idl/unitree_api/msg/dds_/_RequestIdentity_.py -> /workspace/build/unitree_sdk2py/build/lib/unitree_sdk2py/idl/unitree_api/msg/dds_
[1.955s] copying unitree_sdk2py/idl/unitree_api/msg/dds_/_RequestLease_.py -> /workspace/build/unitree_sdk2py/build/lib/unitree_sdk2py/idl/unitree_api/msg/dds_
[1.955s] copying unitree_sdk2py/idl/unitree_api/msg/dds_/_RequestHeader_.py -> /workspace/build/unitree_sdk2py/build/lib/unitree_sdk2py/idl/unitree_api/msg/dds_
[1.955s] copying unitree_sdk2py/idl/unitree_api/msg/dds_/__init__.py -> /workspace/build/unitree_sdk2py/build/lib/unitree_sdk2py/idl/unitree_api/msg/dds_
[1.956s] copying unitree_sdk2py/idl/unitree_api/msg/dds_/_Response_.py -> /workspace/build/unitree_sdk2py/build/lib/unitree_sdk2py/idl/unitree_api/msg/dds_
[1.956s] copying unitree_sdk2py/idl/unitree_api/msg/dds_/_ResponseHeader_.py -> /workspace/build/unitree_sdk2py/build/lib/unitree_sdk2py/idl/unitree_api/msg/dds_
[1.956s] creating /workspace/build/unitree_sdk2py/build/lib/unitree_sdk2py/idl/unitree_hg/msg
[1.956s] copying unitree_sdk2py/idl/unitree_hg/msg/__init__.py -> /workspace/build/unitree_sdk2py/build/lib/unitree_sdk2py/idl/unitree_hg/msg
[1.957s] creating /workspace/build/unitree_sdk2py/build/lib/unitree_sdk2py/idl/unitree_hg/msg/dds_
[1.957s] copying unitree_sdk2py/idl/unitree_hg/msg/dds_/_BmsCmd_.py -> /workspace/build/unitree_sdk2py/build/lib/unitree_sdk2py/idl/unitree_hg/msg/dds_
[1.957s] copying unitree_sdk2py/idl/unitree_hg/msg/dds_/_HandCmd_.py -> /workspace/build/unitree_sdk2py/build/lib/unitree_sdk2py/idl/unitree_hg/msg/dds_
[1.957s] copying unitree_sdk2py/idl/unitree_hg/msg/dds_/_LowState_.py -> /workspace/build/unitree_sdk2py/build/lib/unitree_sdk2py/idl/unitree_hg/msg/dds_
[1.957s] copying unitree_sdk2py/idl/unitree_hg/msg/dds_/_PressSensorState_.py -> /workspace/build/unitree_sdk2py/build/lib/unitree_sdk2py/idl/unitree_hg/msg/dds_
[1.957s] copying unitree_sdk2py/idl/unitree_hg/msg/dds_/_BmsState_.py -> /workspace/build/unitree_sdk2py/build/lib/unitree_sdk2py/idl/unitree_hg/msg/dds_
[1.958s] copying unitree_sdk2py/idl/unitree_hg/msg/dds_/_MainBoardState_.py -> /workspace/build/unitree_sdk2py/build/lib/unitree_sdk2py/idl/unitree_hg/msg/dds_
[1.958s] copying unitree_sdk2py/idl/unitree_hg/msg/dds_/_LowCmd_.py -> /workspace/build/unitree_sdk2py/build/lib/unitree_sdk2py/idl/unitree_hg/msg/dds_
[1.958s] copying unitree_sdk2py/idl/unitree_hg/msg/dds_/_HandState_.py -> /workspace/build/unitree_sdk2py/build/lib/unitree_sdk2py/idl/unitree_hg/msg/dds_
[1.958s] copying unitree_sdk2py/idl/unitree_hg/msg/dds_/_MotorState_.py -> /workspace/build/unitree_sdk2py/build/lib/unitree_sdk2py/idl/unitree_hg/msg/dds_
[1.958s] copying unitree_sdk2py/idl/unitree_hg/msg/dds_/_MotorCmd_.py -> /workspace/build/unitree_sdk2py/build/lib/unitree_sdk2py/idl/unitree_hg/msg/dds_
[1.959s] copying unitree_sdk2py/idl/unitree_hg/msg/dds_/__init__.py -> /workspace/build/unitree_sdk2py/build/lib/unitree_sdk2py/idl/unitree_hg/msg/dds_
[1.959s] copying unitree_sdk2py/idl/unitree_hg/msg/dds_/_IMUState_.py -> /workspace/build/unitree_sdk2py/build/lib/unitree_sdk2py/idl/unitree_hg/msg/dds_
[1.959s] creating /workspace/build/unitree_sdk2py/build/lib/unitree_sdk2py/idl/geometry_msgs/msg
[1.959s] copying unitree_sdk2py/idl/geometry_msgs/msg/__init__.py -> /workspace/build/unitree_sdk2py/build/lib/unitree_sdk2py/idl/geometry_msgs/msg
[1.960s] creating /workspace/build/unitree_sdk2py/build/lib/unitree_sdk2py/idl/geometry_msgs/msg/dds_
[1.960s] copying unitree_sdk2py/idl/geometry_msgs/msg/dds_/_TwistStamped_.py -> /workspace/build/unitree_sdk2py/build/lib/unitree_sdk2py/idl/geometry_msgs/msg/dds_
[1.960s] copying unitree_sdk2py/idl/geometry_msgs/msg/dds_/_Pose2D_.py -> /workspace/build/unitree_sdk2py/build/lib/unitree_sdk2py/idl/geometry_msgs/msg/dds_
[1.960s] copying unitree_sdk2py/idl/geometry_msgs/msg/dds_/_Vector3_.py -> /workspace/build/unitree_sdk2py/build/lib/unitree_sdk2py/idl/geometry_msgs/msg/dds_
[1.961s] copying unitree_sdk2py/idl/geometry_msgs/msg/dds_/_PoseWithCovarianceStamped_.py -> /workspace/build/unitree_sdk2py/build/lib/unitree_sdk2py/idl/geometry_msgs/msg/dds_
[1.961s] copying unitree_sdk2py/idl/geometry_msgs/msg/dds_/_Pose_.py -> /workspace/build/unitree_sdk2py/build/lib/unitree_sdk2py/idl/geometry_msgs/msg/dds_
[1.961s] copying unitree_sdk2py/idl/geometry_msgs/msg/dds_/_PointStamped_.py -> /workspace/build/unitree_sdk2py/build/lib/unitree_sdk2py/idl/geometry_msgs/msg/dds_
[1.961s] copying unitree_sdk2py/idl/geometry_msgs/msg/dds_/_PoseWithCovariance_.py -> /workspace/build/unitree_sdk2py/build/lib/unitree_sdk2py/idl/geometry_msgs/msg/dds_
[1.961s] copying unitree_sdk2py/idl/geometry_msgs/msg/dds_/_PoseStamped_.py -> /workspace/build/unitree_sdk2py/build/lib/unitree_sdk2py/idl/geometry_msgs/msg/dds_
[1.962s] copying unitree_sdk2py/idl/geometry_msgs/msg/dds_/_Point_.py -> /workspace/build/unitree_sdk2py/build/lib/unitree_sdk2py/idl/geometry_msgs/msg/dds_
[1.962s] copying unitree_sdk2py/idl/geometry_msgs/msg/dds_/_QuaternionStamped_.py -> /workspace/build/unitree_sdk2py/build/lib/unitree_sdk2py/idl/geometry_msgs/msg/dds_
[1.962s] copying unitree_sdk2py/idl/geometry_msgs/msg/dds_/__init__.py -> /workspace/build/unitree_sdk2py/build/lib/unitree_sdk2py/idl/geometry_msgs/msg/dds_
[1.962s] copying unitree_sdk2py/idl/geometry_msgs/msg/dds_/_TwistWithCovariance_.py -> /workspace/build/unitree_sdk2py/build/lib/unitree_sdk2py/idl/geometry_msgs/msg/dds_
[1.962s] copying unitree_sdk2py/idl/geometry_msgs/msg/dds_/_TwistWithCovarianceStamped_.py -> /workspace/build/unitree_sdk2py/build/lib/unitree_sdk2py/idl/geometry_msgs/msg/dds_
[1.963s] copying unitree_sdk2py/idl/geometry_msgs/msg/dds_/_Point32_.py -> /workspace/build/unitree_sdk2py/build/lib/unitree_sdk2py/idl/geometry_msgs/msg/dds_
[1.963s] copying unitree_sdk2py/idl/geometry_msgs/msg/dds_/_Twist_.py -> /workspace/build/unitree_sdk2py/build/lib/unitree_sdk2py/idl/geometry_msgs/msg/dds_
[1.963s] copying unitree_sdk2py/idl/geometry_msgs/msg/dds_/_Quaternion_.py -> /workspace/build/unitree_sdk2py/build/lib/unitree_sdk2py/idl/geometry_msgs/msg/dds_
[1.970s] running install
[1.971s] running install_lib
[1.972s] creating /workspace/install/unitree_sdk2py/lib/python3.10/site-packages/unitree_sdk2py
[1.973s] creating /workspace/install/unitree_sdk2py/lib/python3.10/site-packages/unitree_sdk2py/a2
[1.973s] creating /workspace/install/unitree_sdk2py/lib/python3.10/site-packages/unitree_sdk2py/a2/audio
[1.973s] copying /workspace/build/unitree_sdk2py/build/lib/unitree_sdk2py/a2/audio/audio_client.py -> /workspace/install/unitree_sdk2py/lib/python3.10/site-packages/unitree_sdk2py/a2/audio
[1.973s] copying /workspace/build/unitree_sdk2py/build/lib/unitree_sdk2py/a2/audio/audio_api.py -> /workspace/install/unitree_sdk2py/lib/python3.10/site-packages/unitree_sdk2py/a2/audio
[1.973s] copying /workspace/build/unitree_sdk2py/build/lib/unitree_sdk2py/a2/audio/__init__.py -> /workspace/install/unitree_sdk2py/lib/python3.10/site-packages/unitree_sdk2py/a2/audio
[1.973s] creating /workspace/install/unitree_sdk2py/lib/python3.10/site-packages/unitree_sdk2py/a2/sport
[1.973s] copying /workspace/build/unitree_sdk2py/build/lib/unitree_sdk2py/a2/sport/sport_client.py -> /workspace/install/unitree_sdk2py/lib/python3.10/site-packages/unitree_sdk2py/a2/sport
[1.974s] copying /workspace/build/unitree_sdk2py/build/lib/unitree_sdk2py/a2/sport/__init__.py -> /workspace/install/unitree_sdk2py/lib/python3.10/site-packages/unitree_sdk2py/a2/sport
[1.974s] copying /workspace/build/unitree_sdk2py/build/lib/unitree_sdk2py/a2/sport/sport_api.py -> /workspace/install/unitree_sdk2py/lib/python3.10/site-packages/unitree_sdk2py/a2/sport
[1.974s] copying /workspace/build/unitree_sdk2py/build/lib/unitree_sdk2py/a2/__init__.py -> /workspace/install/unitree_sdk2py/lib/python3.10/site-packages/unitree_sdk2py/a2
[1.974s] creating /workspace/install/unitree_sdk2py/lib/python3.10/site-packages/unitree_sdk2py/utils
[1.974s] copying /workspace/build/unitree_sdk2py/build/lib/unitree_sdk2py/utils/joystick.py -> /workspace/install/unitree_sdk2py/lib/python3.10/site-packages/unitree_sdk2py/utils
[1.974s] copying /workspace/build/unitree_sdk2py/build/lib/unitree_sdk2py/utils/future.py -> /workspace/install/unitree_sdk2py/lib/python3.10/site-packages/unitree_sdk2py/utils
[1.975s] copying /workspace/build/unitree_sdk2py/build/lib/unitree_sdk2py/utils/crc.py -> /workspace/install/unitree_sdk2py/lib/python3.10/site-packages/unitree_sdk2py/utils
[1.975s] copying /workspace/build/unitree_sdk2py/build/lib/unitree_sdk2py/utils/timerfd.py -> /workspace/install/unitree_sdk2py/lib/python3.10/site-packages/unitree_sdk2py/utils
[1.975s] copying /workspace/build/unitree_sdk2py/build/lib/unitree_sdk2py/utils/thread.py -> /workspace/install/unitree_sdk2py/lib/python3.10/site-packages/unitree_sdk2py/utils
[1.994s] copying /workspace/build/unitree_sdk2py/build/lib/unitree_sdk2py/utils/bqueue.py -> /workspace/install/unitree_sdk2py/lib/python3.10/site-packages/unitree_sdk2py/utils
[1.995s] copying /workspace/build/unitree_sdk2py/build/lib/unitree_sdk2py/utils/hz_sample.py -> /workspace/install/unitree_sdk2py/lib/python3.10/site-packages/unitree_sdk2py/utils
[1.995s] copying /workspace/build/unitree_sdk2py/build/lib/unitree_sdk2py/utils/__init__.py -> /workspace/install/unitree_sdk2py/lib/python3.10/site-packages/unitree_sdk2py/utils
[1.995s] copying /workspace/build/unitree_sdk2py/build/lib/unitree_sdk2py/utils/singleton.py -> /workspace/install/unitree_sdk2py/lib/python3.10/site-packages/unitree_sdk2py/utils
[1.996s] copying /workspace/build/unitree_sdk2py/build/lib/unitree_sdk2py/utils/clib_lookup.py -> /workspace/install/unitree_sdk2py/lib/python3.10/site-packages/unitree_sdk2py/utils
[1.996s] creating /workspace/install/unitree_sdk2py/lib/python3.10/site-packages/unitree_sdk2py/h1
[1.996s] copying /workspace/build/unitree_sdk2py/build/lib/unitree_sdk2py/h1/__init__.py -> /workspace/install/unitree_sdk2py/lib/python3.10/site-packages/unitree_sdk2py/h1
[1.996s] creating /workspace/install/unitree_sdk2py/lib/python3.10/site-packages/unitree_sdk2py/h1/loco
[1.996s] copying /workspace/build/unitree_sdk2py/build/lib/unitree_sdk2py/h1/loco/h1_loco_client.py -> /workspace/install/unitree_sdk2py/lib/python3.10/site-packages/unitree_sdk2py/h1/loco
[1.996s] copying /workspace/build/unitree_sdk2py/build/lib/unitree_sdk2py/h1/loco/__init__.py -> /workspace/install/unitree_sdk2py/lib/python3.10/site-packages/unitree_sdk2py/h1/loco
[1.996s] copying /workspace/build/unitree_sdk2py/build/lib/unitree_sdk2py/h1/loco/h1_loco_api.py -> /workspace/install/unitree_sdk2py/lib/python3.10/site-packages/unitree_sdk2py/h1/loco
[1.997s] creating /workspace/install/unitree_sdk2py/lib/python3.10/site-packages/unitree_sdk2py/h2
[1.997s] copying /workspace/build/unitree_sdk2py/build/lib/unitree_sdk2py/h2/__init__.py -> /workspace/install/unitree_sdk2py/lib/python3.10/site-packages/unitree_sdk2py/h2
[1.997s] creating /workspace/install/unitree_sdk2py/lib/python3.10/site-packages/unitree_sdk2py/h2/loco
[1.997s] copying /workspace/build/unitree_sdk2py/build/lib/unitree_sdk2py/h2/loco/h2_loco_api.py -> /workspace/install/unitree_sdk2py/lib/python3.10/site-packages/unitree_sdk2py/h2/loco
[1.997s] copying /workspace/build/unitree_sdk2py/build/lib/unitree_sdk2py/h2/loco/h2_loco_client.py -> /workspace/install/unitree_sdk2py/lib/python3.10/site-packages/unitree_sdk2py/h2/loco
[1.997s] copying /workspace/build/unitree_sdk2py/build/lib/unitree_sdk2py/h2/loco/__init__.py -> /workspace/install/unitree_sdk2py/lib/python3.10/site-packages/unitree_sdk2py/h2/loco
[1.997s] creating /workspace/install/unitree_sdk2py/lib/python3.10/site-packages/unitree_sdk2py/core
[1.997s] copying /workspace/build/unitree_sdk2py/build/lib/unitree_sdk2py/core/channel_name.py -> /workspace/install/unitree_sdk2py/lib/python3.10/site-packages/unitree_sdk2py/core
[1.997s] copying /workspace/build/unitree_sdk2py/build/lib/unitree_sdk2py/core/__init__.py -> /workspace/install/unitree_sdk2py/lib/python3.10/site-packages/unitree_sdk2py/core
[1.998s] copying /workspace/build/unitree_sdk2py/build/lib/unitree_sdk2py/core/channel_config.py -> /workspace/install/unitree_sdk2py/lib/python3.10/site-packages/unitree_sdk2py/core
[1.998s] copying /workspace/build/unitree_sdk2py/build/lib/unitree_sdk2py/core/channel.py -> /workspace/install/unitree_sdk2py/lib/python3.10/site-packages/unitree_sdk2py/core
[1.998s] creating /workspace/install/unitree_sdk2py/lib/python3.10/site-packages/unitree_sdk2py/go2
[1.998s] creating /workspace/install/unitree_sdk2py/lib/python3.10/site-packages/unitree_sdk2py/go2/obstacles_avoid
[1.998s] copying /workspace/build/unitree_sdk2py/build/lib/unitree_sdk2py/go2/obstacles_avoid/obstacles_avoid_api.py -> /workspace/install/unitree_sdk2py/lib/python3.10/site-packages/unitree_sdk2py/go2/obstacles_avoid
[1.998s] copying /workspace/build/unitree_sdk2py/build/lib/unitree_sdk2py/go2/obstacles_avoid/obstacles_avoid_client.py -> /workspace/install/unitree_sdk2py/lib/python3.10/site-packages/unitree_sdk2py/go2/obstacles_avoid
[1.998s] copying /workspace/build/unitree_sdk2py/build/lib/unitree_sdk2py/go2/obstacles_avoid/__init__.py -> /workspace/install/unitree_sdk2py/lib/python3.10/site-packages/unitree_sdk2py/go2/obstacles_avoid
[1.998s] creating /workspace/install/unitree_sdk2py/lib/python3.10/site-packages/unitree_sdk2py/go2/robot_state
[1.998s] copying /workspace/build/unitree_sdk2py/build/lib/unitree_sdk2py/go2/robot_state/__init__.py -> /workspace/install/unitree_sdk2py/lib/python3.10/site-packages/unitree_sdk2py/go2/robot_state
[1.998s] copying /workspace/build/unitree_sdk2py/build/lib/unitree_sdk2py/go2/robot_state/robot_state_client.py -> /workspace/install/unitree_sdk2py/lib/python3.10/site-packages/unitree_sdk2py/go2/robot_state
[1.998s] copying /workspace/build/unitree_sdk2py/build/lib/unitree_sdk2py/go2/robot_state/robot_state_api.py -> /workspace/install/unitree_sdk2py/lib/python3.10/site-packages/unitree_sdk2py/go2/robot_state
[1.999s] creating /workspace/install/unitree_sdk2py/lib/python3.10/site-packages/unitree_sdk2py/go2/vui
[1.999s] copying /workspace/build/unitree_sdk2py/build/lib/unitree_sdk2py/go2/vui/vui_client.py -> /workspace/install/unitree_sdk2py/lib/python3.10/site-packages/unitree_sdk2py/go2/vui
[1.999s] copying /workspace/build/unitree_sdk2py/build/lib/unitree_sdk2py/go2/vui/vui_api.py -> /workspace/install/unitree_sdk2py/lib/python3.10/site-packages/unitree_sdk2py/go2/vui
[1.999s] copying /workspace/build/unitree_sdk2py/build/lib/unitree_sdk2py/go2/vui/__init__.py -> /workspace/install/unitree_sdk2py/lib/python3.10/site-packages/unitree_sdk2py/go2/vui
[1.999s] creating /workspace/install/unitree_sdk2py/lib/python3.10/site-packages/unitree_sdk2py/go2/video
[1.999s] copying /workspace/build/unitree_sdk2py/build/lib/unitree_sdk2py/go2/video/video_api.py -> /workspace/install/unitree_sdk2py/lib/python3.10/site-packages/unitree_sdk2py/go2/video
[1.999s] copying /workspace/build/unitree_sdk2py/build/lib/unitree_sdk2py/go2/video/video_client.py -> /workspace/install/unitree_sdk2py/lib/python3.10/site-packages/unitree_sdk2py/go2/video
[1.999s] copying /workspace/build/unitree_sdk2py/build/lib/unitree_sdk2py/go2/video/__init__.py -> /workspace/install/unitree_sdk2py/lib/python3.10/site-packages/unitree_sdk2py/go2/video
[1.999s] creating /workspace/install/unitree_sdk2py/lib/python3.10/site-packages/unitree_sdk2py/go2/sport
[1.999s] copying /workspace/build/unitree_sdk2py/build/lib/unitree_sdk2py/go2/sport/sport_client.py -> /workspace/install/unitree_sdk2py/lib/python3.10/site-packages/unitree_sdk2py/go2/sport
[1.999s] copying /workspace/build/unitree_sdk2py/build/lib/unitree_sdk2py/go2/sport/__init__.py -> /workspace/install/unitree_sdk2py/lib/python3.10/site-packages/unitree_sdk2py/go2/sport
[1.999s] copying /workspace/build/unitree_sdk2py/build/lib/unitree_sdk2py/go2/sport/sport_api.py -> /workspace/install/unitree_sdk2py/lib/python3.10/site-packages/unitree_sdk2py/go2/sport
[2.000s] copying /workspace/build/unitree_sdk2py/build/lib/unitree_sdk2py/go2/__init__.py -> /workspace/install/unitree_sdk2py/lib/python3.10/site-packages/unitree_sdk2py/go2
[2.000s] creating /workspace/install/unitree_sdk2py/lib/python3.10/site-packages/unitree_sdk2py/comm
[2.000s] copying /workspace/build/unitree_sdk2py/build/lib/unitree_sdk2py/comm/__init__.py -> /workspace/install/unitree_sdk2py/lib/python3.10/site-packages/unitree_sdk2py/comm
[2.000s] creating /workspace/install/unitree_sdk2py/lib/python3.10/site-packages/unitree_sdk2py/comm/motion_switcher
[2.000s] copying /workspace/build/unitree_sdk2py/build/lib/unitree_sdk2py/comm/motion_switcher/__init__.py -> /workspace/install/unitree_sdk2py/lib/python3.10/site-packages/unitree_sdk2py/comm/motion_switcher
[2.000s] copying /workspace/build/unitree_sdk2py/build/lib/unitree_sdk2py/comm/motion_switcher/motion_switcher_api.py -> /workspace/install/unitree_sdk2py/lib/python3.10/site-packages/unitree_sdk2py/comm/motion_switcher
[2.000s] copying /workspace/build/unitree_sdk2py/build/lib/unitree_sdk2py/comm/motion_switcher/motion_switcher_client.py -> /workspace/install/unitree_sdk2py/lib/python3.10/site-packages/unitree_sdk2py/comm/motion_switcher
[2.000s] creating /workspace/install/unitree_sdk2py/lib/python3.10/site-packages/unitree_sdk2py/g1
[2.000s] creating /workspace/install/unitree_sdk2py/lib/python3.10/site-packages/unitree_sdk2py/g1/audio
[2.000s] copying /workspace/build/unitree_sdk2py/build/lib/unitree_sdk2py/g1/audio/__init__.py -> /workspace/install/unitree_sdk2py/lib/python3.10/site-packages/unitree_sdk2py/g1/audio
[2.000s] copying /workspace/build/unitree_sdk2py/build/lib/unitree_sdk2py/g1/audio/g1_audio_client.py -> /workspace/install/unitree_sdk2py/lib/python3.10/site-packages/unitree_sdk2py/g1/audio
[2.001s] copying /workspace/build/unitree_sdk2py/build/lib/unitree_sdk2py/g1/audio/g1_audio_api.py -> /workspace/install/unitree_sdk2py/lib/python3.10/site-packages/unitree_sdk2py/g1/audio
[2.001s] creating /workspace/install/unitree_sdk2py/lib/python3.10/site-packages/unitree_sdk2py/g1/arm
[2.001s] copying /workspace/build/unitree_sdk2py/build/lib/unitree_sdk2py/g1/arm/g1_arm_action_client.py -> /workspace/install/unitree_sdk2py/lib/python3.10/site-packages/unitree_sdk2py/g1/arm
[2.001s] copying /workspace/build/unitree_sdk2py/build/lib/unitree_sdk2py/g1/arm/__init__.py -> /workspace/install/unitree_sdk2py/lib/python3.10/site-packages/unitree_sdk2py/g1/arm
[2.001s] copying /workspace/build/unitree_sdk2py/build/lib/unitree_sdk2py/g1/arm/g1_arm_action_api.py -> /workspace/install/unitree_sdk2py/lib/python3.10/site-packages/unitree_sdk2py/g1/arm
[2.001s] copying /workspace/build/unitree_sdk2py/build/lib/unitree_sdk2py/g1/__init__.py -> /workspace/install/unitree_sdk2py/lib/python3.10/site-packages/unitree_sdk2py/g1
[2.001s] creating /workspace/install/unitree_sdk2py/lib/python3.10/site-packages/unitree_sdk2py/g1/loco
[2.001s] copying /workspace/build/unitree_sdk2py/build/lib/unitree_sdk2py/g1/loco/g1_loco_client.py -> /workspace/install/unitree_sdk2py/lib/python3.10/site-packages/unitree_sdk2py/g1/loco
[2.001s] copying /workspace/build/unitree_sdk2py/build/lib/unitree_sdk2py/g1/loco/g1_loco_api.py -> /workspace/install/unitree_sdk2py/lib/python3.10/site-packages/unitree_sdk2py/g1/loco
[2.001s] copying /workspace/build/unitree_sdk2py/build/lib/unitree_sdk2py/g1/loco/__init__.py -> /workspace/install/unitree_sdk2py/lib/python3.10/site-packages/unitree_sdk2py/g1/loco
[2.001s] copying /workspace/build/unitree_sdk2py/build/lib/unitree_sdk2py/__init__.py -> /workspace/install/unitree_sdk2py/lib/python3.10/site-packages/unitree_sdk2py
[2.001s] creating /workspace/install/unitree_sdk2py/lib/python3.10/site-packages/unitree_sdk2py/b2
[2.002s] creating /workspace/install/unitree_sdk2py/lib/python3.10/site-packages/unitree_sdk2py/b2/robot_state
[2.002s] copying /workspace/build/unitree_sdk2py/build/lib/unitree_sdk2py/b2/robot_state/__init__.py -> /workspace/install/unitree_sdk2py/lib/python3.10/site-packages/unitree_sdk2py/b2/robot_state
[2.002s] copying /workspace/build/unitree_sdk2py/build/lib/unitree_sdk2py/b2/robot_state/robot_state_client.py -> /workspace/install/unitree_sdk2py/lib/python3.10/site-packages/unitree_sdk2py/b2/robot_state
[2.002s] copying /workspace/build/unitree_sdk2py/build/lib/unitree_sdk2py/b2/robot_state/robot_state_api.py -> /workspace/install/unitree_sdk2py/lib/python3.10/site-packages/unitree_sdk2py/b2/robot_state
[2.002s] creating /workspace/install/unitree_sdk2py/lib/python3.10/site-packages/unitree_sdk2py/b2/back_video
[2.002s] copying /workspace/build/unitree_sdk2py/build/lib/unitree_sdk2py/b2/back_video/back_video_api.py -> /workspace/install/unitree_sdk2py/lib/python3.10/site-packages/unitree_sdk2py/b2/back_video
[2.002s] copying /workspace/build/unitree_sdk2py/build/lib/unitree_sdk2py/b2/back_video/__init__.py -> /workspace/install/unitree_sdk2py/lib/python3.10/site-packages/unitree_sdk2py/b2/back_video
[2.003s] copying /workspace/build/unitree_sdk2py/build/lib/unitree_sdk2py/b2/back_video/back_video_client.py -> /workspace/install/unitree_sdk2py/lib/python3.10/site-packages/unitree_sdk2py/b2/back_video
[2.003s] creating /workspace/install/unitree_sdk2py/lib/python3.10/site-packages/unitree_sdk2py/b2/vui
[2.003s] copying /workspace/build/unitree_sdk2py/build/lib/unitree_sdk2py/b2/vui/vui_client.py -> /workspace/install/unitree_sdk2py/lib/python3.10/site-packages/unitree_sdk2py/b2/vui
[2.003s] copying /workspace/build/unitree_sdk2py/build/lib/unitree_sdk2py/b2/vui/vui_api.py -> /workspace/install/unitree_sdk2py/lib/python3.10/site-packages/unitree_sdk2py/b2/vui
[2.003s] copying /workspace/build/unitree_sdk2py/build/lib/unitree_sdk2py/b2/vui/__init__.py -> /workspace/install/unitree_sdk2py/lib/python3.10/site-packages/unitree_sdk2py/b2/vui
[2.003s] creating /workspace/install/unitree_sdk2py/lib/python3.10/site-packages/unitree_sdk2py/b2/sport
[2.003s] copying /workspace/build/unitree_sdk2py/build/lib/unitree_sdk2py/b2/sport/sport_client.py -> /workspace/install/unitree_sdk2py/lib/python3.10/site-packages/unitree_sdk2py/b2/sport
[2.003s] copying /workspace/build/unitree_sdk2py/build/lib/unitree_sdk2py/b2/sport/__init__.py -> /workspace/install/unitree_sdk2py/lib/python3.10/site-packages/unitree_sdk2py/b2/sport
[2.003s] copying /workspace/build/unitree_sdk2py/build/lib/unitree_sdk2py/b2/sport/sport_api.py -> /workspace/install/unitree_sdk2py/lib/python3.10/site-packages/unitree_sdk2py/b2/sport
[2.003s] copying /workspace/build/unitree_sdk2py/build/lib/unitree_sdk2py/b2/__init__.py -> /workspace/install/unitree_sdk2py/lib/python3.10/site-packages/unitree_sdk2py/b2
[2.003s] creating /workspace/install/unitree_sdk2py/lib/python3.10/site-packages/unitree_sdk2py/b2/front_video
[2.003s] copying /workspace/build/unitree_sdk2py/build/lib/unitree_sdk2py/b2/front_video/front_video_client.py -> /workspace/install/unitree_sdk2py/lib/python3.10/site-packages/unitree_sdk2py/b2/front_video
[2.004s] copying /workspace/build/unitree_sdk2py/build/lib/unitree_sdk2py/b2/front_video/front_video_api.py -> /workspace/install/unitree_sdk2py/lib/python3.10/site-packages/unitree_sdk2py/b2/front_video
[2.004s] copying /workspace/build/unitree_sdk2py/build/lib/unitree_sdk2py/b2/front_video/__init__.py -> /workspace/install/unitree_sdk2py/lib/python3.10/site-packages/unitree_sdk2py/b2/front_video
[2.004s] creating /workspace/install/unitree_sdk2py/lib/python3.10/site-packages/unitree_sdk2py/rpc
[2.004s] copying /workspace/build/unitree_sdk2py/build/lib/unitree_sdk2py/rpc/client_base.py -> /workspace/install/unitree_sdk2py/lib/python3.10/site-packages/unitree_sdk2py/rpc
[2.004s] copying /workspace/build/unitree_sdk2py/build/lib/unitree_sdk2py/rpc/client_stub.py -> /workspace/install/unitree_sdk2py/lib/python3.10/site-packages/unitree_sdk2py/rpc
[2.004s] copying /workspace/build/unitree_sdk2py/build/lib/unitree_sdk2py/rpc/request_future.py -> /workspace/install/unitree_sdk2py/lib/python3.10/site-packages/unitree_sdk2py/rpc
[2.004s] copying /workspace/build/unitree_sdk2py/build/lib/unitree_sdk2py/rpc/server.py -> /workspace/install/unitree_sdk2py/lib/python3.10/site-packages/unitree_sdk2py/rpc
[2.004s] copying /workspace/build/unitree_sdk2py/build/lib/unitree_sdk2py/rpc/lease_server.py -> /workspace/install/unitree_sdk2py/lib/python3.10/site-packages/unitree_sdk2py/rpc
[2.004s] copying /workspace/build/unitree_sdk2py/build/lib/unitree_sdk2py/rpc/internal.py -> /workspace/install/unitree_sdk2py/lib/python3.10/site-packages/unitree_sdk2py/rpc
[2.004s] copying /workspace/build/unitree_sdk2py/build/lib/unitree_sdk2py/rpc/__init__.py -> /workspace/install/unitree_sdk2py/lib/python3.10/site-packages/unitree_sdk2py/rpc
[2.004s] copying /workspace/build/unitree_sdk2py/build/lib/unitree_sdk2py/rpc/server_stub.py -> /workspace/install/unitree_sdk2py/lib/python3.10/site-packages/unitree_sdk2py/rpc
[2.005s] copying /workspace/build/unitree_sdk2py/build/lib/unitree_sdk2py/rpc/server_base.py -> /workspace/install/unitree_sdk2py/lib/python3.10/site-packages/unitree_sdk2py/rpc
[2.005s] copying /workspace/build/unitree_sdk2py/build/lib/unitree_sdk2py/rpc/lease_client.py -> /workspace/install/unitree_sdk2py/lib/python3.10/site-packages/unitree_sdk2py/rpc
[2.005s] copying /workspace/build/unitree_sdk2py/build/lib/unitree_sdk2py/rpc/client.py -> /workspace/install/unitree_sdk2py/lib/python3.10/site-packages/unitree_sdk2py/rpc
[2.005s] creating /workspace/install/unitree_sdk2py/lib/python3.10/site-packages/unitree_sdk2py/idl
[2.005s] creating /workspace/install/unitree_sdk2py/lib/python3.10/site-packages/unitree_sdk2py/idl/builtin_interfaces
[2.005s] copying /workspace/build/unitree_sdk2py/build/lib/unitree_sdk2py/idl/builtin_interfaces/__init__.py -> /workspace/install/unitree_sdk2py/lib/python3.10/site-packages/unitree_sdk2py/idl/builtin_interfaces
[2.005s] creating /workspace/install/unitree_sdk2py/lib/python3.10/site-packages/unitree_sdk2py/idl/builtin_interfaces/msg
[2.006s] creating /workspace/install/unitree_sdk2py/lib/python3.10/site-packages/unitree_sdk2py/idl/builtin_interfaces/msg/dds_
[2.006s] copying /workspace/build/unitree_sdk2py/build/lib/unitree_sdk2py/idl/builtin_interfaces/msg/dds_/_Time_.py -> /workspace/install/unitree_sdk2py/lib/python3.10/site-packages/unitree_sdk2py/idl/builtin_interfaces/msg/dds_
[2.006s] copying /workspace/build/unitree_sdk2py/build/lib/unitree_sdk2py/idl/builtin_interfaces/msg/dds_/__init__.py -> /workspace/install/unitree_sdk2py/lib/python3.10/site-packages/unitree_sdk2py/idl/builtin_interfaces/msg/dds_
[2.006s] copying /workspace/build/unitree_sdk2py/build/lib/unitree_sdk2py/idl/builtin_interfaces/msg/__init__.py -> /workspace/install/unitree_sdk2py/lib/python3.10/site-packages/unitree_sdk2py/idl/builtin_interfaces/msg
[2.007s] creating /workspace/install/unitree_sdk2py/lib/python3.10/site-packages/unitree_sdk2py/idl/nav_msgs
[2.007s] copying /workspace/build/unitree_sdk2py/build/lib/unitree_sdk2py/idl/nav_msgs/__init__.py -> /workspace/install/unitree_sdk2py/lib/python3.10/site-packages/unitree_sdk2py/idl/nav_msgs
[2.007s] creating /workspace/install/unitree_sdk2py/lib/python3.10/site-packages/unitree_sdk2py/idl/nav_msgs/msg
[2.007s] creating /workspace/install/unitree_sdk2py/lib/python3.10/site-packages/unitree_sdk2py/idl/nav_msgs/msg/dds_
[2.007s] copying /workspace/build/unitree_sdk2py/build/lib/unitree_sdk2py/idl/nav_msgs/msg/dds_/_MapMetaData_.py -> /workspace/install/unitree_sdk2py/lib/python3.10/site-packages/unitree_sdk2py/idl/nav_msgs/msg/dds_
[2.007s] copying /workspace/build/unitree_sdk2py/build/lib/unitree_sdk2py/idl/nav_msgs/msg/dds_/__init__.py -> /workspace/install/unitree_sdk2py/lib/python3.10/site-packages/unitree_sdk2py/idl/nav_msgs/msg/dds_
[2.007s] copying /workspace/build/unitree_sdk2py/build/lib/unitree_sdk2py/idl/nav_msgs/msg/dds_/_OccupancyGrid_.py -> /workspace/install/unitree_sdk2py/lib/python3.10/site-packages/unitree_sdk2py/idl/nav_msgs/msg/dds_
[2.007s] copying /workspace/build/unitree_sdk2py/build/lib/unitree_sdk2py/idl/nav_msgs/msg/dds_/_Odometry_.py -> /workspace/install/unitree_sdk2py/lib/python3.10/site-packages/unitree_sdk2py/idl/nav_msgs/msg/dds_
[2.008s] copying /workspace/build/unitree_sdk2py/build/lib/unitree_sdk2py/idl/nav_msgs/msg/__init__.py -> /workspace/install/unitree_sdk2py/lib/python3.10/site-packages/unitree_sdk2py/idl/nav_msgs/msg
[2.008s] copying /workspace/build/unitree_sdk2py/build/lib/unitree_sdk2py/idl/default.py -> /workspace/install/unitree_sdk2py/lib/python3.10/site-packages/unitree_sdk2py/idl
[2.008s] creating /workspace/install/unitree_sdk2py/lib/python3.10/site-packages/unitree_sdk2py/idl/unitree_go
[2.008s] copying /workspace/build/unitree_sdk2py/build/lib/unitree_sdk2py/idl/unitree_go/__init__.py -> /workspace/install/unitree_sdk2py/lib/python3.10/site-packages/unitree_sdk2py/idl/unitree_go
[2.008s] creating /workspace/install/unitree_sdk2py/lib/python3.10/site-packages/unitree_sdk2py/idl/unitree_go/msg
[2.008s] creating /workspace/install/unitree_sdk2py/lib/python3.10/site-packages/unitree_sdk2py/idl/unitree_go/msg/dds_
[2.008s] copying /workspace/build/unitree_sdk2py/build/lib/unitree_sdk2py/idl/unitree_go/msg/dds_/_BmsCmd_.py -> /workspace/install/unitree_sdk2py/lib/python3.10/site-packages/unitree_sdk2py/idl/unitree_go/msg/dds_
[2.008s] copying /workspace/build/unitree_sdk2py/build/lib/unitree_sdk2py/idl/unitree_go/msg/dds_/_MotorCmds_.py -> /workspace/install/unitree_sdk2py/lib/python3.10/site-packages/unitree_sdk2py/idl/unitree_go/msg/dds_
[2.009s] copying /workspace/build/unitree_sdk2py/build/lib/unitree_sdk2py/idl/unitree_go/msg/dds_/_WirelessController_.py -> /workspace/install/unitree_sdk2py/lib/python3.10/site-packages/unitree_sdk2py/idl/unitree_go/msg/dds_
[2.009s] copying /workspace/build/unitree_sdk2py/build/lib/unitree_sdk2py/idl/unitree_go/msg/dds_/_InterfaceConfig_.py -> /workspace/install/unitree_sdk2py/lib/python3.10/site-packages/unitree_sdk2py/idl/unitree_go/msg/dds_
[2.009s] copying /workspace/build/unitree_sdk2py/build/lib/unitree_sdk2py/idl/unitree_go/msg/dds_/_Error_.py -> /workspace/install/unitree_sdk2py/lib/python3.10/site-packages/unitree_sdk2py/idl/unitree_go/msg/dds_
[2.009s] copying /workspace/build/unitree_sdk2py/build/lib/unitree_sdk2py/idl/unitree_go/msg/dds_/_Go2FrontVideoData_.py -> /workspace/install/unitree_sdk2py/lib/python3.10/site-packages/unitree_sdk2py/idl/unitree_go/msg/dds_
[2.009s] copying /workspace/build/unitree_sdk2py/build/lib/unitree_sdk2py/idl/unitree_go/msg/dds_/_TimeSpec_.py -> /workspace/install/unitree_sdk2py/lib/python3.10/site-packages/unitree_sdk2py/idl/unitree_go/msg/dds_
[2.010s] copying /workspace/build/unitree_sdk2py/build/lib/unitree_sdk2py/idl/unitree_go/msg/dds_/_LowState_.py -> /workspace/install/unitree_sdk2py/lib/python3.10/site-packages/unitree_sdk2py/idl/unitree_go/msg/dds_
[2.010s] copying /workspace/build/unitree_sdk2py/build/lib/unitree_sdk2py/idl/unitree_go/msg/dds_/_AudioData_.py -> /workspace/install/unitree_sdk2py/lib/python3.10/site-packages/unitree_sdk2py/idl/unitree_go/msg/dds_
[2.010s] copying /workspace/build/unitree_sdk2py/build/lib/unitree_sdk2py/idl/unitree_go/msg/dds_/_BmsState_.py -> /workspace/install/unitree_sdk2py/lib/python3.10/site-packages/unitree_sdk2py/idl/unitree_go/msg/dds_
[2.010s] copying /workspace/build/unitree_sdk2py/build/lib/unitree_sdk2py/idl/unitree_go/msg/dds_/_LowCmd_.py -> /workspace/install/unitree_sdk2py/lib/python3.10/site-packages/unitree_sdk2py/idl/unitree_go/msg/dds_
[2.010s] copying /workspace/build/unitree_sdk2py/build/lib/unitree_sdk2py/idl/unitree_go/msg/dds_/_SportModeState_.py -> /workspace/install/unitree_sdk2py/lib/python3.10/site-packages/unitree_sdk2py/idl/unitree_go/msg/dds_
[2.010s] copying /workspace/build/unitree_sdk2py/build/lib/unitree_sdk2py/idl/unitree_go/msg/dds_/_LidarState_.py -> /workspace/install/unitree_sdk2py/lib/python3.10/site-packages/unitree_sdk2py/idl/unitree_go/msg/dds_
[2.010s] copying /workspace/build/unitree_sdk2py/build/lib/unitree_sdk2py/idl/unitree_go/msg/dds_/_MotorState_.py -> /workspace/install/unitree_sdk2py/lib/python3.10/site-packages/unitree_sdk2py/idl/unitree_go/msg/dds_
[2.011s] copying /workspace/build/unitree_sdk2py/build/lib/unitree_sdk2py/idl/unitree_go/msg/dds_/_MotorCmd_.py -> /workspace/install/unitree_sdk2py/lib/python3.10/site-packages/unitree_sdk2py/idl/unitree_go/msg/dds_
[2.011s] copying /workspace/build/unitree_sdk2py/build/lib/unitree_sdk2py/idl/unitree_go/msg/dds_/_UwbSwitch_.py -> /workspace/install/unitree_sdk2py/lib/python3.10/site-packages/unitree_sdk2py/idl/unitree_go/msg/dds_
[2.011s] copying /workspace/build/unitree_sdk2py/build/lib/unitree_sdk2py/idl/unitree_go/msg/dds_/__init__.py -> /workspace/install/unitree_sdk2py/lib/python3.10/site-packages/unitree_sdk2py/idl/unitree_go/msg/dds_
[2.011s] copying /workspace/build/unitree_sdk2py/build/lib/unitree_sdk2py/idl/unitree_go/msg/dds_/_UwbState_.py -> /workspace/install/unitree_sdk2py/lib/python3.10/site-packages/unitree_sdk2py/idl/unitree_go/msg/dds_
[2.011s] copying /workspace/build/unitree_sdk2py/build/lib/unitree_sdk2py/idl/unitree_go/msg/dds_/_Req_.py -> /workspace/install/unitree_sdk2py/lib/python3.10/site-packages/unitree_sdk2py/idl/unitree_go/msg/dds_
[2.011s] copying /workspace/build/unitree_sdk2py/build/lib/unitree_sdk2py/idl/unitree_go/msg/dds_/_HeightMap_.py -> /workspace/install/unitree_sdk2py/lib/python3.10/site-packages/unitree_sdk2py/idl/unitree_go/msg/dds_
[2.011s] copying /workspace/build/unitree_sdk2py/build/lib/unitree_sdk2py/idl/unitree_go/msg/dds_/_Res_.py -> /workspace/install/unitree_sdk2py/lib/python3.10/site-packages/unitree_sdk2py/idl/unitree_go/msg/dds_
[2.011s] copying /workspace/build/unitree_sdk2py/build/lib/unitree_sdk2py/idl/unitree_go/msg/dds_/_IMUState_.py -> /workspace/install/unitree_sdk2py/lib/python3.10/site-packages/unitree_sdk2py/idl/unitree_go/msg/dds_
[2.011s] copying /workspace/build/unitree_sdk2py/build/lib/unitree_sdk2py/idl/unitree_go/msg/dds_/_PathPoint_.py -> /workspace/install/unitree_sdk2py/lib/python3.10/site-packages/unitree_sdk2py/idl/unitree_go/msg/dds_
[2.011s] copying /workspace/build/unitree_sdk2py/build/lib/unitree_sdk2py/idl/unitree_go/msg/dds_/_MotorStates_.py -> /workspace/install/unitree_sdk2py/lib/python3.10/site-packages/unitree_sdk2py/idl/unitree_go/msg/dds_
[2.011s] copying /workspace/build/unitree_sdk2py/build/lib/unitree_sdk2py/idl/unitree_go/msg/__init__.py -> /workspace/install/unitree_sdk2py/lib/python3.10/site-packages/unitree_sdk2py/idl/unitree_go/msg
[2.012s] creating /workspace/install/unitree_sdk2py/lib/python3.10/site-packages/unitree_sdk2py/idl/sensor_msgs
[2.012s] copying /workspace/build/unitree_sdk2py/build/lib/unitree_sdk2py/idl/sensor_msgs/__init__.py -> /workspace/install/unitree_sdk2py/lib/python3.10/site-packages/unitree_sdk2py/idl/sensor_msgs
[2.012s] creating /workspace/install/unitree_sdk2py/lib/python3.10/site-packages/unitree_sdk2py/idl/sensor_msgs/msg
[2.012s] creating /workspace/install/unitree_sdk2py/lib/python3.10/site-packages/unitree_sdk2py/idl/sensor_msgs/msg/dds_
[2.012s] copying /workspace/build/unitree_sdk2py/build/lib/unitree_sdk2py/idl/sensor_msgs/msg/dds_/_PointCloud2_.py -> /workspace/install/unitree_sdk2py/lib/python3.10/site-packages/unitree_sdk2py/idl/sensor_msgs/msg/dds_
[2.012s] copying /workspace/build/unitree_sdk2py/build/lib/unitree_sdk2py/idl/sensor_msgs/msg/dds_/__init__.py -> /workspace/install/unitree_sdk2py/lib/python3.10/site-packages/unitree_sdk2py/idl/sensor_msgs/msg/dds_
[2.012s] creating /workspace/install/unitree_sdk2py/lib/python3.10/site-packages/unitree_sdk2py/idl/sensor_msgs/msg/dds_/PointField_Constants
[2.012s] copying /workspace/build/unitree_sdk2py/build/lib/unitree_sdk2py/idl/sensor_msgs/msg/dds_/PointField_Constants/__init__.py -> /workspace/install/unitree_sdk2py/lib/python3.10/site-packages/unitree_sdk2py/idl/sensor_msgs/msg/dds_/PointField_Constants
[2.012s] copying /workspace/build/unitree_sdk2py/build/lib/unitree_sdk2py/idl/sensor_msgs/msg/dds_/PointField_Constants/_PointField_.py -> /workspace/install/unitree_sdk2py/lib/python3.10/site-packages/unitree_sdk2py/idl/sensor_msgs/msg/dds_/PointField_Constants
[2.012s] copying /workspace/build/unitree_sdk2py/build/lib/unitree_sdk2py/idl/sensor_msgs/msg/dds_/_PointField_.py -> /workspace/install/unitree_sdk2py/lib/python3.10/site-packages/unitree_sdk2py/idl/sensor_msgs/msg/dds_
[2.012s] copying /workspace/build/unitree_sdk2py/build/lib/unitree_sdk2py/idl/sensor_msgs/msg/__init__.py -> /workspace/install/unitree_sdk2py/lib/python3.10/site-packages/unitree_sdk2py/idl/sensor_msgs/msg
[2.013s] copying /workspace/build/unitree_sdk2py/build/lib/unitree_sdk2py/idl/__init__.py -> /workspace/install/unitree_sdk2py/lib/python3.10/site-packages/unitree_sdk2py/idl
[2.013s] creating /workspace/install/unitree_sdk2py/lib/python3.10/site-packages/unitree_sdk2py/idl/std_msgs
[2.013s] copying /workspace/build/unitree_sdk2py/build/lib/unitree_sdk2py/idl/std_msgs/__init__.py -> /workspace/install/unitree_sdk2py/lib/python3.10/site-packages/unitree_sdk2py/idl/std_msgs
[2.013s] creating /workspace/install/unitree_sdk2py/lib/python3.10/site-packages/unitree_sdk2py/idl/std_msgs/msg
[2.013s] creating /workspace/install/unitree_sdk2py/lib/python3.10/site-packages/unitree_sdk2py/idl/std_msgs/msg/dds_
[2.013s] copying /workspace/build/unitree_sdk2py/build/lib/unitree_sdk2py/idl/std_msgs/msg/dds_/_String_.py -> /workspace/install/unitree_sdk2py/lib/python3.10/site-packages/unitree_sdk2py/idl/std_msgs/msg/dds_
[2.013s] copying /workspace/build/unitree_sdk2py/build/lib/unitree_sdk2py/idl/std_msgs/msg/dds_/__init__.py -> /workspace/install/unitree_sdk2py/lib/python3.10/site-packages/unitree_sdk2py/idl/std_msgs/msg/dds_
[2.013s] copying /workspace/build/unitree_sdk2py/build/lib/unitree_sdk2py/idl/std_msgs/msg/dds_/_Header_.py -> /workspace/install/unitree_sdk2py/lib/python3.10/site-packages/unitree_sdk2py/idl/std_msgs/msg/dds_
[2.013s] copying /workspace/build/unitree_sdk2py/build/lib/unitree_sdk2py/idl/std_msgs/msg/__init__.py -> /workspace/install/unitree_sdk2py/lib/python3.10/site-packages/unitree_sdk2py/idl/std_msgs/msg
[2.013s] creating /workspace/install/unitree_sdk2py/lib/python3.10/site-packages/unitree_sdk2py/idl/unitree_api
[2.013s] copying /workspace/build/unitree_sdk2py/build/lib/unitree_sdk2py/idl/unitree_api/__init__.py -> /workspace/install/unitree_sdk2py/lib/python3.10/site-packages/unitree_sdk2py/idl/unitree_api
[2.014s] creating /workspace/install/unitree_sdk2py/lib/python3.10/site-packages/unitree_sdk2py/idl/unitree_api/msg
[2.014s] creating /workspace/install/unitree_sdk2py/lib/python3.10/site-packages/unitree_sdk2py/idl/unitree_api/msg/dds_
[2.014s] copying /workspace/build/unitree_sdk2py/build/lib/unitree_sdk2py/idl/unitree_api/msg/dds_/_ResponseStatus_.py -> /workspace/install/unitree_sdk2py/lib/python3.10/site-packages/unitree_sdk2py/idl/unitree_api/msg/dds_
[2.014s] copying /workspace/build/unitree_sdk2py/build/lib/unitree_sdk2py/idl/unitree_api/msg/dds_/_RequestPolicy_.py -> /workspace/install/unitree_sdk2py/lib/python3.10/site-packages/unitree_sdk2py/idl/unitree_api/msg/dds_
[2.014s] copying /workspace/build/unitree_sdk2py/build/lib/unitree_sdk2py/idl/unitree_api/msg/dds_/_Request_.py -> /workspace/install/unitree_sdk2py/lib/python3.10/site-packages/unitree_sdk2py/idl/unitree_api/msg/dds_
[2.014s] copying /workspace/build/unitree_sdk2py/build/lib/unitree_sdk2py/idl/unitree_api/msg/dds_/_RequestIdentity_.py -> /workspace/install/unitree_sdk2py/lib/python3.10/site-packages/unitree_sdk2py/idl/unitree_api/msg/dds_
[2.014s] copying /workspace/build/unitree_sdk2py/build/lib/unitree_sdk2py/idl/unitree_api/msg/dds_/_RequestLease_.py -> /workspace/install/unitree_sdk2py/lib/python3.10/site-packages/unitree_sdk2py/idl/unitree_api/msg/dds_
[2.014s] copying /workspace/build/unitree_sdk2py/build/lib/unitree_sdk2py/idl/unitree_api/msg/dds_/_RequestHeader_.py -> /workspace/install/unitree_sdk2py/lib/python3.10/site-packages/unitree_sdk2py/idl/unitree_api/msg/dds_
[2.014s] copying /workspace/build/unitree_sdk2py/build/lib/unitree_sdk2py/idl/unitree_api/msg/dds_/__init__.py -> /workspace/install/unitree_sdk2py/lib/python3.10/site-packages/unitree_sdk2py/idl/unitree_api/msg/dds_
[2.014s] copying /workspace/build/unitree_sdk2py/build/lib/unitree_sdk2py/idl/unitree_api/msg/dds_/_Response_.py -> /workspace/install/unitree_sdk2py/lib/python3.10/site-packages/unitree_sdk2py/idl/unitree_api/msg/dds_
[2.015s] copying /workspace/build/unitree_sdk2py/build/lib/unitree_sdk2py/idl/unitree_api/msg/dds_/_ResponseHeader_.py -> /workspace/install/unitree_sdk2py/lib/python3.10/site-packages/unitree_sdk2py/idl/unitree_api/msg/dds_
[2.015s] copying /workspace/build/unitree_sdk2py/build/lib/unitree_sdk2py/idl/unitree_api/msg/__init__.py -> /workspace/install/unitree_sdk2py/lib/python3.10/site-packages/unitree_sdk2py/idl/unitree_api/msg
[2.015s] creating /workspace/install/unitree_sdk2py/lib/python3.10/site-packages/unitree_sdk2py/idl/unitree_hg
[2.015s] copying /workspace/build/unitree_sdk2py/build/lib/unitree_sdk2py/idl/unitree_hg/__init__.py -> /workspace/install/unitree_sdk2py/lib/python3.10/site-packages/unitree_sdk2py/idl/unitree_hg
[2.015s] creating /workspace/install/unitree_sdk2py/lib/python3.10/site-packages/unitree_sdk2py/idl/unitree_hg/msg
[2.015s] creating /workspace/install/unitree_sdk2py/lib/python3.10/site-packages/unitree_sdk2py/idl/unitree_hg/msg/dds_
[2.015s] copying /workspace/build/unitree_sdk2py/build/lib/unitree_sdk2py/idl/unitree_hg/msg/dds_/_BmsCmd_.py -> /workspace/install/unitree_sdk2py/lib/python3.10/site-packages/unitree_sdk2py/idl/unitree_hg/msg/dds_
[2.015s] copying /workspace/build/unitree_sdk2py/build/lib/unitree_sdk2py/idl/unitree_hg/msg/dds_/_HandCmd_.py -> /workspace/install/unitree_sdk2py/lib/python3.10/site-packages/unitree_sdk2py/idl/unitree_hg/msg/dds_
[2.015s] copying /workspace/build/unitree_sdk2py/build/lib/unitree_sdk2py/idl/unitree_hg/msg/dds_/_LowState_.py -> /workspace/install/unitree_sdk2py/lib/python3.10/site-packages/unitree_sdk2py/idl/unitree_hg/msg/dds_
[2.015s] copying /workspace/build/unitree_sdk2py/build/lib/unitree_sdk2py/idl/unitree_hg/msg/dds_/_PressSensorState_.py -> /workspace/install/unitree_sdk2py/lib/python3.10/site-packages/unitree_sdk2py/idl/unitree_hg/msg/dds_
[2.015s] copying /workspace/build/unitree_sdk2py/build/lib/unitree_sdk2py/idl/unitree_hg/msg/dds_/_BmsState_.py -> /workspace/install/unitree_sdk2py/lib/python3.10/site-packages/unitree_sdk2py/idl/unitree_hg/msg/dds_
[2.016s] copying /workspace/build/unitree_sdk2py/build/lib/unitree_sdk2py/idl/unitree_hg/msg/dds_/_MainBoardState_.py -> /workspace/install/unitree_sdk2py/lib/python3.10/site-packages/unitree_sdk2py/idl/unitree_hg/msg/dds_
[2.016s] copying /workspace/build/unitree_sdk2py/build/lib/unitree_sdk2py/idl/unitree_hg/msg/dds_/_LowCmd_.py -> /workspace/install/unitree_sdk2py/lib/python3.10/site-packages/unitree_sdk2py/idl/unitree_hg/msg/dds_
[2.016s] copying /workspace/build/unitree_sdk2py/build/lib/unitree_sdk2py/idl/unitree_hg/msg/dds_/_HandState_.py -> /workspace/install/unitree_sdk2py/lib/python3.10/site-packages/unitree_sdk2py/idl/unitree_hg/msg/dds_
[2.016s] copying /workspace/build/unitree_sdk2py/build/lib/unitree_sdk2py/idl/unitree_hg/msg/dds_/_MotorState_.py -> /workspace/install/unitree_sdk2py/lib/python3.10/site-packages/unitree_sdk2py/idl/unitree_hg/msg/dds_
[2.016s] copying /workspace/build/unitree_sdk2py/build/lib/unitree_sdk2py/idl/unitree_hg/msg/dds_/_MotorCmd_.py -> /workspace/install/unitree_sdk2py/lib/python3.10/site-packages/unitree_sdk2py/idl/unitree_hg/msg/dds_
[2.016s] copying /workspace/build/unitree_sdk2py/build/lib/unitree_sdk2py/idl/unitree_hg/msg/dds_/__init__.py -> /workspace/install/unitree_sdk2py/lib/python3.10/site-packages/unitree_sdk2py/idl/unitree_hg/msg/dds_
[2.016s] copying /workspace/build/unitree_sdk2py/build/lib/unitree_sdk2py/idl/unitree_hg/msg/dds_/_IMUState_.py -> /workspace/install/unitree_sdk2py/lib/python3.10/site-packages/unitree_sdk2py/idl/unitree_hg/msg/dds_
[2.016s] copying /workspace/build/unitree_sdk2py/build/lib/unitree_sdk2py/idl/unitree_hg/msg/__init__.py -> /workspace/install/unitree_sdk2py/lib/python3.10/site-packages/unitree_sdk2py/idl/unitree_hg/msg
[2.016s] creating /workspace/install/unitree_sdk2py/lib/python3.10/site-packages/unitree_sdk2py/idl/geometry_msgs
[2.016s] copying /workspace/build/unitree_sdk2py/build/lib/unitree_sdk2py/idl/geometry_msgs/__init__.py -> /workspace/install/unitree_sdk2py/lib/python3.10/site-packages/unitree_sdk2py/idl/geometry_msgs
[2.017s] creating /workspace/install/unitree_sdk2py/lib/python3.10/site-packages/unitree_sdk2py/idl/geometry_msgs/msg
[2.017s] creating /workspace/install/unitree_sdk2py/lib/python3.10/site-packages/unitree_sdk2py/idl/geometry_msgs/msg/dds_
[2.017s] copying /workspace/build/unitree_sdk2py/build/lib/unitree_sdk2py/idl/geometry_msgs/msg/dds_/_TwistStamped_.py -> /workspace/install/unitree_sdk2py/lib/python3.10/site-packages/unitree_sdk2py/idl/geometry_msgs/msg/dds_
[2.017s] copying /workspace/build/unitree_sdk2py/build/lib/unitree_sdk2py/idl/geometry_msgs/msg/dds_/_Pose2D_.py -> /workspace/install/unitree_sdk2py/lib/python3.10/site-packages/unitree_sdk2py/idl/geometry_msgs/msg/dds_
[2.017s] copying /workspace/build/unitree_sdk2py/build/lib/unitree_sdk2py/idl/geometry_msgs/msg/dds_/_Vector3_.py -> /workspace/install/unitree_sdk2py/lib/python3.10/site-packages/unitree_sdk2py/idl/geometry_msgs/msg/dds_
[2.017s] copying /workspace/build/unitree_sdk2py/build/lib/unitree_sdk2py/idl/geometry_msgs/msg/dds_/_PoseWithCovarianceStamped_.py -> /workspace/install/unitree_sdk2py/lib/python3.10/site-packages/unitree_sdk2py/idl/geometry_msgs/msg/dds_
[2.017s] copying /workspace/build/unitree_sdk2py/build/lib/unitree_sdk2py/idl/geometry_msgs/msg/dds_/_Pose_.py -> /workspace/install/unitree_sdk2py/lib/python3.10/site-packages/unitree_sdk2py/idl/geometry_msgs/msg/dds_
[2.017s] copying /workspace/build/unitree_sdk2py/build/lib/unitree_sdk2py/idl/geometry_msgs/msg/dds_/_PointStamped_.py -> /workspace/install/unitree_sdk2py/lib/python3.10/site-packages/unitree_sdk2py/idl/geometry_msgs/msg/dds_
[2.017s] copying /workspace/build/unitree_sdk2py/build/lib/unitree_sdk2py/idl/geometry_msgs/msg/dds_/_PoseWithCovariance_.py -> /workspace/install/unitree_sdk2py/lib/python3.10/site-packages/unitree_sdk2py/idl/geometry_msgs/msg/dds_
[2.017s] copying /workspace/build/unitree_sdk2py/build/lib/unitree_sdk2py/idl/geometry_msgs/msg/dds_/_PoseStamped_.py -> /workspace/install/unitree_sdk2py/lib/python3.10/site-packages/unitree_sdk2py/idl/geometry_msgs/msg/dds_
[2.018s] copying /workspace/build/unitree_sdk2py/build/lib/unitree_sdk2py/idl/geometry_msgs/msg/dds_/_Point_.py -> /workspace/install/unitree_sdk2py/lib/python3.10/site-packages/unitree_sdk2py/idl/geometry_msgs/msg/dds_
[2.018s] copying /workspace/build/unitree_sdk2py/build/lib/unitree_sdk2py/idl/geometry_msgs/msg/dds_/_QuaternionStamped_.py -> /workspace/install/unitree_sdk2py/lib/python3.10/site-packages/unitree_sdk2py/idl/geometry_msgs/msg/dds_
[2.018s] copying /workspace/build/unitree_sdk2py/build/lib/unitree_sdk2py/idl/geometry_msgs/msg/dds_/__init__.py -> /workspace/install/unitree_sdk2py/lib/python3.10/site-packages/unitree_sdk2py/idl/geometry_msgs/msg/dds_
[2.018s] copying /workspace/build/unitree_sdk2py/build/lib/unitree_sdk2py/idl/geometry_msgs/msg/dds_/_TwistWithCovariance_.py -> /workspace/install/unitree_sdk2py/lib/python3.10/site-packages/unitree_sdk2py/idl/geometry_msgs/msg/dds_
[2.018s] copying /workspace/build/unitree_sdk2py/build/lib/unitree_sdk2py/idl/geometry_msgs/msg/dds_/_TwistWithCovarianceStamped_.py -> /workspace/install/unitree_sdk2py/lib/python3.10/site-packages/unitree_sdk2py/idl/geometry_msgs/msg/dds_
[2.018s] copying /workspace/build/unitree_sdk2py/build/lib/unitree_sdk2py/idl/geometry_msgs/msg/dds_/_Point32_.py -> /workspace/install/unitree_sdk2py/lib/python3.10/site-packages/unitree_sdk2py/idl/geometry_msgs/msg/dds_
[2.018s] copying /workspace/build/unitree_sdk2py/build/lib/unitree_sdk2py/idl/geometry_msgs/msg/dds_/_Twist_.py -> /workspace/install/unitree_sdk2py/lib/python3.10/site-packages/unitree_sdk2py/idl/geometry_msgs/msg/dds_
[2.018s] copying /workspace/build/unitree_sdk2py/build/lib/unitree_sdk2py/idl/geometry_msgs/msg/dds_/_Quaternion_.py -> /workspace/install/unitree_sdk2py/lib/python3.10/site-packages/unitree_sdk2py/idl/geometry_msgs/msg/dds_
[2.018s] copying /workspace/build/unitree_sdk2py/build/lib/unitree_sdk2py/idl/geometry_msgs/msg/__init__.py -> /workspace/install/unitree_sdk2py/lib/python3.10/site-packages/unitree_sdk2py/idl/geometry_msgs/msg
[2.018s] creating /workspace/install/unitree_sdk2py/lib/python3.10/site-packages/unitree_sdk2py/as2
[2.018s] copying /workspace/build/unitree_sdk2py/build/lib/unitree_sdk2py/as2/__init__.py -> /workspace/install/unitree_sdk2py/lib/python3.10/site-packages/unitree_sdk2py/as2
[2.019s] byte-compiling /workspace/install/unitree_sdk2py/lib/python3.10/site-packages/unitree_sdk2py/a2/audio/audio_client.py to audio_client.cpython-310.pyc
[2.019s] byte-compiling /workspace/install/unitree_sdk2py/lib/python3.10/site-packages/unitree_sdk2py/a2/audio/audio_api.py to audio_api.cpython-310.pyc
[2.019s] byte-compiling /workspace/install/unitree_sdk2py/lib/python3.10/site-packages/unitree_sdk2py/a2/audio/__init__.py to __init__.cpython-310.pyc
[2.019s] byte-compiling /workspace/install/unitree_sdk2py/lib/python3.10/site-packages/unitree_sdk2py/a2/sport/sport_client.py to sport_client.cpython-310.pyc
[2.019s] byte-compiling /workspace/install/unitree_sdk2py/lib/python3.10/site-packages/unitree_sdk2py/a2/sport/__init__.py to __init__.cpython-310.pyc
[2.019s] byte-compiling /workspace/install/unitree_sdk2py/lib/python3.10/site-packages/unitree_sdk2py/a2/sport/sport_api.py to sport_api.cpython-310.pyc
[2.019s] byte-compiling /workspace/install/unitree_sdk2py/lib/python3.10/site-packages/unitree_sdk2py/a2/__init__.py to __init__.cpython-310.pyc
[2.019s] byte-compiling /workspace/install/unitree_sdk2py/lib/python3.10/site-packages/unitree_sdk2py/utils/joystick.py to joystick.cpython-310.pyc
[2.020s] byte-compiling /workspace/install/unitree_sdk2py/lib/python3.10/site-packages/unitree_sdk2py/utils/future.py to future.cpython-310.pyc
[2.022s] byte-compiling /workspace/install/unitree_sdk2py/lib/python3.10/site-packages/unitree_sdk2py/utils/crc.py to crc.cpython-310.pyc
[2.024s] byte-compiling /workspace/install/unitree_sdk2py/lib/python3.10/site-packages/unitree_sdk2py/utils/timerfd.py to timerfd.cpython-310.pyc
[2.025s] byte-compiling /workspace/install/unitree_sdk2py/lib/python3.10/site-packages/unitree_sdk2py/utils/thread.py to thread.cpython-310.pyc
[2.028s] byte-compiling /workspace/install/unitree_sdk2py/lib/python3.10/site-packages/unitree_sdk2py/utils/bqueue.py to bqueue.cpython-310.pyc
[2.029s] byte-compiling /workspace/install/unitree_sdk2py/lib/python3.10/site-packages/unitree_sdk2py/utils/hz_sample.py to hz_sample.cpython-310.pyc
[2.029s] byte-compiling /workspace/install/unitree_sdk2py/lib/python3.10/site-packages/unitree_sdk2py/utils/__init__.py to __init__.cpython-310.pyc
[2.032s] byte-compiling /workspace/install/unitree_sdk2py/lib/python3.10/site-packages/unitree_sdk2py/utils/singleton.py to singleton.cpython-310.pyc
[2.035s] byte-compiling /workspace/install/unitree_sdk2py/lib/python3.10/site-packages/unitree_sdk2py/utils/clib_lookup.py to clib_lookup.cpython-310.pyc
[2.035s] byte-compiling /workspace/install/unitree_sdk2py/lib/python3.10/site-packages/unitree_sdk2py/h1/__init__.py to __init__.cpython-310.pyc
[2.035s] byte-compiling /workspace/install/unitree_sdk2py/lib/python3.10/site-packages/unitree_sdk2py/h1/loco/h1_loco_client.py to h1_loco_client.cpython-310.pyc
[2.036s] byte-compiling /workspace/install/unitree_sdk2py/lib/python3.10/site-packages/unitree_sdk2py/h1/loco/__init__.py to __init__.cpython-310.pyc
[2.036s] byte-compiling /workspace/install/unitree_sdk2py/lib/python3.10/site-packages/unitree_sdk2py/h1/loco/h1_loco_api.py to h1_loco_api.cpython-310.pyc
[2.036s] byte-compiling /workspace/install/unitree_sdk2py/lib/python3.10/site-packages/unitree_sdk2py/h2/__init__.py to __init__.cpython-310.pyc
[2.038s] byte-compiling /workspace/install/unitree_sdk2py/lib/python3.10/site-packages/unitree_sdk2py/h2/loco/h2_loco_api.py to h2_loco_api.cpython-310.pyc
[2.039s] byte-compiling /workspace/install/unitree_sdk2py/lib/python3.10/site-packages/unitree_sdk2py/h2/loco/h2_loco_client.py to h2_loco_client.cpython-310.pyc
[2.040s] byte-compiling /workspace/install/unitree_sdk2py/lib/python3.10/site-packages/unitree_sdk2py/h2/loco/__init__.py to __init__.cpython-310.pyc
[2.040s] byte-compiling /workspace/install/unitree_sdk2py/lib/python3.10/site-packages/unitree_sdk2py/core/channel_name.py to channel_name.cpython-310.pyc
[2.041s] byte-compiling /workspace/install/unitree_sdk2py/lib/python3.10/site-packages/unitree_sdk2py/core/__init__.py to __init__.cpython-310.pyc
[2.042s] byte-compiling /workspace/install/unitree_sdk2py/lib/python3.10/site-packages/unitree_sdk2py/core/channel_config.py to channel_config.cpython-310.pyc
[2.042s] byte-compiling /workspace/install/unitree_sdk2py/lib/python3.10/site-packages/unitree_sdk2py/core/channel.py to channel.cpython-310.pyc
[2.043s] byte-compiling /workspace/install/unitree_sdk2py/lib/python3.10/site-packages/unitree_sdk2py/go2/obstacles_avoid/obstacles_avoid_api.py to obstacles_avoid_api.cpython-310.pyc
[2.043s] byte-compiling /workspace/install/unitree_sdk2py/lib/python3.10/site-packages/unitree_sdk2py/go2/obstacles_avoid/obstacles_avoid_client.py to obstacles_avoid_client.cpython-310.pyc
[2.044s] byte-compiling /workspace/install/unitree_sdk2py/lib/python3.10/site-packages/unitree_sdk2py/go2/obstacles_avoid/__init__.py to __init__.cpython-310.pyc
[2.044s] byte-compiling /workspace/install/unitree_sdk2py/lib/python3.10/site-packages/unitree_sdk2py/go2/robot_state/__init__.py to __init__.cpython-310.pyc
[2.044s] byte-compiling /workspace/install/unitree_sdk2py/lib/python3.10/site-packages/unitree_sdk2py/go2/robot_state/robot_state_client.py to robot_state_client.cpython-310.pyc
[2.045s] byte-compiling /workspace/install/unitree_sdk2py/lib/python3.10/site-packages/unitree_sdk2py/go2/robot_state/robot_state_api.py to robot_state_api.cpython-310.pyc
[2.046s] byte-compiling /workspace/install/unitree_sdk2py/lib/python3.10/site-packages/unitree_sdk2py/go2/vui/vui_client.py to vui_client.cpython-310.pyc
[2.047s] byte-compiling /workspace/install/unitree_sdk2py/lib/python3.10/site-packages/unitree_sdk2py/go2/vui/vui_api.py to vui_api.cpython-310.pyc
[2.048s] byte-compiling /workspace/install/unitree_sdk2py/lib/python3.10/site-packages/unitree_sdk2py/go2/vui/__init__.py to __init__.cpython-310.pyc
[2.048s] byte-compiling /workspace/install/unitree_sdk2py/lib/python3.10/site-packages/unitree_sdk2py/go2/video/video_api.py to video_api.cpython-310.pyc
[2.050s] byte-compiling /workspace/install/unitree_sdk2py/lib/python3.10/site-packages/unitree_sdk2py/go2/video/video_client.py to video_client.cpython-310.pyc
[2.050s] byte-compiling /workspace/install/unitree_sdk2py/lib/python3.10/site-packages/unitree_sdk2py/go2/video/__init__.py to __init__.cpython-310.pyc
[2.051s] byte-compiling /workspace/install/unitree_sdk2py/lib/python3.10/site-packages/unitree_sdk2py/go2/sport/sport_client.py to sport_client.cpython-310.pyc
[2.051s] byte-compiling /workspace/install/unitree_sdk2py/lib/python3.10/site-packages/unitree_sdk2py/go2/sport/__init__.py to __init__.cpython-310.pyc
[2.051s] byte-compiling /workspace/install/unitree_sdk2py/lib/python3.10/site-packages/unitree_sdk2py/go2/sport/sport_api.py to sport_api.cpython-310.pyc
[2.052s] byte-compiling /workspace/install/unitree_sdk2py/lib/python3.10/site-packages/unitree_sdk2py/go2/__init__.py to __init__.cpython-310.pyc
[2.053s] byte-compiling /workspace/install/unitree_sdk2py/lib/python3.10/site-packages/unitree_sdk2py/comm/__init__.py to __init__.cpython-310.pyc
[2.053s] byte-compiling /workspace/install/unitree_sdk2py/lib/python3.10/site-packages/unitree_sdk2py/comm/motion_switcher/__init__.py to __init__.cpython-310.pyc
[2.053s] byte-compiling /workspace/install/unitree_sdk2py/lib/python3.10/site-packages/unitree_sdk2py/comm/motion_switcher/motion_switcher_api.py to motion_switcher_api.cpython-310.pyc
[2.054s] byte-compiling /workspace/install/unitree_sdk2py/lib/python3.10/site-packages/unitree_sdk2py/comm/motion_switcher/motion_switcher_client.py to motion_switcher_client.cpython-310.pyc
[2.055s] byte-compiling /workspace/install/unitree_sdk2py/lib/python3.10/site-packages/unitree_sdk2py/g1/audio/__init__.py to __init__.cpython-310.pyc
[2.055s] byte-compiling /workspace/install/unitree_sdk2py/lib/python3.10/site-packages/unitree_sdk2py/g1/audio/g1_audio_client.py to g1_audio_client.cpython-310.pyc
[2.056s] byte-compiling /workspace/install/unitree_sdk2py/lib/python3.10/site-packages/unitree_sdk2py/g1/audio/g1_audio_api.py to g1_audio_api.cpython-310.pyc
[2.056s] byte-compiling /workspace/install/unitree_sdk2py/lib/python3.10/site-packages/unitree_sdk2py/g1/arm/g1_arm_action_client.py to g1_arm_action_client.cpython-310.pyc
[2.057s] byte-compiling /workspace/install/unitree_sdk2py/lib/python3.10/site-packages/unitree_sdk2py/g1/arm/__init__.py to __init__.cpython-310.pyc
[2.057s] byte-compiling /workspace/install/unitree_sdk2py/lib/python3.10/site-packages/unitree_sdk2py/g1/arm/g1_arm_action_api.py to g1_arm_action_api.cpython-310.pyc
[2.057s] byte-compiling /workspace/install/unitree_sdk2py/lib/python3.10/site-packages/unitree_sdk2py/g1/__init__.py to __init__.cpython-310.pyc
[2.058s] byte-compiling /workspace/install/unitree_sdk2py/lib/python3.10/site-packages/unitree_sdk2py/g1/loco/g1_loco_client.py to g1_loco_client.cpython-310.pyc
[2.058s] byte-compiling /workspace/install/unitree_sdk2py/lib/python3.10/site-packages/unitree_sdk2py/g1/loco/g1_loco_api.py to g1_loco_api.cpython-310.pyc
[2.059s] byte-compiling /workspace/install/unitree_sdk2py/lib/python3.10/site-packages/unitree_sdk2py/g1/loco/__init__.py to __init__.cpython-310.pyc
[2.059s] byte-compiling /workspace/install/unitree_sdk2py/lib/python3.10/site-packages/unitree_sdk2py/__init__.py to __init__.cpython-310.pyc
[2.059s] byte-compiling /workspace/install/unitree_sdk2py/lib/python3.10/site-packages/unitree_sdk2py/b2/robot_state/__init__.py to __init__.cpython-310.pyc
[2.060s] byte-compiling /workspace/install/unitree_sdk2py/lib/python3.10/site-packages/unitree_sdk2py/b2/robot_state/robot_state_client.py to robot_state_client.cpython-310.pyc
[2.061s] byte-compiling /workspace/install/unitree_sdk2py/lib/python3.10/site-packages/unitree_sdk2py/b2/robot_state/robot_state_api.py to robot_state_api.cpython-310.pyc
[2.061s] byte-compiling /workspace/install/unitree_sdk2py/lib/python3.10/site-packages/unitree_sdk2py/b2/back_video/back_video_api.py to back_video_api.cpython-310.pyc
[2.062s] byte-compiling /workspace/install/unitree_sdk2py/lib/python3.10/site-packages/unitree_sdk2py/b2/back_video/__init__.py to __init__.cpython-310.pyc
[2.062s] byte-compiling /workspace/install/unitree_sdk2py/lib/python3.10/site-packages/unitree_sdk2py/b2/back_video/back_video_client.py to back_video_client.cpython-310.pyc
[2.063s] byte-compiling /workspace/install/unitree_sdk2py/lib/python3.10/site-packages/unitree_sdk2py/b2/vui/vui_client.py to vui_client.cpython-310.pyc
[2.064s] byte-compiling /workspace/install/unitree_sdk2py/lib/python3.10/site-packages/unitree_sdk2py/b2/vui/vui_api.py to vui_api.cpython-310.pyc
[2.064s] byte-compiling /workspace/install/unitree_sdk2py/lib/python3.10/site-packages/unitree_sdk2py/b2/vui/__init__.py to __init__.cpython-310.pyc
[2.064s] byte-compiling /workspace/install/unitree_sdk2py/lib/python3.10/site-packages/unitree_sdk2py/b2/sport/sport_client.py to sport_client.cpython-310.pyc
[2.067s] byte-compiling /workspace/install/unitree_sdk2py/lib/python3.10/site-packages/unitree_sdk2py/b2/sport/__init__.py to __init__.cpython-310.pyc
[2.067s] byte-compiling /workspace/install/unitree_sdk2py/lib/python3.10/site-packages/unitree_sdk2py/b2/sport/sport_api.py to sport_api.cpython-310.pyc
[2.067s] byte-compiling /workspace/install/unitree_sdk2py/lib/python3.10/site-packages/unitree_sdk2py/b2/__init__.py to __init__.cpython-310.pyc
[2.068s] byte-compiling /workspace/install/unitree_sdk2py/lib/python3.10/site-packages/unitree_sdk2py/b2/front_video/front_video_client.py to front_video_client.cpython-310.pyc
[2.068s] byte-compiling /workspace/install/unitree_sdk2py/lib/python3.10/site-packages/unitree_sdk2py/b2/front_video/front_video_api.py to front_video_api.cpython-310.pyc
[2.069s] byte-compiling /workspace/install/unitree_sdk2py/lib/python3.10/site-packages/unitree_sdk2py/b2/front_video/__init__.py to __init__.cpython-310.pyc
[2.069s] byte-compiling /workspace/install/unitree_sdk2py/lib/python3.10/site-packages/unitree_sdk2py/rpc/client_base.py to client_base.cpython-310.pyc
[2.071s] byte-compiling /workspace/install/unitree_sdk2py/lib/python3.10/site-packages/unitree_sdk2py/rpc/client_stub.py to client_stub.cpython-310.pyc
[2.072s] byte-compiling /workspace/install/unitree_sdk2py/lib/python3.10/site-packages/unitree_sdk2py/rpc/request_future.py to request_future.cpython-310.pyc
[2.072s] byte-compiling /workspace/install/unitree_sdk2py/lib/python3.10/site-packages/unitree_sdk2py/rpc/server.py to server.cpython-310.pyc
[2.074s] byte-compiling /workspace/install/unitree_sdk2py/lib/python3.10/site-packages/unitree_sdk2py/rpc/lease_server.py to lease_server.cpython-310.pyc
[2.075s] byte-compiling /workspace/install/unitree_sdk2py/lib/python3.10/site-packages/unitree_sdk2py/rpc/internal.py to internal.cpython-310.pyc
[2.076s] byte-compiling /workspace/install/unitree_sdk2py/lib/python3.10/site-packages/unitree_sdk2py/rpc/__init__.py to __init__.cpython-310.pyc
[2.077s] byte-compiling /workspace/install/unitree_sdk2py/lib/python3.10/site-packages/unitree_sdk2py/rpc/server_stub.py to server_stub.cpython-310.pyc
[2.078s] byte-compiling /workspace/install/unitree_sdk2py/lib/python3.10/site-packages/unitree_sdk2py/rpc/server_base.py to server_base.cpython-310.pyc
[2.079s] byte-compiling /workspace/install/unitree_sdk2py/lib/python3.10/site-packages/unitree_sdk2py/rpc/lease_client.py to lease_client.cpython-310.pyc
[2.079s] byte-compiling /workspace/install/unitree_sdk2py/lib/python3.10/site-packages/unitree_sdk2py/rpc/client.py to client.cpython-310.pyc
[2.080s] byte-compiling /workspace/install/unitree_sdk2py/lib/python3.10/site-packages/unitree_sdk2py/idl/builtin_interfaces/__init__.py to __init__.cpython-310.pyc
[2.081s] byte-compiling /workspace/install/unitree_sdk2py/lib/python3.10/site-packages/unitree_sdk2py/idl/builtin_interfaces/msg/dds_/_Time_.py to _Time_.cpython-310.pyc
[2.082s] byte-compiling /workspace/install/unitree_sdk2py/lib/python3.10/site-packages/unitree_sdk2py/idl/builtin_interfaces/msg/dds_/__init__.py to __init__.cpython-310.pyc
[2.082s] byte-compiling /workspace/install/unitree_sdk2py/lib/python3.10/site-packages/unitree_sdk2py/idl/builtin_interfaces/msg/__init__.py to __init__.cpython-310.pyc
[2.082s] byte-compiling /workspace/install/unitree_sdk2py/lib/python3.10/site-packages/unitree_sdk2py/idl/nav_msgs/__init__.py to __init__.cpython-310.pyc
[2.082s] byte-compiling /workspace/install/unitree_sdk2py/lib/python3.10/site-packages/unitree_sdk2py/idl/nav_msgs/msg/dds_/_MapMetaData_.py to _MapMetaData_.cpython-310.pyc
[2.084s] byte-compiling /workspace/install/unitree_sdk2py/lib/python3.10/site-packages/unitree_sdk2py/idl/nav_msgs/msg/dds_/__init__.py to __init__.cpython-310.pyc
[2.084s] byte-compiling /workspace/install/unitree_sdk2py/lib/python3.10/site-packages/unitree_sdk2py/idl/nav_msgs/msg/dds_/_OccupancyGrid_.py to _OccupancyGrid_.cpython-310.pyc
[2.085s] byte-compiling /workspace/install/unitree_sdk2py/lib/python3.10/site-packages/unitree_sdk2py/idl/nav_msgs/msg/dds_/_Odometry_.py to _Odometry_.cpython-310.pyc
[2.085s] byte-compiling /workspace/install/unitree_sdk2py/lib/python3.10/site-packages/unitree_sdk2py/idl/nav_msgs/msg/__init__.py to __init__.cpython-310.pyc
[2.085s] byte-compiling /workspace/install/unitree_sdk2py/lib/python3.10/site-packages/unitree_sdk2py/idl/default.py to default.cpython-310.pyc
[2.090s] byte-compiling /workspace/install/unitree_sdk2py/lib/python3.10/site-packages/unitree_sdk2py/idl/unitree_go/__init__.py to __init__.cpython-310.pyc
[2.091s] byte-compiling /workspace/install/unitree_sdk2py/lib/python3.10/site-packages/unitree_sdk2py/idl/unitree_go/msg/dds_/_BmsCmd_.py to _BmsCmd_.cpython-310.pyc
[2.091s] byte-compiling /workspace/install/unitree_sdk2py/lib/python3.10/site-packages/unitree_sdk2py/idl/unitree_go/msg/dds_/_MotorCmds_.py to _MotorCmds_.cpython-310.pyc
[2.092s] byte-compiling /workspace/install/unitree_sdk2py/lib/python3.10/site-packages/unitree_sdk2py/idl/unitree_go/msg/dds_/_WirelessController_.py to _WirelessController_.cpython-310.pyc
[2.093s] byte-compiling /workspace/install/unitree_sdk2py/lib/python3.10/site-packages/unitree_sdk2py/idl/unitree_go/msg/dds_/_InterfaceConfig_.py to _InterfaceConfig_.cpython-310.pyc
[2.093s] byte-compiling /workspace/install/unitree_sdk2py/lib/python3.10/site-packages/unitree_sdk2py/idl/unitree_go/msg/dds_/_Error_.py to _Error_.cpython-310.pyc
[2.093s] byte-compiling /workspace/install/unitree_sdk2py/lib/python3.10/site-packages/unitree_sdk2py/idl/unitree_go/msg/dds_/_Go2FrontVideoData_.py to _Go2FrontVideoData_.cpython-310.pyc
[2.093s] byte-compiling /workspace/install/unitree_sdk2py/lib/python3.10/site-packages/unitree_sdk2py/idl/unitree_go/msg/dds_/_TimeSpec_.py to _TimeSpec_.cpython-310.pyc
[2.094s] byte-compiling /workspace/install/unitree_sdk2py/lib/python3.10/site-packages/unitree_sdk2py/idl/unitree_go/msg/dds_/_LowState_.py to _LowState_.cpython-310.pyc
[2.095s] byte-compiling /workspace/install/unitree_sdk2py/lib/python3.10/site-packages/unitree_sdk2py/idl/unitree_go/msg/dds_/_AudioData_.py to _AudioData_.cpython-310.pyc
[2.095s] byte-compiling /workspace/install/unitree_sdk2py/lib/python3.10/site-packages/unitree_sdk2py/idl/unitree_go/msg/dds_/_BmsState_.py to _BmsState_.cpython-310.pyc
[2.096s] byte-compiling /workspace/install/unitree_sdk2py/lib/python3.10/site-packages/unitree_sdk2py/idl/unitree_go/msg/dds_/_LowCmd_.py to _LowCmd_.cpython-310.pyc
[2.096s] byte-compiling /workspace/install/unitree_sdk2py/lib/python3.10/site-packages/unitree_sdk2py/idl/unitree_go/msg/dds_/_SportModeState_.py to _SportModeState_.cpython-310.pyc
[2.096s] byte-compiling /workspace/install/unitree_sdk2py/lib/python3.10/site-packages/unitree_sdk2py/idl/unitree_go/msg/dds_/_LidarState_.py to _LidarState_.cpython-310.pyc
[2.097s] byte-compiling /workspace/install/unitree_sdk2py/lib/python3.10/site-packages/unitree_sdk2py/idl/unitree_go/msg/dds_/_MotorState_.py to _MotorState_.cpython-310.pyc
[2.097s] byte-compiling /workspace/install/unitree_sdk2py/lib/python3.10/site-packages/unitree_sdk2py/idl/unitree_go/msg/dds_/_MotorCmd_.py to _MotorCmd_.cpython-310.pyc
[2.097s] byte-compiling /workspace/install/unitree_sdk2py/lib/python3.10/site-packages/unitree_sdk2py/idl/unitree_go/msg/dds_/_UwbSwitch_.py to _UwbSwitch_.cpython-310.pyc
[2.098s] byte-compiling /workspace/install/unitree_sdk2py/lib/python3.10/site-packages/unitree_sdk2py/idl/unitree_go/msg/dds_/__init__.py to __init__.cpython-310.pyc
[2.098s] byte-compiling /workspace/install/unitree_sdk2py/lib/python3.10/site-packages/unitree_sdk2py/idl/unitree_go/msg/dds_/_UwbState_.py to _UwbState_.cpython-310.pyc
[2.099s] byte-compiling /workspace/install/unitree_sdk2py/lib/python3.10/site-packages/unitree_sdk2py/idl/unitree_go/msg/dds_/_Req_.py to _Req_.cpython-310.pyc
[2.099s] byte-compiling /workspace/install/unitree_sdk2py/lib/python3.10/site-packages/unitree_sdk2py/idl/unitree_go/msg/dds_/_HeightMap_.py to _HeightMap_.cpython-310.pyc
[2.100s] byte-compiling /workspace/install/unitree_sdk2py/lib/python3.10/site-packages/unitree_sdk2py/idl/unitree_go/msg/dds_/_Res_.py to _Res_.cpython-310.pyc
[2.100s] byte-compiling /workspace/install/unitree_sdk2py/lib/python3.10/site-packages/unitree_sdk2py/idl/unitree_go/msg/dds_/_IMUState_.py to _IMUState_.cpython-310.pyc
[2.100s] byte-compiling /workspace/install/unitree_sdk2py/lib/python3.10/site-packages/unitree_sdk2py/idl/unitree_go/msg/dds_/_PathPoint_.py to _PathPoint_.cpython-310.pyc
[2.101s] byte-compiling /workspace/install/unitree_sdk2py/lib/python3.10/site-packages/unitree_sdk2py/idl/unitree_go/msg/dds_/_MotorStates_.py to _MotorStates_.cpython-310.pyc
[2.101s] byte-compiling /workspace/install/unitree_sdk2py/lib/python3.10/site-packages/unitree_sdk2py/idl/unitree_go/msg/__init__.py to __init__.cpython-310.pyc
[2.102s] byte-compiling /workspace/install/unitree_sdk2py/lib/python3.10/site-packages/unitree_sdk2py/idl/sensor_msgs/__init__.py to __init__.cpython-310.pyc
[2.102s] byte-compiling /workspace/install/unitree_sdk2py/lib/python3.10/site-packages/unitree_sdk2py/idl/sensor_msgs/msg/dds_/_PointCloud2_.py to _PointCloud2_.cpython-310.pyc
[2.102s] byte-compiling /workspace/install/unitree_sdk2py/lib/python3.10/site-packages/unitree_sdk2py/idl/sensor_msgs/msg/dds_/__init__.py to __init__.cpython-310.pyc
[2.103s] byte-compiling /workspace/install/unitree_sdk2py/lib/python3.10/site-packages/unitree_sdk2py/idl/sensor_msgs/msg/dds_/PointField_Constants/__init__.py to __init__.cpython-310.pyc
[2.103s] byte-compiling /workspace/install/unitree_sdk2py/lib/python3.10/site-packages/unitree_sdk2py/idl/sensor_msgs/msg/dds_/PointField_Constants/_PointField_.py to _PointField_.cpython-310.pyc
[2.104s] byte-compiling /workspace/install/unitree_sdk2py/lib/python3.10/site-packages/unitree_sdk2py/idl/sensor_msgs/msg/dds_/_PointField_.py to _PointField_.cpython-310.pyc
[2.104s] byte-compiling /workspace/install/unitree_sdk2py/lib/python3.10/site-packages/unitree_sdk2py/idl/sensor_msgs/msg/__init__.py to __init__.cpython-310.pyc
[2.104s] byte-compiling /workspace/install/unitree_sdk2py/lib/python3.10/site-packages/unitree_sdk2py/idl/__init__.py to __init__.cpython-310.pyc
[2.105s] byte-compiling /workspace/install/unitree_sdk2py/lib/python3.10/site-packages/unitree_sdk2py/idl/std_msgs/__init__.py to __init__.cpython-310.pyc
[2.105s] byte-compiling /workspace/install/unitree_sdk2py/lib/python3.10/site-packages/unitree_sdk2py/idl/std_msgs/msg/dds_/_String_.py to _String_.cpython-310.pyc
[2.105s] byte-compiling /workspace/install/unitree_sdk2py/lib/python3.10/site-packages/unitree_sdk2py/idl/std_msgs/msg/dds_/__init__.py to __init__.cpython-310.pyc
[2.106s] byte-compiling /workspace/install/unitree_sdk2py/lib/python3.10/site-packages/unitree_sdk2py/idl/std_msgs/msg/dds_/_Header_.py to _Header_.cpython-310.pyc
[2.106s] byte-compiling /workspace/install/unitree_sdk2py/lib/python3.10/site-packages/unitree_sdk2py/idl/std_msgs/msg/__init__.py to __init__.cpython-310.pyc
[2.106s] byte-compiling /workspace/install/unitree_sdk2py/lib/python3.10/site-packages/unitree_sdk2py/idl/unitree_api/__init__.py to __init__.cpython-310.pyc
[2.107s] byte-compiling /workspace/install/unitree_sdk2py/lib/python3.10/site-packages/unitree_sdk2py/idl/unitree_api/msg/dds_/_ResponseStatus_.py to _ResponseStatus_.cpython-310.pyc
[2.107s] byte-compiling /workspace/install/unitree_sdk2py/lib/python3.10/site-packages/unitree_sdk2py/idl/unitree_api/msg/dds_/_RequestPolicy_.py to _RequestPolicy_.cpython-310.pyc
[2.108s] byte-compiling /workspace/install/unitree_sdk2py/lib/python3.10/site-packages/unitree_sdk2py/idl/unitree_api/msg/dds_/_Request_.py to _Request_.cpython-310.pyc
[2.108s] byte-compiling /workspace/install/unitree_sdk2py/lib/python3.10/site-packages/unitree_sdk2py/idl/unitree_api/msg/dds_/_RequestIdentity_.py to _RequestIdentity_.cpython-310.pyc
[2.108s] byte-compiling /workspace/install/unitree_sdk2py/lib/python3.10/site-packages/unitree_sdk2py/idl/unitree_api/msg/dds_/_RequestLease_.py to _RequestLease_.cpython-310.pyc
[2.109s] byte-compiling /workspace/install/unitree_sdk2py/lib/python3.10/site-packages/unitree_sdk2py/idl/unitree_api/msg/dds_/_RequestHeader_.py to _RequestHeader_.cpython-310.pyc
[2.109s] byte-compiling /workspace/install/unitree_sdk2py/lib/python3.10/site-packages/unitree_sdk2py/idl/unitree_api/msg/dds_/__init__.py to __init__.cpython-310.pyc
[2.109s] byte-compiling /workspace/install/unitree_sdk2py/lib/python3.10/site-packages/unitree_sdk2py/idl/unitree_api/msg/dds_/_Response_.py to _Response_.cpython-310.pyc
[2.110s] byte-compiling /workspace/install/unitree_sdk2py/lib/python3.10/site-packages/unitree_sdk2py/idl/unitree_api/msg/dds_/_ResponseHeader_.py to _ResponseHeader_.cpython-310.pyc
[2.110s] byte-compiling /workspace/install/unitree_sdk2py/lib/python3.10/site-packages/unitree_sdk2py/idl/unitree_api/msg/__init__.py to __init__.cpython-310.pyc
[2.111s] byte-compiling /workspace/install/unitree_sdk2py/lib/python3.10/site-packages/unitree_sdk2py/idl/unitree_hg/__init__.py to __init__.cpython-310.pyc
[2.111s] byte-compiling /workspace/install/unitree_sdk2py/lib/python3.10/site-packages/unitree_sdk2py/idl/unitree_hg/msg/dds_/_BmsCmd_.py to _BmsCmd_.cpython-310.pyc
[2.111s] byte-compiling /workspace/install/unitree_sdk2py/lib/python3.10/site-packages/unitree_sdk2py/idl/unitree_hg/msg/dds_/_HandCmd_.py to _HandCmd_.cpython-310.pyc
[2.112s] byte-compiling /workspace/install/unitree_sdk2py/lib/python3.10/site-packages/unitree_sdk2py/idl/unitree_hg/msg/dds_/_LowState_.py to _LowState_.cpython-310.pyc
[2.112s] byte-compiling /workspace/install/unitree_sdk2py/lib/python3.10/site-packages/unitree_sdk2py/idl/unitree_hg/msg/dds_/_PressSensorState_.py to _PressSensorState_.cpython-310.pyc
[2.113s] byte-compiling /workspace/install/unitree_sdk2py/lib/python3.10/site-packages/unitree_sdk2py/idl/unitree_hg/msg/dds_/_BmsState_.py to _BmsState_.cpython-310.pyc
[2.113s] byte-compiling /workspace/install/unitree_sdk2py/lib/python3.10/site-packages/unitree_sdk2py/idl/unitree_hg/msg/dds_/_MainBoardState_.py to _MainBoardState_.cpython-310.pyc
[2.114s] byte-compiling /workspace/install/unitree_sdk2py/lib/python3.10/site-packages/unitree_sdk2py/idl/unitree_hg/msg/dds_/_LowCmd_.py to _LowCmd_.cpython-310.pyc
[2.114s] byte-compiling /workspace/install/unitree_sdk2py/lib/python3.10/site-packages/unitree_sdk2py/idl/unitree_hg/msg/dds_/_HandState_.py to _HandState_.cpython-310.pyc
[2.114s] byte-compiling /workspace/install/unitree_sdk2py/lib/python3.10/site-packages/unitree_sdk2py/idl/unitree_hg/msg/dds_/_MotorState_.py to _MotorState_.cpython-310.pyc
[2.115s] byte-compiling /workspace/install/unitree_sdk2py/lib/python3.10/site-packages/unitree_sdk2py/idl/unitree_hg/msg/dds_/_MotorCmd_.py to _MotorCmd_.cpython-310.pyc
[2.115s] byte-compiling /workspace/install/unitree_sdk2py/lib/python3.10/site-packages/unitree_sdk2py/idl/unitree_hg/msg/dds_/__init__.py to __init__.cpython-310.pyc
[2.116s] byte-compiling /workspace/install/unitree_sdk2py/lib/python3.10/site-packages/unitree_sdk2py/idl/unitree_hg/msg/dds_/_IMUState_.py to _IMUState_.cpython-310.pyc
[2.116s] byte-compiling /workspace/install/unitree_sdk2py/lib/python3.10/site-packages/unitree_sdk2py/idl/unitree_hg/msg/__init__.py to __init__.cpython-310.pyc
[2.116s] byte-compiling /workspace/install/unitree_sdk2py/lib/python3.10/site-packages/unitree_sdk2py/idl/geometry_msgs/__init__.py to __init__.cpython-310.pyc
[2.117s] byte-compiling /workspace/install/unitree_sdk2py/lib/python3.10/site-packages/unitree_sdk2py/idl/geometry_msgs/msg/dds_/_TwistStamped_.py to _TwistStamped_.cpython-310.pyc
[2.118s] byte-compiling /workspace/install/unitree_sdk2py/lib/python3.10/site-packages/unitree_sdk2py/idl/geometry_msgs/msg/dds_/_Pose2D_.py to _Pose2D_.cpython-310.pyc
[2.118s] byte-compiling /workspace/install/unitree_sdk2py/lib/python3.10/site-packages/unitree_sdk2py/idl/geometry_msgs/msg/dds_/_Vector3_.py to _Vector3_.cpython-310.pyc
[2.119s] byte-compiling /workspace/install/unitree_sdk2py/lib/python3.10/site-packages/unitree_sdk2py/idl/geometry_msgs/msg/dds_/_PoseWithCovarianceStamped_.py to _PoseWithCovarianceStamped_.cpython-310.pyc
[2.119s] byte-compiling /workspace/install/unitree_sdk2py/lib/python3.10/site-packages/unitree_sdk2py/idl/geometry_msgs/msg/dds_/_Pose_.py to _Pose_.cpython-310.pyc
[2.120s] byte-compiling /workspace/install/unitree_sdk2py/lib/python3.10/site-packages/unitree_sdk2py/idl/geometry_msgs/msg/dds_/_PointStamped_.py to _PointStamped_.cpython-310.pyc
[2.120s] byte-compiling /workspace/install/unitree_sdk2py/lib/python3.10/site-packages/unitree_sdk2py/idl/geometry_msgs/msg/dds_/_PoseWithCovariance_.py to _PoseWithCovariance_.cpython-310.pyc
[2.121s] byte-compiling /workspace/install/unitree_sdk2py/lib/python3.10/site-packages/unitree_sdk2py/idl/geometry_msgs/msg/dds_/_PoseStamped_.py to _PoseStamped_.cpython-310.pyc
[2.121s] byte-compiling /workspace/install/unitree_sdk2py/lib/python3.10/site-packages/unitree_sdk2py/idl/geometry_msgs/msg/dds_/_Point_.py to _Point_.cpython-310.pyc
[2.121s] byte-compiling /workspace/install/unitree_sdk2py/lib/python3.10/site-packages/unitree_sdk2py/idl/geometry_msgs/msg/dds_/_QuaternionStamped_.py to _QuaternionStamped_.cpython-310.pyc
[2.122s] byte-compiling /workspace/install/unitree_sdk2py/lib/python3.10/site-packages/unitree_sdk2py/idl/geometry_msgs/msg/dds_/__init__.py to __init__.cpython-310.pyc
[2.122s] byte-compiling /workspace/install/unitree_sdk2py/lib/python3.10/site-packages/unitree_sdk2py/idl/geometry_msgs/msg/dds_/_TwistWithCovariance_.py to _TwistWithCovariance_.cpython-310.pyc
[2.123s] byte-compiling /workspace/install/unitree_sdk2py/lib/python3.10/site-packages/unitree_sdk2py/idl/geometry_msgs/msg/dds_/_TwistWithCovarianceStamped_.py to _TwistWithCovarianceStamped_.cpython-310.pyc
[2.123s] byte-compiling /workspace/install/unitree_sdk2py/lib/python3.10/site-packages/unitree_sdk2py/idl/geometry_msgs/msg/dds_/_Point32_.py to _Point32_.cpython-310.pyc
[2.123s] byte-compiling /workspace/install/unitree_sdk2py/lib/python3.10/site-packages/unitree_sdk2py/idl/geometry_msgs/msg/dds_/_Twist_.py to _Twist_.cpython-310.pyc
[2.124s] byte-compiling /workspace/install/unitree_sdk2py/lib/python3.10/site-packages/unitree_sdk2py/idl/geometry_msgs/msg/dds_/_Quaternion_.py to _Quaternion_.cpython-310.pyc
[2.124s] byte-compiling /workspace/install/unitree_sdk2py/lib/python3.10/site-packages/unitree_sdk2py/idl/geometry_msgs/msg/__init__.py to __init__.cpython-310.pyc
[2.124s] byte-compiling /workspace/install/unitree_sdk2py/lib/python3.10/site-packages/unitree_sdk2py/as2/__init__.py to __init__.cpython-310.pyc
[2.125s] running install_egg_info
[2.128s] Copying ../../build/unitree_sdk2py/unitree_sdk2py.egg-info to /workspace/install/unitree_sdk2py/lib/python3.10/site-packages/unitree_sdk2py-1.0.1-py3.10.egg-info
[2.130s] running install_scripts
[2.173s] writing list of installed files to '/workspace/build/unitree_sdk2py/install.log'
[2.242s] Invoked command in '/workspace/sdk/unitree_sdk2_python' returned '0': PYTHONPATH=/workspace/build/unitree_sdk2py/prefix_override:/usr/lib/python3/dist-packages/colcon_core/task/python/colcon_distutils_commands:/workspace/install/unitree_sdk2py/lib/python3.10/site-packages:${PYTHONPATH} /usr/bin/python3 -W ignore:setup.py install is deprecated -W ignore:easy_install command is deprecated setup.py egg_info --egg-base ../../build/unitree_sdk2py build --build-base /workspace/build/unitree_sdk2py/build install --record /workspace/build/unitree_sdk2py/install.log --single-version-externally-managed
