[0.000000] (-) TimerEvent: {}
[0.001112] (cyclonedds) JobQueued: {'identifier': 'cyclonedds', 'dependencies': OrderedDict()}
[0.001345] (explore_lite_msgs) JobQueued: {'identifier': 'explore_lite_msgs', 'dependencies': OrderedDict()}
[0.001542] (go2_nav) JobQueued: {'identifier': 'go2_nav', 'dependencies': OrderedDict()}
[0.001581] (go2_vision) JobQueued: {'identifier': 'go2_vision', 'dependencies': OrderedDict()}
[0.001661] (multirobot_map_merge) JobQueued: {'identifier': 'multirobot_map_merge', 'dependencies': OrderedDict()}
[0.001695] (explore_lite) JobQueued: {'identifier': 'explore_lite', 'dependencies': OrderedDict([('explore_lite_msgs', '/workspace/install/explore_lite_msgs')])}
[0.001766] (unitree_sdk2py) JobQueued: {'identifier': 'unitree_sdk2py', 'dependencies': OrderedDict([('cyclonedds', '/workspace/install/cyclonedds')])}
[0.001852] (cyclonedds) JobStarted: {'identifier': 'cyclonedds'}
[0.019319] (explore_lite_msgs) JobStarted: {'identifier': 'explore_lite_msgs'}
[0.026090] (go2_nav) JobStarted: {'identifier': 'go2_nav'}
[0.036889] (go2_vision) JobStarted: {'identifier': 'go2_vision'}
[0.045202] (multirobot_map_merge) JobStarted: {'identifier': 'multirobot_map_merge'}
[0.054073] (cyclonedds) JobProgress: {'identifier': 'cyclonedds', 'progress': 'cmake'}
[0.055645] (cyclonedds) JobProgress: {'identifier': 'cyclonedds', 'progress': 'build'}
[0.056619] (cyclonedds) Command: {'cmd': ['/usr/bin/cmake', '--build', '/workspace/build/cyclonedds', '--', '-j8', '-l8'], 'cwd': '/workspace/build/cyclonedds', 'env': OrderedDict([('HOSTNAME', 'ubuntu'), ('SHLVL', '1'), ('LD_LIBRARY_PATH', '/workspace/install/multirobot_map_merge/lib:/workspace/install/explore_lite_msgs/lib:/workspace/install/cyclonedds/lib:/opt/ros/humble/opt/rviz_ogre_vendor/lib:/opt/ros/humble/lib/aarch64-linux-gnu:/opt/ros/humble/lib'), ('HOME', '/root'), ('OLDPWD', '/workspace/src'), ('ROS_PYTHON_VERSION', '3'), ('COLCON_PREFIX_PATH', '/workspace/install'), ('ROS_DISTRO', 'humble'), ('_', '/usr/bin/colcon'), ('ROS_VERSION', '2'), ('PKG_CONFIG_PATH', '/workspace/install/cyclonedds/lib/aarch64-linux-gnu/pkgconfig:/workspace/install/cyclonedds/lib/pkgconfig'), ('TERM', 'xterm'), ('ROS_LOCALHOST_ONLY', '0'), ('PATH', '/workspace/install/cyclonedds/bin:/opt/ros/humble/bin:/usr/local/sbin:/usr/local/bin:/usr/sbin:/usr/bin:/sbin:/bin'), ('LANG', 'C.UTF-8'), ('RMW_IMPLEMENTATION', 'rmw_cyclonedds_cpp'), ('CYCLONEDDS_HOME', '/workspace/cyclonedds/install'), ('LS_COLORS', 'rs=0:di=01;34:ln=01;36:mh=00:pi=40;33:so=01;35:do=01;35:bd=40;33;01:cd=40;33;01:or=40;31;01:mi=00:su=37;41:sg=30;43:ca=30;41:tw=30;42:ow=34;42:st=37;44:ex=01;32:*.tar=01;31:*.tgz=01;31:*.arc=01;31:*.arj=01;31:*.taz=01;31:*.lha=01;31:*.lz4=01;31:*.lzh=01;31:*.lzma=01;31:*.tlz=01;31:*.txz=01;31:*.tzo=01;31:*.t7z=01;31:*.zip=01;31:*.z=01;31:*.dz=01;31:*.gz=01;31:*.lrz=01;31:*.lz=01;31:*.lzo=01;31:*.xz=01;31:*.zst=01;31:*.tzst=01;31:*.bz2=01;31:*.bz=01;31:*.tbz=01;31:*.tbz2=01;31:*.tz=01;31:*.deb=01;31:*.rpm=01;31:*.jar=01;31:*.war=01;31:*.ear=01;31:*.sar=01;31:*.rar=01;31:*.alz=01;31:*.ace=01;31:*.zoo=01;31:*.cpio=01;31:*.7z=01;31:*.rz=01;31:*.cab=01;31:*.wim=01;31:*.swm=01;31:*.dwm=01;31:*.esd=01;31:*.jpg=01;35:*.jpeg=01;35:*.mjpg=01;35:*.mjpeg=01;35:*.gif=01;35:*.bmp=01;35:*.pbm=01;35:*.pgm=01;35:*.ppm=01;35:*.tga=01;35:*.xbm=01;35:*.xpm=01;35:*.tif=01;35:*.tiff=01;35:*.png=01;35:*.svg=01;35:*.svgz=01;35:*.mng=01;35:*.pcx=01;35:*.mov=01;35:*.mpg=01;35:*.mpeg=01;35:*.m2v=01;35:*.mkv=01;35:*.webm=01;35:*.webp=01;35:*.ogm=01;35:*.mp4=01;35:*.m4v=01;35:*.mp4v=01;35:*.vob=01;35:*.qt=01;35:*.nuv=01;35:*.wmv=01;35:*.asf=01;35:*.rm=01;35:*.rmvb=01;35:*.flc=01;35:*.avi=01;35:*.fli=01;35:*.flv=01;35:*.gl=01;35:*.dl=01;35:*.xcf=01;35:*.xwd=01;35:*.yuv=01;35:*.cgm=01;35:*.emf=01;35:*.ogv=01;35:*.ogx=01;35:*.aac=00;36:*.au=00;36:*.flac=00;36:*.m4a=00;36:*.mid=00;36:*.midi=00;36:*.mka=00;36:*.mp3=00;36:*.mpc=00;36:*.ogg=00;36:*.ra=00;36:*.wav=00;36:*.oga=00;36:*.opus=00;36:*.spx=00;36:*.xspf=00;36:'), ('AMENT_PREFIX_PATH', '/workspace/install/multirobot_map_merge:/workspace/install/go2_vision:/workspace/install/go2_nav:/workspace/install/explore_lite:/workspace/install/explore_lite_msgs:/opt/ros/humble'), ('PWD', '/workspace/build/cyclonedds'), ('LC_ALL', 'C.UTF-8'), ('PYTHONPATH', '/workspace/install/unitree_sdk2py/lib/python3.10/site-packages:/workspace/install/go2_vision/lib/python3.10/site-packages:/workspace/install/go2_nav/lib/python3.10/site-packages:/workspace/install/explore_lite_msgs/local/lib/python3.10/dist-packages:/opt/ros/humble/lib/python3.10/site-packages:/opt/ros/humble/local/lib/python3.10/dist-packages'), ('COLCON', '1'), ('CMAKE_PREFIX_PATH', '/workspace/install/multirobot_map_merge:/workspace/install/explore_lite:/workspace/install/explore_lite_msgs:/workspace/install/cyclonedds:/workspace/install/go2_vision:/workspace/install/go2_nav:/opt/ros/humble')]), 'shell': False}
[0.060997] (explore_lite_msgs) JobProgress: {'identifier': 'explore_lite_msgs', 'progress': 'cmake'}
[0.062651] (explore_lite_msgs) JobProgress: {'identifier': 'explore_lite_msgs', 'progress': 'build'}
[0.063001] (explore_lite_msgs) Command: {'cmd': ['/usr/bin/cmake', '--build', '/workspace/build/explore_lite_msgs', '--', '-j8', '-l8'], 'cwd': '/workspace/build/explore_lite_msgs', 'env': OrderedDict([('HOSTNAME', 'ubuntu'), ('SHLVL', '1'), ('LD_LIBRARY_PATH', '/workspace/install/multirobot_map_merge/lib:/workspace/install/explore_lite_msgs/lib:/workspace/install/cyclonedds/lib:/opt/ros/humble/opt/rviz_ogre_vendor/lib:/opt/ros/humble/lib/aarch64-linux-gnu:/opt/ros/humble/lib'), ('HOME', '/root'), ('OLDPWD', '/workspace/src'), ('ROS_PYTHON_VERSION', '3'), ('COLCON_PREFIX_PATH', '/workspace/install'), ('ROS_DISTRO', 'humble'), ('_', '/usr/bin/colcon'), ('ROS_VERSION', '2'), ('PKG_CONFIG_PATH', '/workspace/install/cyclonedds/lib/aarch64-linux-gnu/pkgconfig:/workspace/install/cyclonedds/lib/pkgconfig'), ('TERM', 'xterm'), ('ROS_LOCALHOST_ONLY', '0'), ('PATH', '/workspace/install/cyclonedds/bin:/opt/ros/humble/bin:/usr/local/sbin:/usr/local/bin:/usr/sbin:/usr/bin:/sbin:/bin'), ('LANG', 'C.UTF-8'), ('RMW_IMPLEMENTATION', 'rmw_cyclonedds_cpp'), ('CYCLONEDDS_HOME', '/workspace/cyclonedds/install'), ('LS_COLORS', 'rs=0:di=01;34:ln=01;36:mh=00:pi=40;33:so=01;35:do=01;35:bd=40;33;01:cd=40;33;01:or=40;31;01:mi=00:su=37;41:sg=30;43:ca=30;41:tw=30;42:ow=34;42:st=37;44:ex=01;32:*.tar=01;31:*.tgz=01;31:*.arc=01;31:*.arj=01;31:*.taz=01;31:*.lha=01;31:*.lz4=01;31:*.lzh=01;31:*.lzma=01;31:*.tlz=01;31:*.txz=01;31:*.tzo=01;31:*.t7z=01;31:*.zip=01;31:*.z=01;31:*.dz=01;31:*.gz=01;31:*.lrz=01;31:*.lz=01;31:*.lzo=01;31:*.xz=01;31:*.zst=01;31:*.tzst=01;31:*.bz2=01;31:*.bz=01;31:*.tbz=01;31:*.tbz2=01;31:*.tz=01;31:*.deb=01;31:*.rpm=01;31:*.jar=01;31:*.war=01;31:*.ear=01;31:*.sar=01;31:*.rar=01;31:*.alz=01;31:*.ace=01;31:*.zoo=01;31:*.cpio=01;31:*.7z=01;31:*.rz=01;31:*.cab=01;31:*.wim=01;31:*.swm=01;31:*.dwm=01;31:*.esd=01;31:*.jpg=01;35:*.jpeg=01;35:*.mjpg=01;35:*.mjpeg=01;35:*.gif=01;35:*.bmp=01;35:*.pbm=01;35:*.pgm=01;35:*.ppm=01;35:*.tga=01;35:*.xbm=01;35:*.xpm=01;35:*.tif=01;35:*.tiff=01;35:*.png=01;35:*.svg=01;35:*.svgz=01;35:*.mng=01;35:*.pcx=01;35:*.mov=01;35:*.mpg=01;35:*.mpeg=01;35:*.m2v=01;35:*.mkv=01;35:*.webm=01;35:*.webp=01;35:*.ogm=01;35:*.mp4=01;35:*.m4v=01;35:*.mp4v=01;35:*.vob=01;35:*.qt=01;35:*.nuv=01;35:*.wmv=01;35:*.asf=01;35:*.rm=01;35:*.rmvb=01;35:*.flc=01;35:*.avi=01;35:*.fli=01;35:*.flv=01;35:*.gl=01;35:*.dl=01;35:*.xcf=01;35:*.xwd=01;35:*.yuv=01;35:*.cgm=01;35:*.emf=01;35:*.ogv=01;35:*.ogx=01;35:*.aac=00;36:*.au=00;36:*.flac=00;36:*.m4a=00;36:*.mid=00;36:*.midi=00;36:*.mka=00;36:*.mp3=00;36:*.mpc=00;36:*.ogg=00;36:*.ra=00;36:*.wav=00;36:*.oga=00;36:*.opus=00;36:*.spx=00;36:*.xspf=00;36:'), ('AMENT_PREFIX_PATH', '/workspace/install/multirobot_map_merge:/workspace/install/go2_vision:/workspace/install/go2_nav:/workspace/install/explore_lite:/workspace/install/explore_lite_msgs:/opt/ros/humble'), ('PWD', '/workspace/build/explore_lite_msgs'), ('LC_ALL', 'C.UTF-8'), ('PYTHONPATH', '/workspace/install/unitree_sdk2py/lib/python3.10/site-packages:/workspace/install/go2_vision/lib/python3.10/site-packages:/workspace/install/go2_nav/lib/python3.10/site-packages:/workspace/install/explore_lite_msgs/local/lib/python3.10/dist-packages:/opt/ros/humble/lib/python3.10/site-packages:/opt/ros/humble/local/lib/python3.10/dist-packages'), ('COLCON', '1'), ('CMAKE_PREFIX_PATH', '/workspace/install/multirobot_map_merge:/workspace/install/explore_lite:/workspace/install/explore_lite_msgs:/workspace/install/cyclonedds:/workspace/install/go2_vision:/workspace/install/go2_nav:/opt/ros/humble')]), 'shell': False}
[0.099366] (-) TimerEvent: {}
[0.199937] (-) TimerEvent: {}
[0.300529] (-) TimerEvent: {}
[0.401107] (-) TimerEvent: {}
[0.501661] (-) TimerEvent: {}
[0.602197] (-) TimerEvent: {}
[0.702763] (-) TimerEvent: {}
[0.803358] (-) TimerEvent: {}
[0.831056] (cyclonedds) StdoutLine: {'line': b'[  0%] Built target _confgen\n'}
[0.831696] (cyclonedds) StdoutLine: {'line': b'[  4%] Built target idlpp\n'}
[0.832636] (cyclonedds) StdoutLine: {'line': b'[ 12%] Built target idl\n'}
[0.832985] (cyclonedds) StdoutLine: {'line': b'[ 27%] Built target ddsrt-internal\n'}
[0.833183] (cyclonedds) StdoutLine: {'line': b'[ 87%] Built target ddsc\n'}
[0.833343] (cyclonedds) StdoutLine: {'line': b'[ 91%] Built target dds_security_auth\n'}
[0.833639] (cyclonedds) StdoutLine: {'line': b'[ 93%] Built target idlc\n'}
[0.833787] (cyclonedds) StdoutLine: {'line': b'[ 93%] Built target dds_security_ac\n'}
[0.833883] (cyclonedds) StdoutLine: {'line': b'[ 97%] Built target dds_security_crypto\n'}
[0.833973] (cyclonedds) StdoutLine: {'line': b'[ 97%] Built target ddsperf_types_generate\n'}
[0.834062] (cyclonedds) StdoutLine: {'line': b'[100%] Built target ddsperf\n'}
[0.834148] (explore_lite_msgs) StdoutLine: {'line': b'[  3%] Built target explore_lite_msgs__cpp\n'}
[0.834282] (explore_lite_msgs) StdoutLine: {'line': b'[  6%] Built target explore_lite_msgs__rs\n'}
[0.834374] (explore_lite_msgs) StdoutLine: {'line': b'[ 15%] Built target explore_lite_msgs__rosidl_generator_c\n'}
[0.834470] (explore_lite_msgs) StdoutLine: {'line': b'[ 15%] Built target ament_cmake_python_copy_explore_lite_msgs\n'}
[0.835043] (explore_lite_msgs) StdoutLine: {'line': b'[ 25%] Built target explore_lite_msgs__rosidl_typesupport_introspection_cpp\n'}
[0.835170] (explore_lite_msgs) StdoutLine: {'line': b'[ 34%] Built target explore_lite_msgs__rosidl_typesupport_cpp\n'}
[0.835387] (explore_lite_msgs) StdoutLine: {'line': b'[ 43%] Built target explore_lite_msgs__rosidl_typesupport_fastrtps_cpp\n'}
[0.835555] (explore_lite_msgs) StdoutLine: {'line': b'[ 62%] Built target explore_lite_msgs__rosidl_typesupport_c\n'}
[0.835715] (explore_lite_msgs) StdoutLine: {'line': b'[ 62%] Built target explore_lite_msgs__rosidl_typesupport_introspection_c\n'}
[0.835850] (explore_lite_msgs) StdoutLine: {'line': b'[ 71%] Built target explore_lite_msgs__rosidl_typesupport_fastrtps_c\n'}
[0.836203] (explore_lite_msgs) StdoutLine: {'line': b'[ 71%] Built target explore_lite_msgs\n'}
[0.836688] (explore_lite_msgs) StdoutLine: {'line': b'[ 75%] Built target explore_lite_msgs__py\n'}
[0.837865] (explore_lite_msgs) StdoutLine: {'line': b'[ 81%] Built target explore_lite_msgs__rosidl_generator_py\n'}
[0.838206] (explore_lite_msgs) StdoutLine: {'line': b'[100%] Built target explore_lite_msgs__rosidl_typesupport_fastrtps_c__pyext\n'}
[0.838506] (explore_lite_msgs) StdoutLine: {'line': b'[100%] Built target explore_lite_msgs__rosidl_typesupport_c__pyext\n'}
[0.839101] (explore_lite_msgs) StdoutLine: {'line': b'[100%] Built target explore_lite_msgs__rosidl_typesupport_introspection_c__pyext\n'}
[0.839604] (explore_lite_msgs) StdoutLine: {'line': b'running egg_info\n'}
[0.840198] (explore_lite_msgs) StdoutLine: {'line': b'writing explore_lite_msgs.egg-info/PKG-INFO\n'}
[0.841075] (explore_lite_msgs) StdoutLine: {'line': b'writing dependency_links to explore_lite_msgs.egg-info/dependency_links.txt\n'}
[0.841188] (explore_lite_msgs) StdoutLine: {'line': b'writing top-level names to explore_lite_msgs.egg-info/top_level.txt\n'}
[0.841290] (explore_lite_msgs) StdoutLine: {'line': b"reading manifest file 'explore_lite_msgs.egg-info/SOURCES.txt'\n"}
[0.841388] (explore_lite_msgs) StdoutLine: {'line': b"writing manifest file 'explore_lite_msgs.egg-info/SOURCES.txt'\n"}
[0.841500] (explore_lite_msgs) StdoutLine: {'line': b'[100%] Built target ament_cmake_python_build_explore_lite_msgs_egg\n'}
[0.841601] (multirobot_map_merge) JobProgress: {'identifier': 'multirobot_map_merge', 'progress': 'cmake'}
[0.841634] (multirobot_map_merge) JobProgress: {'identifier': 'multirobot_map_merge', 'progress': 'build'}
[0.841664] (multirobot_map_merge) Command: {'cmd': ['/usr/bin/cmake', '--build', '/workspace/build/multirobot_map_merge', '--', '-j8', '-l8'], 'cwd': '/workspace/build/multirobot_map_merge', 'env': OrderedDict([('HOSTNAME', 'ubuntu'), ('SHLVL', '1'), ('LD_LIBRARY_PATH', '/workspace/install/multirobot_map_merge/lib:/workspace/install/explore_lite_msgs/lib:/workspace/install/cyclonedds/lib:/opt/ros/humble/opt/rviz_ogre_vendor/lib:/opt/ros/humble/lib/aarch64-linux-gnu:/opt/ros/humble/lib'), ('HOME', '/root'), ('OLDPWD', '/workspace/src'), ('ROS_PYTHON_VERSION', '3'), ('COLCON_PREFIX_PATH', '/workspace/install'), ('ROS_DISTRO', 'humble'), ('_', '/usr/bin/colcon'), ('ROS_VERSION', '2'), ('PKG_CONFIG_PATH', '/workspace/install/cyclonedds/lib/aarch64-linux-gnu/pkgconfig:/workspace/install/cyclonedds/lib/pkgconfig'), ('TERM', 'xterm'), ('ROS_LOCALHOST_ONLY', '0'), ('PATH', '/workspace/install/cyclonedds/bin:/opt/ros/humble/bin:/usr/local/sbin:/usr/local/bin:/usr/sbin:/usr/bin:/sbin:/bin'), ('LANG', 'C.UTF-8'), ('RMW_IMPLEMENTATION', 'rmw_cyclonedds_cpp'), ('CYCLONEDDS_HOME', '/workspace/cyclonedds/install'), ('LS_COLORS', 'rs=0:di=01;34:ln=01;36:mh=00:pi=40;33:so=01;35:do=01;35:bd=40;33;01:cd=40;33;01:or=40;31;01:mi=00:su=37;41:sg=30;43:ca=30;41:tw=30;42:ow=34;42:st=37;44:ex=01;32:*.tar=01;31:*.tgz=01;31:*.arc=01;31:*.arj=01;31:*.taz=01;31:*.lha=01;31:*.lz4=01;31:*.lzh=01;31:*.lzma=01;31:*.tlz=01;31:*.txz=01;31:*.tzo=01;31:*.t7z=01;31:*.zip=01;31:*.z=01;31:*.dz=01;31:*.gz=01;31:*.lrz=01;31:*.lz=01;31:*.lzo=01;31:*.xz=01;31:*.zst=01;31:*.tzst=01;31:*.bz2=01;31:*.bz=01;31:*.tbz=01;31:*.tbz2=01;31:*.tz=01;31:*.deb=01;31:*.rpm=01;31:*.jar=01;31:*.war=01;31:*.ear=01;31:*.sar=01;31:*.rar=01;31:*.alz=01;31:*.ace=01;31:*.zoo=01;31:*.cpio=01;31:*.7z=01;31:*.rz=01;31:*.cab=01;31:*.wim=01;31:*.swm=01;31:*.dwm=01;31:*.esd=01;31:*.jpg=01;35:*.jpeg=01;35:*.mjpg=01;35:*.mjpeg=01;35:*.gif=01;35:*.bmp=01;35:*.pbm=01;35:*.pgm=01;35:*.ppm=01;35:*.tga=01;35:*.xbm=01;35:*.xpm=01;35:*.tif=01;35:*.tiff=01;35:*.png=01;35:*.svg=01;35:*.svgz=01;35:*.mng=01;35:*.pcx=01;35:*.mov=01;35:*.mpg=01;35:*.mpeg=01;35:*.m2v=01;35:*.mkv=01;35:*.webm=01;35:*.webp=01;35:*.ogm=01;35:*.mp4=01;35:*.m4v=01;35:*.mp4v=01;35:*.vob=01;35:*.qt=01;35:*.nuv=01;35:*.wmv=01;35:*.asf=01;35:*.rm=01;35:*.rmvb=01;35:*.flc=01;35:*.avi=01;35:*.fli=01;35:*.flv=01;35:*.gl=01;35:*.dl=01;35:*.xcf=01;35:*.xwd=01;35:*.yuv=01;35:*.cgm=01;35:*.emf=01;35:*.ogv=01;35:*.ogx=01;35:*.aac=00;36:*.au=00;36:*.flac=00;36:*.m4a=00;36:*.mid=00;36:*.midi=00;36:*.mka=00;36:*.mp3=00;36:*.mpc=00;36:*.ogg=00;36:*.ra=00;36:*.wav=00;36:*.oga=00;36:*.opus=00;36:*.spx=00;36:*.xspf=00;36:'), ('AMENT_PREFIX_PATH', '/workspace/install/multirobot_map_merge:/workspace/install/go2_vision:/workspace/install/go2_nav:/workspace/install/explore_lite:/workspace/install/explore_lite_msgs:/opt/ros/humble'), ('PWD', '/workspace/build/multirobot_map_merge'), ('LC_ALL', 'C.UTF-8'), ('PYTHONPATH', '/workspace/install/unitree_sdk2py/lib/python3.10/site-packages:/workspace/install/go2_vision/lib/python3.10/site-packages:/workspace/install/go2_nav/lib/python3.10/site-packages:/workspace/install/explore_lite_msgs/local/lib/python3.10/dist-packages:/opt/ros/humble/lib/python3.10/site-packages:/opt/ros/humble/local/lib/python3.10/dist-packages'), ('COLCON', '1'), ('CMAKE_PREFIX_PATH', '/workspace/install/multirobot_map_merge:/workspace/install/explore_lite:/workspace/install/explore_lite_msgs:/workspace/install/cyclonedds:/workspace/install/go2_vision:/workspace/install/go2_nav:/opt/ros/humble')]), 'shell': False}
[0.842512] (cyclonedds) CommandEnded: {'returncode': 0}
[0.843787] (cyclonedds) JobProgress: {'identifier': 'cyclonedds', 'progress': 'install'}
[0.856162] (cyclonedds) Command: {'cmd': ['/usr/bin/cmake', '--install', '/workspace/build/cyclonedds'], 'cwd': '/workspace/build/cyclonedds', 'env': OrderedDict([('HOSTNAME', 'ubuntu'), ('SHLVL', '1'), ('LD_LIBRARY_PATH', '/workspace/install/multirobot_map_merge/lib:/workspace/install/explore_lite_msgs/lib:/workspace/install/cyclonedds/lib:/opt/ros/humble/opt/rviz_ogre_vendor/lib:/opt/ros/humble/lib/aarch64-linux-gnu:/opt/ros/humble/lib'), ('HOME', '/root'), ('OLDPWD', '/workspace/src'), ('ROS_PYTHON_VERSION', '3'), ('COLCON_PREFIX_PATH', '/workspace/install'), ('ROS_DISTRO', 'humble'), ('_', '/usr/bin/colcon'), ('ROS_VERSION', '2'), ('PKG_CONFIG_PATH', '/workspace/install/cyclonedds/lib/aarch64-linux-gnu/pkgconfig:/workspace/install/cyclonedds/lib/pkgconfig'), ('TERM', 'xterm'), ('ROS_LOCALHOST_ONLY', '0'), ('PATH', '/workspace/install/cyclonedds/bin:/opt/ros/humble/bin:/usr/local/sbin:/usr/local/bin:/usr/sbin:/usr/bin:/sbin:/bin'), ('LANG', 'C.UTF-8'), ('RMW_IMPLEMENTATION', 'rmw_cyclonedds_cpp'), ('CYCLONEDDS_HOME', '/workspace/cyclonedds/install'), ('LS_COLORS', 'rs=0:di=01;34:ln=01;36:mh=00:pi=40;33:so=01;35:do=01;35:bd=40;33;01:cd=40;33;01:or=40;31;01:mi=00:su=37;41:sg=30;43:ca=30;41:tw=30;42:ow=34;42:st=37;44:ex=01;32:*.tar=01;31:*.tgz=01;31:*.arc=01;31:*.arj=01;31:*.taz=01;31:*.lha=01;31:*.lz4=01;31:*.lzh=01;31:*.lzma=01;31:*.tlz=01;31:*.txz=01;31:*.tzo=01;31:*.t7z=01;31:*.zip=01;31:*.z=01;31:*.dz=01;31:*.gz=01;31:*.lrz=01;31:*.lz=01;31:*.lzo=01;31:*.xz=01;31:*.zst=01;31:*.tzst=01;31:*.bz2=01;31:*.bz=01;31:*.tbz=01;31:*.tbz2=01;31:*.tz=01;31:*.deb=01;31:*.rpm=01;31:*.jar=01;31:*.war=01;31:*.ear=01;31:*.sar=01;31:*.rar=01;31:*.alz=01;31:*.ace=01;31:*.zoo=01;31:*.cpio=01;31:*.7z=01;31:*.rz=01;31:*.cab=01;31:*.wim=01;31:*.swm=01;31:*.dwm=01;31:*.esd=01;31:*.jpg=01;35:*.jpeg=01;35:*.mjpg=01;35:*.mjpeg=01;35:*.gif=01;35:*.bmp=01;35:*.pbm=01;35:*.pgm=01;35:*.ppm=01;35:*.tga=01;35:*.xbm=01;35:*.xpm=01;35:*.tif=01;35:*.tiff=01;35:*.png=01;35:*.svg=01;35:*.svgz=01;35:*.mng=01;35:*.pcx=01;35:*.mov=01;35:*.mpg=01;35:*.mpeg=01;35:*.m2v=01;35:*.mkv=01;35:*.webm=01;35:*.webp=01;35:*.ogm=01;35:*.mp4=01;35:*.m4v=01;35:*.mp4v=01;35:*.vob=01;35:*.qt=01;35:*.nuv=01;35:*.wmv=01;35:*.asf=01;35:*.rm=01;35:*.rmvb=01;35:*.flc=01;35:*.avi=01;35:*.fli=01;35:*.flv=01;35:*.gl=01;35:*.dl=01;35:*.xcf=01;35:*.xwd=01;35:*.yuv=01;35:*.cgm=01;35:*.emf=01;35:*.ogv=01;35:*.ogx=01;35:*.aac=00;36:*.au=00;36:*.flac=00;36:*.m4a=00;36:*.mid=00;36:*.midi=00;36:*.mka=00;36:*.mp3=00;36:*.mpc=00;36:*.ogg=00;36:*.ra=00;36:*.wav=00;36:*.oga=00;36:*.opus=00;36:*.spx=00;36:*.xspf=00;36:'), ('AMENT_PREFIX_PATH', '/workspace/install/multirobot_map_merge:/workspace/install/go2_vision:/workspace/install/go2_nav:/workspace/install/explore_lite:/workspace/install/explore_lite_msgs:/opt/ros/humble'), ('PWD', '/workspace/build/cyclonedds'), ('LC_ALL', 'C.UTF-8'), ('PYTHONPATH', '/workspace/install/unitree_sdk2py/lib/python3.10/site-packages:/workspace/install/go2_vision/lib/python3.10/site-packages:/workspace/install/go2_nav/lib/python3.10/site-packages:/workspace/install/explore_lite_msgs/local/lib/python3.10/dist-packages:/opt/ros/humble/lib/python3.10/site-packages:/opt/ros/humble/local/lib/python3.10/dist-packages'), ('COLCON', '1'), ('CMAKE_PREFIX_PATH', '/workspace/install/multirobot_map_merge:/workspace/install/explore_lite:/workspace/install/explore_lite_msgs:/workspace/install/cyclonedds:/workspace/install/go2_vision:/workspace/install/go2_nav:/opt/ros/humble')]), 'shell': False}
[0.858632] (explore_lite_msgs) CommandEnded: {'returncode': 0}
[0.860088] (explore_lite_msgs) JobProgress: {'identifier': 'explore_lite_msgs', 'progress': 'install'}
[0.860395] (explore_lite_msgs) Command: {'cmd': ['/usr/bin/cmake', '--install', '/workspace/build/explore_lite_msgs'], 'cwd': '/workspace/build/explore_lite_msgs', 'env': OrderedDict([('HOSTNAME', 'ubuntu'), ('SHLVL', '1'), ('LD_LIBRARY_PATH', '/workspace/install/multirobot_map_merge/lib:/workspace/install/explore_lite_msgs/lib:/workspace/install/cyclonedds/lib:/opt/ros/humble/opt/rviz_ogre_vendor/lib:/opt/ros/humble/lib/aarch64-linux-gnu:/opt/ros/humble/lib'), ('HOME', '/root'), ('OLDPWD', '/workspace/src'), ('ROS_PYTHON_VERSION', '3'), ('COLCON_PREFIX_PATH', '/workspace/install'), ('ROS_DISTRO', 'humble'), ('_', '/usr/bin/colcon'), ('ROS_VERSION', '2'), ('PKG_CONFIG_PATH', '/workspace/install/cyclonedds/lib/aarch64-linux-gnu/pkgconfig:/workspace/install/cyclonedds/lib/pkgconfig'), ('TERM', 'xterm'), ('ROS_LOCALHOST_ONLY', '0'), ('PATH', '/workspace/install/cyclonedds/bin:/opt/ros/humble/bin:/usr/local/sbin:/usr/local/bin:/usr/sbin:/usr/bin:/sbin:/bin'), ('LANG', 'C.UTF-8'), ('RMW_IMPLEMENTATION', 'rmw_cyclonedds_cpp'), ('CYCLONEDDS_HOME', '/workspace/cyclonedds/install'), ('LS_COLORS', 'rs=0:di=01;34:ln=01;36:mh=00:pi=40;33:so=01;35:do=01;35:bd=40;33;01:cd=40;33;01:or=40;31;01:mi=00:su=37;41:sg=30;43:ca=30;41:tw=30;42:ow=34;42:st=37;44:ex=01;32:*.tar=01;31:*.tgz=01;31:*.arc=01;31:*.arj=01;31:*.taz=01;31:*.lha=01;31:*.lz4=01;31:*.lzh=01;31:*.lzma=01;31:*.tlz=01;31:*.txz=01;31:*.tzo=01;31:*.t7z=01;31:*.zip=01;31:*.z=01;31:*.dz=01;31:*.gz=01;31:*.lrz=01;31:*.lz=01;31:*.lzo=01;31:*.xz=01;31:*.zst=01;31:*.tzst=01;31:*.bz2=01;31:*.bz=01;31:*.tbz=01;31:*.tbz2=01;31:*.tz=01;31:*.deb=01;31:*.rpm=01;31:*.jar=01;31:*.war=01;31:*.ear=01;31:*.sar=01;31:*.rar=01;31:*.alz=01;31:*.ace=01;31:*.zoo=01;31:*.cpio=01;31:*.7z=01;31:*.rz=01;31:*.cab=01;31:*.wim=01;31:*.swm=01;31:*.dwm=01;31:*.esd=01;31:*.jpg=01;35:*.jpeg=01;35:*.mjpg=01;35:*.mjpeg=01;35:*.gif=01;35:*.bmp=01;35:*.pbm=01;35:*.pgm=01;35:*.ppm=01;35:*.tga=01;35:*.xbm=01;35:*.xpm=01;35:*.tif=01;35:*.tiff=01;35:*.png=01;35:*.svg=01;35:*.svgz=01;35:*.mng=01;35:*.pcx=01;35:*.mov=01;35:*.mpg=01;35:*.mpeg=01;35:*.m2v=01;35:*.mkv=01;35:*.webm=01;35:*.webp=01;35:*.ogm=01;35:*.mp4=01;35:*.m4v=01;35:*.mp4v=01;35:*.vob=01;35:*.qt=01;35:*.nuv=01;35:*.wmv=01;35:*.asf=01;35:*.rm=01;35:*.rmvb=01;35:*.flc=01;35:*.avi=01;35:*.fli=01;35:*.flv=01;35:*.gl=01;35:*.dl=01;35:*.xcf=01;35:*.xwd=01;35:*.yuv=01;35:*.cgm=01;35:*.emf=01;35:*.ogv=01;35:*.ogx=01;35:*.aac=00;36:*.au=00;36:*.flac=00;36:*.m4a=00;36:*.mid=00;36:*.midi=00;36:*.mka=00;36:*.mp3=00;36:*.mpc=00;36:*.ogg=00;36:*.ra=00;36:*.wav=00;36:*.oga=00;36:*.opus=00;36:*.spx=00;36:*.xspf=00;36:'), ('AMENT_PREFIX_PATH', '/workspace/install/multirobot_map_merge:/workspace/install/go2_vision:/workspace/install/go2_nav:/workspace/install/explore_lite:/workspace/install/explore_lite_msgs:/opt/ros/humble'), ('PWD', '/workspace/build/explore_lite_msgs'), ('LC_ALL', 'C.UTF-8'), ('PYTHONPATH', '/workspace/install/unitree_sdk2py/lib/python3.10/site-packages:/workspace/install/go2_vision/lib/python3.10/site-packages:/workspace/install/go2_nav/lib/python3.10/site-packages:/workspace/install/explore_lite_msgs/local/lib/python3.10/dist-packages:/opt/ros/humble/lib/python3.10/site-packages:/opt/ros/humble/local/lib/python3.10/dist-packages'), ('COLCON', '1'), ('CMAKE_PREFIX_PATH', '/workspace/install/multirobot_map_merge:/workspace/install/explore_lite:/workspace/install/explore_lite_msgs:/workspace/install/cyclonedds:/workspace/install/go2_vision:/workspace/install/go2_nav:/opt/ros/humble')]), 'shell': False}
[0.869778] (cyclonedds) StdoutLine: {'line': b'-- Install configuration: "RelWithDebInfo"\n'}
[0.870763] (cyclonedds) StdoutLine: {'line': b'-- Up-to-date: /workspace/install/cyclonedds/lib/cmake/CycloneDDS/CycloneDDSConfig.cmake\n'}
[0.871074] (cyclonedds) StdoutLine: {'line': b'-- Up-to-date: /workspace/install/cyclonedds/lib/cmake/CycloneDDS/CycloneDDSConfigVersion.cmake\n'}
[0.871601] (cyclonedds) StdoutLine: {'line': b'-- Up-to-date: /workspace/install/cyclonedds/lib/cmake/CycloneDDS/CycloneDDSTargets.cmake\n'}
[0.871893] (cyclonedds) StdoutLine: {'line': b'-- Up-to-date: /workspace/install/cyclonedds/lib/cmake/CycloneDDS/CycloneDDSTargets-relwithdebinfo.cmake\n'}
[0.872421] (cyclonedds) StdoutLine: {'line': b'-- Up-to-date: /workspace/install/cyclonedds/lib/pkgconfig/CycloneDDS.pc\n'}
[0.872932] (explore_lite_msgs) StdoutLine: {'line': b'-- Install configuration: ""\n'}
[0.873596] (explore_lite_msgs) StdoutLine: {'line': b'-- Up-to-date: /workspace/install/explore_lite_msgs/share/ament_index/resource_index/rosidl_interfaces/explore_lite_msgs\n'}
[0.874824] (explore_lite_msgs) StdoutLine: {'line': b'-- Up-to-date: /workspace/install/explore_lite_msgs/include/explore_lite_msgs/explore_lite_msgs\n'}
[0.875658] (explore_lite_msgs) StdoutLine: {'line': b'-- Up-to-date: /workspace/install/explore_lite_msgs/include/explore_lite_msgs/explore_lite_msgs/msg\n'}
[0.876207] (cyclonedds) StdoutLine: {'line': b'-- Up-to-date: /workspace/install/cyclonedds/include/idlc\n'}
[0.877262] (explore_lite_msgs) StdoutLine: {'line': b'-- Up-to-date: /workspace/install/explore_lite_msgs/include/explore_lite_msgs/explore_lite_msgs/msg/explore_status.h\n'}
[0.877437] (explore_lite_msgs) StdoutLine: {'line': b'-- Up-to-date: /workspace/install/explore_lite_msgs/include/explore_lite_msgs/explore_lite_msgs/msg/rosidl_generator_c__visibility_control.h\n'}
[0.877566] (explore_lite_msgs) StdoutLine: {'line': b'-- Up-to-date: /workspace/install/explore_lite_msgs/include/explore_lite_msgs/explore_lite_msgs/msg/detail\n'}
[0.877677] (explore_lite_msgs) StdoutLine: {'line': b'-- Up-to-date: /workspace/install/explore_lite_msgs/include/explore_lite_msgs/explore_lite_msgs/msg/detail/explore_status__functions.h\n'}
[0.877792] (explore_lite_msgs) StdoutLine: {'line': b'-- Up-to-date: /workspace/install/explore_lite_msgs/include/explore_lite_msgs/explore_lite_msgs/msg/detail/explore_status__functions.c\n'}
[0.877896] (explore_lite_msgs) StdoutLine: {'line': b'-- Up-to-date: /workspace/install/explore_lite_msgs/include/explore_lite_msgs/explore_lite_msgs/msg/detail/explore_status__struct.h\n'}
[0.877990] (explore_lite_msgs) StdoutLine: {'line': b'-- Up-to-date: /workspace/install/explore_lite_msgs/include/explore_lite_msgs/explore_lite_msgs/msg/detail/explore_status__type_support.h\n'}
[0.878087] (explore_lite_msgs) StdoutLine: {'line': b'-- Up-to-date: /workspace/install/explore_lite_msgs/share/explore_lite_msgs/environment/library_path.sh\n'}
[0.878422] (explore_lite_msgs) StdoutLine: {'line': b'-- Up-to-date: /workspace/install/explore_lite_msgs/share/explore_lite_msgs/environment/library_path.dsv\n'}
[0.878599] (cyclonedds) StdoutLine: {'line': b'-- Up-to-date: /workspace/install/cyclonedds/include/idlc/generator.h\n'}
[0.878712] (cyclonedds) StdoutLine: {'line': b'-- Up-to-date: /workspace/install/cyclonedds/include/idlc/options.h\n'}
[0.878807] (explore_lite_msgs) StdoutLine: {'line': b'-- Up-to-date: /workspace/install/explore_lite_msgs/lib/libexplore_lite_msgs__rosidl_generator_c.so\n'}
[0.878983] (explore_lite_msgs) StdoutLine: {'line': b'-- Up-to-date: /workspace/install/explore_lite_msgs/include/explore_lite_msgs/explore_lite_msgs\n'}
[0.879185] (explore_lite_msgs) StdoutLine: {'line': b'-- Up-to-date: /workspace/install/explore_lite_msgs/include/explore_lite_msgs/explore_lite_msgs/msg\n'}
[0.879394] (explore_lite_msgs) StdoutLine: {'line': b'-- Up-to-date: /workspace/install/explore_lite_msgs/include/explore_lite_msgs/explore_lite_msgs/msg/rosidl_typesupport_fastrtps_c__visibility_control.h\n'}
[0.879703] (explore_lite_msgs) StdoutLine: {'line': b'-- Up-to-date: /workspace/install/explore_lite_msgs/include/explore_lite_msgs/explore_lite_msgs/msg/detail\n'}
[0.879827] (explore_lite_msgs) StdoutLine: {'line': b'-- Up-to-date: /workspace/install/explore_lite_msgs/include/explore_lite_msgs/explore_lite_msgs/msg/detail/explore_status__rosidl_typesupport_fastrtps_c.h\n'}
[0.879993] (cyclonedds) StdoutLine: {'line': b'-- Up-to-date: /workspace/install/cyclonedds/bin/idlc\n'}
[0.880205] (explore_lite_msgs) StdoutLine: {'line': b'-- Up-to-date: /workspace/install/explore_lite_msgs/lib/libexplore_lite_msgs__rosidl_typesupport_fastrtps_c.so\n'}
[0.880305] (cyclonedds) StdoutLine: {'line': b'-- Up-to-date: /workspace/install/cyclonedds/lib/cmake/CycloneDDS/idlc/Generate.cmake\n'}
[0.880397] (explore_lite_msgs) StdoutLine: {'line': b'-- Up-to-date: /workspace/install/explore_lite_msgs/include/explore_lite_msgs/explore_lite_msgs\n'}
[0.880485] (explore_lite_msgs) StdoutLine: {'line': b'-- Up-to-date: /workspace/install/explore_lite_msgs/include/explore_lite_msgs/explore_lite_msgs/msg\n'}
[0.880659] (explore_lite_msgs) StdoutLine: {'line': b'-- Up-to-date: /workspace/install/explore_lite_msgs/include/explore_lite_msgs/explore_lite_msgs/msg/rosidl_typesupport_introspection_c__visibility_control.h\n'}
[0.880789] (explore_lite_msgs) StdoutLine: {'line': b'-- Up-to-date: /workspace/install/explore_lite_msgs/include/explore_lite_msgs/explore_lite_msgs/msg/detail\n'}
[0.881108] (explore_lite_msgs) StdoutLine: {'line': b'-- Up-to-date: /workspace/install/explore_lite_msgs/include/explore_lite_msgs/explore_lite_msgs/msg/detail/explore_status__rosidl_typesupport_introspection_c.h\n'}
[0.881261] (explore_lite_msgs) StdoutLine: {'line': b'-- Up-to-date: /workspace/install/explore_lite_msgs/include/explore_lite_msgs/explore_lite_msgs/msg/detail/explore_status__type_support.c\n'}
[0.881400] (explore_lite_msgs) StdoutLine: {'line': b'-- Up-to-date: /workspace/install/explore_lite_msgs/lib/libexplore_lite_msgs__rosidl_typesupport_introspection_c.so\n'}
[0.881618] (explore_lite_msgs) StdoutLine: {'line': b'-- Up-to-date: /workspace/install/explore_lite_msgs/lib/libexplore_lite_msgs__rosidl_typesupport_c.so\n'}
[0.881830] (explore_lite_msgs) StdoutLine: {'line': b'-- Up-to-date: /workspace/install/explore_lite_msgs/include/explore_lite_msgs/explore_lite_msgs\n'}
[0.881922] (explore_lite_msgs) StdoutLine: {'line': b'-- Up-to-date: /workspace/install/explore_lite_msgs/include/explore_lite_msgs/explore_lite_msgs/msg\n'}
[0.882285] (explore_lite_msgs) StdoutLine: {'line': b'-- Up-to-date: /workspace/install/explore_lite_msgs/include/explore_lite_msgs/explore_lite_msgs/msg/explore_status.hpp\n'}
[0.882870] (explore_lite_msgs) StdoutLine: {'line': b'-- Up-to-date: /workspace/install/explore_lite_msgs/include/explore_lite_msgs/explore_lite_msgs/msg/detail\n'}
[0.883116] (explore_lite_msgs) StdoutLine: {'line': b'-- Up-to-date: /workspace/install/explore_lite_msgs/include/explore_lite_msgs/explore_lite_msgs/msg/detail/explore_status__traits.hpp\n'}
[0.883214] (explore_lite_msgs) StdoutLine: {'line': b'-- Up-to-date: /workspace/install/explore_lite_msgs/include/explore_lite_msgs/explore_lite_msgs/msg/detail/explore_status__builder.hpp\n'}
[0.883306] (explore_lite_msgs) StdoutLine: {'line': b'-- Up-to-date: /workspace/install/explore_lite_msgs/include/explore_lite_msgs/explore_lite_msgs/msg/detail/explore_status__struct.hpp\n'}
[0.883393] (explore_lite_msgs) StdoutLine: {'line': b'-- Up-to-date: /workspace/install/explore_lite_msgs/include/explore_lite_msgs/explore_lite_msgs/msg/detail/explore_status__type_support.hpp\n'}
[0.883555] (explore_lite_msgs) StdoutLine: {'line': b'-- Up-to-date: /workspace/install/explore_lite_msgs/include/explore_lite_msgs/explore_lite_msgs/msg/rosidl_generator_cpp__visibility_control.hpp\n'}
[0.883707] (explore_lite_msgs) StdoutLine: {'line': b'-- Up-to-date: /workspace/install/explore_lite_msgs/include/explore_lite_msgs/explore_lite_msgs\n'}
[0.883857] (explore_lite_msgs) StdoutLine: {'line': b'-- Up-to-date: /workspace/install/explore_lite_msgs/include/explore_lite_msgs/explore_lite_msgs/msg\n'}
[0.883951] (explore_lite_msgs) StdoutLine: {'line': b'-- Up-to-date: /workspace/install/explore_lite_msgs/include/explore_lite_msgs/explore_lite_msgs/msg/rosidl_typesupport_fastrtps_cpp__visibility_control.h\n'}
[0.884041] (explore_lite_msgs) StdoutLine: {'line': b'-- Up-to-date: /workspace/install/explore_lite_msgs/include/explore_lite_msgs/explore_lite_msgs/msg/detail\n'}
[0.884127] (cyclonedds) StdoutLine: {'line': b'-- Up-to-date: /workspace/install/cyclonedds/bin/ddsperf\n'}
[0.884221] (cyclonedds) StdoutLine: {'line': b'-- Up-to-date: /workspace/install/cyclonedds/include\n'}
[0.884309] (cyclonedds) StdoutLine: {'line': b'-- Up-to-date: /workspace/install/cyclonedds/include/dds\n'}
[0.884396] (explore_lite_msgs) StdoutLine: {'line': b'-- Up-to-date: /workspace/install/explore_lite_msgs/include/explore_lite_msgs/explore_lite_msgs/msg/detail/explore_status__rosidl_typesupport_fastrtps_cpp.hpp\n'}
[0.884520] (explore_lite_msgs) StdoutLine: {'line': b'-- Up-to-date: /workspace/install/explore_lite_msgs/include/explore_lite_msgs/explore_lite_msgs/msg/detail/dds_fastrtps\n'}
[0.884609] (cyclonedds) StdoutLine: {'line': b'-- Up-to-date: /workspace/install/cyclonedds/include/dds/ddsrt\n'}
[0.884776] (cyclonedds) StdoutLine: {'line': b'-- Up-to-date: /workspace/install/cyclonedds/include/dds/ddsrt/threads\n'}
[0.884944] (explore_lite_msgs) StdoutLine: {'line': b'-- Up-to-date: /workspace/install/explore_lite_msgs/lib/libexplore_lite_msgs__rosidl_typesupport_fastrtps_cpp.so\n'}
[0.885114] (cyclonedds) StdoutLine: {'line': b'-- Up-to-date: /workspace/install/cyclonedds/include/dds/ddsrt/threads/windows.h\n'}
[0.885269] (cyclonedds) StdoutLine: {'line': b'-- Up-to-date: /workspace/install/cyclonedds/include/dds/ddsrt/threads/posix.h\n'}
[0.885420] (explore_lite_msgs) StdoutLine: {'line': b'-- Up-to-date: /workspace/install/explore_lite_msgs/include/explore_lite_msgs/explore_lite_msgs\n'}
[0.885538] (cyclonedds) StdoutLine: {'line': b'-- Up-to-date: /workspace/install/cyclonedds/include/dds/ddsrt/threads/freertos.h\n'}
[0.885630] (cyclonedds) StdoutLine: {'line': b'-- Up-to-date: /workspace/install/cyclonedds/include/dds/ddsrt/iovec.h\n'}
[0.885718] (cyclonedds) StdoutLine: {'line': b'-- Up-to-date: /workspace/install/cyclonedds/include/dds/ddsrt/xmlparser.h\n'}
[0.885805] (cyclonedds) StdoutLine: {'line': b'-- Up-to-date: /workspace/install/cyclonedds/include/dds/ddsrt/io.h\n'}
[0.885890] (cyclonedds) StdoutLine: {'line': b'-- Up-to-date: /workspace/install/cyclonedds/include/dds/ddsrt/sockets.h\n'}
[0.885975] (cyclonedds) StdoutLine: {'line': b'-- Up-to-date: /workspace/install/cyclonedds/include/dds/ddsrt/expand_vars.h\n'}
[0.886061] (cyclonedds) StdoutLine: {'line': b'-- Up-to-date: /workspace/install/cyclonedds/include/dds/ddsrt/arch.h\n'}
[0.886144] (cyclonedds) StdoutLine: {'line': b'-- Up-to-date: /workspace/install/cyclonedds/include/dds/ddsrt/log.h\n'}
[0.886226] (cyclonedds) StdoutLine: {'line': b'-- Up-to-date: /workspace/install/cyclonedds/include/dds/ddsrt/misc.h\n'}
[0.886310] (explore_lite_msgs) StdoutLine: {'line': b'-- Up-to-date: /workspace/install/explore_lite_msgs/include/explore_lite_msgs/explore_lite_msgs/msg\n'}
[0.886402] (cyclonedds) StdoutLine: {'line': b'-- Up-to-date: /workspace/install/cyclonedds/include/dds/ddsrt/sched.h\n'}
[0.886489] (cyclonedds) StdoutLine: {'line': b'-- Up-to-date: /workspace/install/cyclonedds/include/dds/ddsrt/process.h\n'}
[0.886634] (cyclonedds) StdoutLine: {'line': b'-- Up-to-date: /workspace/install/cyclonedds/include/dds/ddsrt/sockets\n'}
[0.886757] (explore_lite_msgs) StdoutLine: {'line': b'-- Up-to-date: /workspace/install/explore_lite_msgs/include/explore_lite_msgs/explore_lite_msgs/msg/detail\n'}
[0.886872] (explore_lite_msgs) StdoutLine: {'line': b'-- Up-to-date: /workspace/install/explore_lite_msgs/include/explore_lite_msgs/explore_lite_msgs/msg/detail/explore_status__rosidl_typesupport_introspection_cpp.hpp\n'}
[0.886991] (explore_lite_msgs) StdoutLine: {'line': b'-- Up-to-date: /workspace/install/explore_lite_msgs/include/explore_lite_msgs/explore_lite_msgs/msg/detail/explore_status__type_support.cpp\n'}
[0.887084] (cyclonedds) StdoutLine: {'line': b'-- Up-to-date: /workspace/install/cyclonedds/include/dds/ddsrt/sockets/windows.h\n'}
[0.887173] (cyclonedds) StdoutLine: {'line': b'-- Up-to-date: /workspace/install/cyclonedds/include/dds/ddsrt/sockets/posix.h\n'}
[0.887259] (cyclonedds) StdoutLine: {'line': b'-- Up-to-date: /workspace/install/cyclonedds/include/dds/ddsrt/attributes.h\n'}
[0.887346] (cyclonedds) StdoutLine: {'line': b'-- Up-to-date: /workspace/install/cyclonedds/include/dds/ddsrt/time.h\n'}
[0.887432] (cyclonedds) StdoutLine: {'line': b'-- Up-to-date: /workspace/install/cyclonedds/include/dds/ddsrt/cdtors.h\n'}
[0.887517] (cyclonedds) StdoutLine: {'line': b'-- Up-to-date: /workspace/install/cyclonedds/include/dds/ddsrt/countargs.h\n'}
[0.887602] (cyclonedds) StdoutLine: {'line': b'-- Up-to-date: /workspace/install/cyclonedds/include/dds/ddsrt/sync.h\n'}
[0.887749] (cyclonedds) StdoutLine: {'line': b'-- Up-to-date: /workspace/install/cyclonedds/include/dds/ddsrt/netstat.h\n'}
[0.887868] (cyclonedds) StdoutLine: {'line': b'-- Up-to-date: /workspace/install/cyclonedds/include/dds/ddsrt/mh3.h\n'}
[0.887957] (cyclonedds) StdoutLine: {'line': b'-- Up-to-date: /workspace/install/cyclonedds/include/dds/ddsrt/time\n'}
[0.888086] (explore_lite_msgs) StdoutLine: {'line': b'-- Up-to-date: /workspace/install/explore_lite_msgs/lib/libexplore_lite_msgs__rosidl_typesupport_introspection_cpp.so\n'}
[0.888261] (explore_lite_msgs) StdoutLine: {'line': b'-- Up-to-date: /workspace/install/explore_lite_msgs/lib/libexplore_lite_msgs__rosidl_typesupport_cpp.so\n'}
[0.888357] (cyclonedds) StdoutLine: {'line': b'-- Up-to-date: /workspace/install/cyclonedds/include/dds/ddsrt/time/freertos.h\n'}
[0.888444] (cyclonedds) StdoutLine: {'line': b'-- Up-to-date: /workspace/install/cyclonedds/include/dds/ddsrt/filesystem\n'}
[0.888531] (explore_lite_msgs) StdoutLine: {'line': b'-- Up-to-date: /workspace/install/explore_lite_msgs/share/explore_lite_msgs/environment/pythonpath.sh\n'}
[0.888619] (cyclonedds) StdoutLine: {'line': b'-- Up-to-date: /workspace/install/cyclonedds/include/dds/ddsrt/filesystem/windows.h\n'}
[0.888741] (cyclonedds) StdoutLine: {'line': b'-- Up-to-date: /workspace/install/cyclonedds/include/dds/ddsrt/filesystem/posix.h\n'}
[0.888830] (explore_lite_msgs) StdoutLine: {'line': b'-- Up-to-date: /workspace/install/explore_lite_msgs/share/explore_lite_msgs/environment/pythonpath.dsv\n'}
[0.888917] (cyclonedds) StdoutLine: {'line': b'-- Up-to-date: /workspace/install/cyclonedds/include/dds/ddsrt/strtod.h\n'}
[0.889003] (cyclonedds) StdoutLine: {'line': b'-- Up-to-date: /workspace/install/cyclonedds/include/dds/ddsrt/fibheap.h\n'}
[0.889086] (cyclonedds) StdoutLine: {'line': b'-- Up-to-date: /workspace/install/cyclonedds/include/dds/ddsrt/md5.h\n'}
[0.889171] (explore_lite_msgs) StdoutLine: {'line': b'-- Up-to-date: /workspace/install/explore_lite_msgs/local/lib/python3.10/dist-packages/explore_lite_msgs-1.0.0-py3.10.egg-info\n'}
[0.889303] (explore_lite_msgs) StdoutLine: {'line': b'-- Installing: /workspace/install/explore_lite_msgs/local/lib/python3.10/dist-packages/explore_lite_msgs-1.0.0-py3.10.egg-info/dependency_links.txt\n'}
[0.889467] (cyclonedds) StdoutLine: {'line': b'-- Up-to-date: /workspace/install/cyclonedds/include/dds/ddsrt/avl.h\n'}
[0.889578] (cyclonedds) StdoutLine: {'line': b'-- Up-to-date: /workspace/install/cyclonedds/include/dds/ddsrt/atomics.h\n'}
[0.889666] (cyclonedds) StdoutLine: {'line': b'-- Up-to-date: /workspace/install/cyclonedds/include/dds/ddsrt/environ.h\n'}
[0.889751] (cyclonedds) StdoutLine: {'line': b'-- Up-to-date: /workspace/install/cyclonedds/include/dds/ddsrt/retcode.h\n'}
[0.889835] (cyclonedds) StdoutLine: {'line': b'-- Up-to-date: /workspace/install/cyclonedds/include/dds/ddsrt/filesystem.h\n'}
[0.889951] (cyclonedds) StdoutLine: {'line': b'-- Up-to-date: /workspace/install/cyclonedds/include/dds/ddsrt/sync\n'}
[0.890038] (explore_lite_msgs) StdoutLine: {'line': b'-- Installing: /workspace/install/explore_lite_msgs/local/lib/python3.10/dist-packages/explore_lite_msgs-1.0.0-py3.10.egg-info/top_level.txt\n'}
[0.890126] (cyclonedds) StdoutLine: {'line': b'-- Up-to-date: /workspace/install/cyclonedds/include/dds/ddsrt/sync/windows.h\n'}
[0.890212] (explore_lite_msgs) StdoutLine: {'line': b'-- Installing: /workspace/install/explore_lite_msgs/local/lib/python3.10/dist-packages/explore_lite_msgs-1.0.0-py3.10.egg-info/PKG-INFO\n'}
[0.890298] (cyclonedds) StdoutLine: {'line': b'-- Up-to-date: /workspace/install/cyclonedds/include/dds/ddsrt/sync/posix.h\n'}
[0.890383] (cyclonedds) StdoutLine: {'line': b'-- Up-to-date: /workspace/install/cyclonedds/include/dds/ddsrt/sync/freertos.h\n'}
[0.890466] (cyclonedds) StdoutLine: {'line': b'-- Up-to-date: /workspace/install/cyclonedds/include/dds/ddsrt/circlist.h\n'}
[0.890548] (cyclonedds) StdoutLine: {'line': b'-- Up-to-date: /workspace/install/cyclonedds/include/dds/ddsrt/types.h\n'}
[0.890657] (cyclonedds) StdoutLine: {'line': b'-- Up-to-date: /workspace/install/cyclonedds/include/dds/ddsrt/random.h\n'}
[0.890761] (cyclonedds) StdoutLine: {'line': b'-- Up-to-date: /workspace/install/cyclonedds/include/dds/ddsrt/hopscotch.h\n'}
[0.890847] (explore_lite_msgs) StdoutLine: {'line': b'-- Installing: /workspace/install/explore_lite_msgs/local/lib/python3.10/dist-packages/explore_lite_msgs-1.0.0-py3.10.egg-info/SOURCES.txt\n'}
[0.890961] (cyclonedds) StdoutLine: {'line': b'-- Up-to-date: /workspace/install/cyclonedds/include/dds/ddsrt/endian.h\n'}
[0.891048] (cyclonedds) StdoutLine: {'line': b'-- Up-to-date: /workspace/install/cyclonedds/include/dds/ddsrt/atomics\n'}
[0.891131] (explore_lite_msgs) StdoutLine: {'line': b'-- Up-to-date: /workspace/install/explore_lite_msgs/local/lib/python3.10/dist-packages/explore_lite_msgs\n'}
[0.891215] (cyclonedds) StdoutLine: {'line': b'-- Up-to-date: /workspace/install/cyclonedds/include/dds/ddsrt/atomics/gcc.h\n'}
[0.891301] (cyclonedds) StdoutLine: {'line': b'-- Up-to-date: /workspace/install/cyclonedds/include/dds/ddsrt/atomics/sun.h\n'}
[0.891425] (cyclonedds) StdoutLine: {'line': b'-- Up-to-date: /workspace/install/cyclonedds/include/dds/ddsrt/atomics/arm.h\n'}
[0.891514] (cyclonedds) StdoutLine: {'line': b'-- Up-to-date: /workspace/install/cyclonedds/include/dds/ddsrt/atomics/msvc.h\n'}
[0.891599] (cyclonedds) StdoutLine: {'line': b'-- Up-to-date: /workspace/install/cyclonedds/include/dds/ddsrt/threads.h\n'}
[0.891683] (cyclonedds) StdoutLine: {'line': b'-- Up-to-date: /workspace/install/cyclonedds/include/dds/ddsrt/types\n'}
[0.891767] (explore_lite_msgs) StdoutLine: {'line': b'-- Up-to-date: /workspace/install/explore_lite_msgs/local/lib/python3.10/dist-packages/explore_lite_msgs/libexplore_lite_msgs__rosidl_generator_py.so\n'}
[0.891855] (explore_lite_msgs) StdoutLine: {'line': b'-- Up-to-date: /workspace/install/explore_lite_msgs/local/lib/python3.10/dist-packages/explore_lite_msgs/_explore_lite_msgs_s.ep.rosidl_typesupport_fastrtps_c.c\n'}
[0.891942] (explore_lite_msgs) StdoutLine: {'line': b'-- Up-to-date: /workspace/install/explore_lite_msgs/local/lib/python3.10/dist-packages/explore_lite_msgs/explore_lite_msgs_s__rosidl_typesupport_fastrtps_c.cpython-310-aarch64-linux-gnu.so\n'}
[0.892031] (explore_lite_msgs) StdoutLine: {'line': b'-- Up-to-date: /workspace/install/explore_lite_msgs/local/lib/python3.10/dist-packages/explore_lite_msgs/_explore_lite_msgs_s.ep.rosidl_typesupport_introspection_c.c\n'}
[0.892118] (explore_lite_msgs) StdoutLine: {'line': b'-- Up-to-date: /workspace/install/explore_lite_msgs/local/lib/python3.10/dist-packages/explore_lite_msgs/__init__.py\n'}
[0.892203] (explore_lite_msgs) StdoutLine: {'line': b'-- Up-to-date: /workspace/install/explore_lite_msgs/local/lib/python3.10/dist-packages/explore_lite_msgs/explore_lite_msgs_s__rosidl_typesupport_c.cpython-310-aarch64-linux-gnu.so\n'}
[0.892290] (explore_lite_msgs) StdoutLine: {'line': b'-- Up-to-date: /workspace/install/explore_lite_msgs/local/lib/python3.10/dist-packages/explore_lite_msgs/_explore_lite_msgs_s.ep.rosidl_typesupport_c.c\n'}
[0.892376] (cyclonedds) StdoutLine: {'line': b'-- Up-to-date: /workspace/install/cyclonedds/include/dds/ddsrt/types/windows.h\n'}
[0.892460] (explore_lite_msgs) StdoutLine: {'line': b'-- Up-to-date: /workspace/install/explore_lite_msgs/local/lib/python3.10/dist-packages/explore_lite_msgs/msg\n'}
[0.892547] (cyclonedds) StdoutLine: {'line': b'-- Up-to-date: /workspace/install/cyclonedds/include/dds/ddsrt/types/posix.h\n'}
[0.892631] (cyclonedds) StdoutLine: {'line': b'-- Up-to-date: /workspace/install/cyclonedds/include/dds/ddsrt/types/vxworks.h\n'}
[0.892715] (cyclonedds) StdoutLine: {'line': b'-- Up-to-date: /workspace/install/cyclonedds/include/dds/ddsrt/string.h\n'}
[0.892833] (cyclonedds) StdoutLine: {'line': b'-- Up-to-date: /workspace/install/cyclonedds/include/dds/ddsrt/strtol.h\n'}
[0.892920] (cyclonedds) StdoutLine: {'line': b'-- Up-to-date: /workspace/install/cyclonedds/include/dds/ddsrt/heap.h\n'}
[0.893005] (cyclonedds) StdoutLine: {'line': b'-- Up-to-date: /workspace/install/cyclonedds/include/dds/ddsrt/rusage.h\n'}
[0.893103] (cyclonedds) StdoutLine: {'line': b'-- Up-to-date: /workspace/install/cyclonedds/include/dds/ddsrt/ifaddrs.h\n'}
[0.893188] (explore_lite_msgs) StdoutLine: {'line': b'-- Up-to-date: /workspace/install/explore_lite_msgs/local/lib/python3.10/dist-packages/explore_lite_msgs/msg/_explore_status.py\n'}
[0.893273] (explore_lite_msgs) StdoutLine: {'line': b'-- Up-to-date: /workspace/install/explore_lite_msgs/local/lib/python3.10/dist-packages/explore_lite_msgs/msg/__init__.py\n'}
[0.893357] (explore_lite_msgs) StdoutLine: {'line': b'-- Up-to-date: /workspace/install/explore_lite_msgs/local/lib/python3.10/dist-packages/explore_lite_msgs/msg/_explore_status_s.c\n'}
[0.893440] (explore_lite_msgs) StdoutLine: {'line': b'-- Up-to-date: /workspace/install/explore_lite_msgs/local/lib/python3.10/dist-packages/explore_lite_msgs/explore_lite_msgs_s__rosidl_typesupport_introspection_c.cpython-310-aarch64-linux-gnu.so\n'}
[0.893526] (cyclonedds) StdoutLine: {'line': b'-- Up-to-date: /workspace/install/cyclonedds/include/dds/ddsrt/bswap.h\n'}
[0.893610] (cyclonedds) StdoutLine: {'line': b'-- Up-to-date: /workspace/install/cyclonedds/include/dds/ddsrt/static_assert.h\n'}
[0.893693] (cyclonedds) StdoutLine: {'line': b'-- Up-to-date: /workspace/install/cyclonedds/include/dds/ddsrt/align.h\n'}
[0.893776] (cyclonedds) StdoutLine: {'line': b'-- Up-to-date: /workspace/install/cyclonedds/include/dds/ddsrt/dynlib.h\n'}
[0.893860] (cyclonedds) StdoutLine: {'line': b'-- Up-to-date: /workspace/install/cyclonedds/include\n'}
[0.893944] (cyclonedds) StdoutLine: {'line': b'-- Up-to-date: /workspace/install/cyclonedds/include/dds\n'}
[0.894027] (cyclonedds) StdoutLine: {'line': b'-- Up-to-date: /workspace/install/cyclonedds/include/dds/config.h\n'}
[0.894143] (cyclonedds) StdoutLine: {'line': b'-- Up-to-date: /workspace/install/cyclonedds/include/dds/features.h\n'}
[0.894228] (cyclonedds) StdoutLine: {'line': b'-- Up-to-date: /workspace/install/cyclonedds/include/dds/version.h\n'}
[0.894313] (cyclonedds) StdoutLine: {'line': b'-- Up-to-date: /workspace/install/cyclonedds/include/idl\n'}
[0.894396] (cyclonedds) StdoutLine: {'line': b'-- Up-to-date: /workspace/install/cyclonedds/include/idl/file.h\n'}
[0.894494] (cyclonedds) StdoutLine: {'line': b'-- Up-to-date: /workspace/install/cyclonedds/include/idl/visit.h\n'}
[0.894598] (cyclonedds) StdoutLine: {'line': b'-- Up-to-date: /workspace/install/cyclonedds/include/idl/stream.h\n'}
[0.894693] (cyclonedds) StdoutLine: {'line': b'-- Up-to-date: /workspace/install/cyclonedds/include/idl/retcode.h\n'}
[0.894779] (cyclonedds) StdoutLine: {'line': b'-- Up-to-date: /workspace/install/cyclonedds/include/idl/processor.h\n'}
[0.894903] (cyclonedds) StdoutLine: {'line': b'-- Up-to-date: /workspace/install/cyclonedds/include/idl/scope.h\n'}
[0.895036] (cyclonedds) StdoutLine: {'line': b'-- Up-to-date: /workspace/install/cyclonedds/include/idl/string.h\n'}
[0.895123] (cyclonedds) StdoutLine: {'line': b'-- Up-to-date: /workspace/install/cyclonedds/include/idl/tree.h\n'}
[0.895208] (cyclonedds) StdoutLine: {'line': b'-- Up-to-date: /workspace/install/cyclonedds/include/idl/symbol.h\n'}
[0.895353] (cyclonedds) StdoutLine: {'line': b'-- Up-to-date: /workspace/install/cyclonedds/include/idl/expression.h\n'}
[0.895516] (cyclonedds) StdoutLine: {'line': b'-- Up-to-date: /workspace/install/cyclonedds/include/idl/print.h\n'}
[0.895678] (cyclonedds) StdoutLine: {'line': b'-- Up-to-date: /workspace/install/cyclonedds/include/idl\n'}
[0.895853] (cyclonedds) StdoutLine: {'line': b'-- Up-to-date: /workspace/install/cyclonedds/include/idl/misc.h\n'}
[0.896031] (cyclonedds) StdoutLine: {'line': b'-- Up-to-date: /workspace/install/cyclonedds/include/idl/attributes.h\n'}
[0.896201] (cyclonedds) StdoutLine: {'line': b'-- Up-to-date: /workspace/install/cyclonedds/include/idl/md5.h\n'}
[0.896369] (cyclonedds) StdoutLine: {'line': b'-- Up-to-date: /workspace/install/cyclonedds/include/idl/version.h\n'}
[0.896547] (cyclonedds) StdoutLine: {'line': b'-- Up-to-date: /workspace/install/cyclonedds/include/idl/endian.h\n'}
[0.896701] (cyclonedds) StdoutLine: {'line': b'-- Up-to-date: /workspace/install/cyclonedds/include/idl/export.h\n'}
[0.896881] (cyclonedds) StdoutLine: {'line': b'-- Up-to-date: /workspace/install/cyclonedds/lib/libcycloneddsidl.so.0.10.2\n'}
[0.897057] (cyclonedds) StdoutLine: {'line': b'-- Up-to-date: /workspace/install/cyclonedds/lib/libcycloneddsidl.so.0\n'}
[0.897221] (cyclonedds) StdoutLine: {'line': b'-- Up-to-date: /workspace/install/cyclonedds/lib/libcycloneddsidl.so\n'}
[0.897405] (cyclonedds) StdoutLine: {'line': b'-- Up-to-date: /workspace/install/cyclonedds/include\n'}
[0.897566] (cyclonedds) StdoutLine: {'line': b'-- Up-to-date: /workspace/install/cyclonedds/include/dds\n'}
[0.897738] (cyclonedds) StdoutLine: {'line': b'-- Up-to-date: /workspace/install/cyclonedds/include/dds/security\n'}
[0.897900] (cyclonedds) StdoutLine: {'line': b'-- Up-to-date: /workspace/install/cyclonedds/include/dds/security/dds_security_api_types.h\n'}
[0.898174] (cyclonedds) StdoutLine: {'line': b'-- Up-to-date: /workspace/install/cyclonedds/include/dds/security/dds_security_api_err.h\n'}
[0.898383] (cyclonedds) StdoutLine: {'line': b'-- Up-to-date: /workspace/install/cyclonedds/include/dds/security/dds_security_api_access_control.h\n'}
[0.898602] (cyclonedds) StdoutLine: {'line': b'-- Up-to-date: /workspace/install/cyclonedds/include/dds/security/dds_security_api_defs.h\n'}
[0.898867] (cyclonedds) StdoutLine: {'line': b'-- Up-to-date: /workspace/install/cyclonedds/include/dds/security/dds_security_api.h\n'}
[0.899004] (cyclonedds) StdoutLine: {'line': b'-- Up-to-date: /workspace/install/cyclonedds/include/dds/security/dds_security_api_authentication.h\n'}
[0.899126] (cyclonedds) StdoutLine: {'line': b'-- Up-to-date: /workspace/install/cyclonedds/include/dds/security/dds_security_api_cryptography.h\n'}
[0.899242] (cyclonedds) StdoutLine: {'line': b'-- Up-to-date: /workspace/install/cyclonedds/include/dds/security/core/\n'}
[0.899338] (cyclonedds) StdoutLine: {'line': b'-- Up-to-date: /workspace/install/cyclonedds/include/dds/security/core//dds_security_fsm.h\n'}
[0.899427] (cyclonedds) StdoutLine: {'line': b'-- Up-to-date: /workspace/install/cyclonedds/include/dds/security/core//dds_security_types.h\n'}
[0.899561] (cyclonedds) StdoutLine: {'line': b'-- Up-to-date: /workspace/install/cyclonedds/include/dds/security/core//dds_security_serialize.h\n'}
[0.899673] (cyclonedds) StdoutLine: {'line': b'-- Up-to-date: /workspace/install/cyclonedds/include/dds/security/core//dds_security_timed_cb.h\n'}
[0.899762] (cyclonedds) StdoutLine: {'line': b'-- Up-to-date: /workspace/install/cyclonedds/include/dds/security/core//shared_secret.h\n'}
[0.899890] (cyclonedds) StdoutLine: {'line': b'-- Up-to-date: /workspace/install/cyclonedds/include/dds/security/core//dds_security_utils.h\n'}
[0.900060] (cyclonedds) StdoutLine: {'line': b'-- Up-to-date: /workspace/install/cyclonedds/include/dds/security/core//dds_security_plugins.h\n'}
[0.900223] (cyclonedds) StdoutLine: {'line': b'-- Up-to-date: /workspace/install/cyclonedds/lib/libdds_security_ac.so\n'}
[0.900403] (cyclonedds) StdoutLine: {'line': b'-- Up-to-date: /workspace/install/cyclonedds/lib/libdds_security_auth.so\n'}
[0.900531] (cyclonedds) StdoutLine: {'line': b'-- Up-to-date: /workspace/install/cyclonedds/lib/libdds_security_crypto.so\n'}
[0.900621] (cyclonedds) StdoutLine: {'line': b'-- Up-to-date: /workspace/install/cyclonedds/include\n'}
[0.900706] (cyclonedds) StdoutLine: {'line': b'-- Up-to-date: /workspace/install/cyclonedds/include/dds\n'}
[0.900790] (cyclonedds) StdoutLine: {'line': b'-- Up-to-date: /workspace/install/cyclonedds/include/dds/ddsi\n'}
[0.900876] (cyclonedds) StdoutLine: {'line': b'-- Up-to-date: /workspace/install/cyclonedds/include/dds/ddsi/ddsi_guid.h\n'}
[0.900961] (cyclonedds) StdoutLine: {'line': b'-- Up-to-date: /workspace/install/cyclonedds/include/dds/ddsi/q_misc.h\n'}
[0.901046] (cyclonedds) StdoutLine: {'line': b'-- Up-to-date: /workspace/install/cyclonedds/include/dds/ddsi/ddsi_proxy_participant.h\n'}
[0.901132] (cyclonedds) StdoutLine: {'line': b'-- Up-to-date: /workspace/install/cyclonedds/include/dds/ddsi/ddsi_entity.h\n'}
[0.901234] (cyclonedds) StdoutLine: {'line': b'-- Up-to-date: /workspace/install/cyclonedds/include/dds/ddsi/ddsi_xt_impl.h\n'}
[0.901331] (cyclonedds) StdoutLine: {'line': b'-- Up-to-date: /workspace/install/cyclonedds/include/dds/ddsi/q_xevent.h\n'}
[0.901418] (cyclonedds) StdoutLine: {'line': b'-- Up-to-date: /workspace/install/cyclonedds/include/dds/ddsi/ddsi_ownip.h\n'}
[0.901502] (cyclonedds) StdoutLine: {'line': b'-- Up-to-date: /workspace/install/cyclonedds/include/dds/ddsi/ddsi_vnet.h\n'}
[0.901586] (cyclonedds) StdoutLine: {'line': b'-- Up-to-date: /workspace/install/cyclonedds/include/dds/ddsi/q_debmon.h\n'}
[0.901670] (cyclonedds) StdoutLine: {'line': b'-- Up-to-date: /workspace/install/cyclonedds/include/dds/ddsi/ddsi_entity_match.h\n'}
[0.901754] (cyclonedds) StdoutLine: {'line': b'-- Up-to-date: /workspace/install/cyclonedds/include/dds/ddsi/ddsi_security_msg.h\n'}
[0.901838] (cyclonedds) StdoutLine: {'line': b'-- Up-to-date: /workspace/install/cyclonedds/include/dds/ddsi/ddsi_typelib.h\n'}
[0.901921] (cyclonedds) StdoutLine: {'line': b'-- Up-to-date: /workspace/install/cyclonedds/include/dds/ddsi/ddsi_tcp.h\n'}
[0.902004] (cyclonedds) StdoutLine: {'line': b'-- Up-to-date: /workspace/install/cyclonedds/include/dds/ddsi/ddsi_statistics.h\n'}
[0.902086] (cyclonedds) StdoutLine: {'line': b'-- Up-to-date: /workspace/install/cyclonedds/include/dds/ddsi/ddsi_endpoint.h\n'}
[0.902168] (cyclonedds) StdoutLine: {'line': b'-- Up-to-date: /workspace/install/cyclonedds/include/dds/ddsi/ddsi_vendor.h\n'}
[0.902250] (cyclonedds) StdoutLine: {'line': b'-- Up-to-date: /workspace/install/cyclonedds/include/dds/ddsi/q_inverse_uint32_set.h\n'}
[0.902332] (cyclonedds) StdoutLine: {'line': b'-- Up-to-date: /workspace/install/cyclonedds/include/dds/ddsi/q_qosmatch.h\n'}
[0.902415] (cyclonedds) StdoutLine: {'line': b'-- Up-to-date: /workspace/install/cyclonedds/include/dds/ddsi/ddsi_proxy_endpoint.h\n'}
[0.902498] (cyclonedds) StdoutLine: {'line': b'-- Up-to-date: /workspace/install/cyclonedds/include/dds/ddsi/ddsi_plist_generic.h\n'}
[0.902599] (cyclonedds) StdoutLine: {'line': b'-- Up-to-date: /workspace/install/cyclonedds/include/dds/ddsi/q_log.h\n'}
[0.902694] (cyclonedds) StdoutLine: {'line': b'-- Up-to-date: /workspace/install/cyclonedds/include/dds/ddsi/ddsi_list_tmpl.h\n'}
[0.902778] (cyclonedds) StdoutLine: {'line': b'-- Up-to-date: /workspace/install/cyclonedds/include/dds/ddsi/ddsi_locator.h\n'}
[0.902861] (cyclonedds) StdoutLine: {'line': b'-- Up-to-date: /workspace/install/cyclonedds/include/dds/ddsi/ddsi_xt_typeinfo.h\n'}
[0.902944] (cyclonedds) StdoutLine: {'line': b'-- Up-to-date: /workspace/install/cyclonedds/include/dds/ddsi/ddsi_typebuilder.h\n'}
[0.903028] (cyclonedds) StdoutLine: {'line': b'-- Up-to-date: /workspace/install/cyclonedds/include/dds/ddsi/q_radmin.h\n'}
[0.903112] (cyclonedds) StdoutLine: {'line': b'-- Up-to-date: /workspace/install/cyclonedds/include/dds/ddsi/ddsi_lifespan.h\n'}
[0.903195] (cyclonedds) StdoutLine: {'line': b'-- Up-to-date: /workspace/install/cyclonedds/include/dds/ddsi/q_freelist.h\n'}
[0.903276] (cyclonedds) StdoutLine: {'line': b'-- Up-to-date: /workspace/install/cyclonedds/include/dds/ddsi/ddsi_sertype.h\n'}
[0.903359] (-) TimerEvent: {}
[0.903600] (cyclonedds) StdoutLine: {'line': b'-- Up-to-date: /workspace/install/cyclonedds/include/dds/ddsi/q_rtps.h\n'}
[0.903714] (cyclonedds) StdoutLine: {'line': b'-- Up-to-date: /workspace/install/cyclonedds/include/dds/ddsi/ddsi_xt_typelookup.h\n'}
[0.903837] (cyclonedds) StdoutLine: {'line': b'-- Up-to-date: /workspace/install/cyclonedds/include/dds/ddsi/q_protocol.h\n'}
[0.903927] (cyclonedds) StdoutLine: {'line': b'-- Up-to-date: /workspace/install/cyclonedds/include/dds/ddsi/ddsi_builtin_topic_if.h\n'}
[0.904014] (cyclonedds) StdoutLine: {'line': b'-- Up-to-date: /workspace/install/cyclonedds/include/dds/ddsi/ddsi_pmd.h\n'}
[0.904100] (cyclonedds) StdoutLine: {'line': b'-- Up-to-date: /workspace/install/cyclonedds/include/dds/ddsi/ddsi_domaingv.h\n'}
[0.904196] (cyclonedds) StdoutLine: {'line': b'-- Up-to-date: /workspace/install/cyclonedds/include/dds/ddsi/ddsi_config_impl.h\n'}
[0.904281] (cyclonedds) StdoutLine: {'line': b'-- Up-to-date: /workspace/install/cyclonedds/include/dds/ddsi/ddsi_serdata.h\n'}
[0.904367] (cyclonedds) StdoutLine: {'line': b'-- Up-to-date: /workspace/install/cyclonedds/include/dds/ddsi/q_lat_estim.h\n'}
[0.904452] (cyclonedds) StdoutLine: {'line': b'-- Up-to-date: /workspace/install/cyclonedds/include/dds/ddsi/ddsi_security_exchange.h\n'}
[0.904536] (cyclonedds) StdoutLine: {'line': b'-- Up-to-date: /workspace/install/cyclonedds/include/dds/ddsi/ddsi_participant.h\n'}
[0.904620] (cyclonedds) StdoutLine: {'line': b'-- Up-to-date: /workspace/install/cyclonedds/include/dds/ddsi/ddsi_xt_typelookup.idl\n'}
[0.904758] (cyclonedds) StdoutLine: {'line': b'-- Up-to-date: /workspace/install/cyclonedds/include/dds/ddsi/ddsi_portmapping.h\n'}
[0.904857] (cyclonedds) StdoutLine: {'line': b'-- Up-to-date: /workspace/install/cyclonedds/include/dds/ddsi/ddsi_config.h\n'}
[0.904946] (cyclonedds) StdoutLine: {'line': b'-- Up-to-date: /workspace/install/cyclonedds/include/dds/ddsi/ddsi_cdrstream.h\n'}
[0.905033] (cyclonedds) StdoutLine: {'line': b'-- Up-to-date: /workspace/install/cyclonedds/include/dds/ddsi/q_addrset.h\n'}
[0.905147] (cyclonedds) StdoutLine: {'line': b'-- Up-to-date: /workspace/install/cyclonedds/include/dds/ddsi/ddsi_threadmon.h\n'}
[0.905235] (cyclonedds) StdoutLine: {'line': b'-- Up-to-date: /workspace/install/cyclonedds/include/dds/ddsi/ddsi_sertopic.h\n'}
[0.905321] (cyclonedds) StdoutLine: {'line': b'-- Up-to-date: /workspace/install/cyclonedds/include/dds/ddsi/q_hbcontrol.h\n'}
[0.905407] (cyclonedds) StdoutLine: {'line': b'-- Up-to-date: /workspace/install/cyclonedds/include/dds/ddsi/ddsi_ssl.h\n'}
[0.905490] (cyclonedds) StdoutLine: {'line': b'-- Up-to-date: /workspace/install/cyclonedds/include/dds/ddsi/ddsi_cfgelems.h\n'}
[0.905575] (cyclonedds) StdoutLine: {'line': b'-- Up-to-date: /workspace/install/cyclonedds/include/dds/ddsi/ddsi_deliver_locally.h\n'}
[0.905660] (cyclonedds) StdoutLine: {'line': b'-- Up-to-date: /workspace/install/cyclonedds/include/dds/ddsi/ddsi_tkmap.h\n'}
[0.905757] (cyclonedds) StdoutLine: {'line': b'-- Up-to-date: /workspace/install/cyclonedds/include/dds/ddsi/q_xmsg.h\n'}
[0.905847] (cyclonedds) StdoutLine: {'line': b'-- Up-to-date: /workspace/install/cyclonedds/include/dds/ddsi/q_feature_check.h\n'}
[0.905933] (cyclonedds) StdoutLine: {'line': b'-- Up-to-date: /workspace/install/cyclonedds/include/dds/ddsi/ddsi_iid.h\n'}
[0.906129] (cyclonedds) StdoutLine: {'line': b'-- Up-to-date: /workspace/install/cyclonedds/include/dds/ddsi/ddsi_raweth.h\n'}
[0.906292] (cyclonedds) StdoutLine: {'line': b'-- Up-to-date: /workspace/install/cyclonedds/include/dds/ddsi/ddsi_xt_typemap.h\n'}
[0.906386] (cyclonedds) StdoutLine: {'line': b'-- Up-to-date: /workspace/install/cyclonedds/include/dds/ddsi/q_bswap.h\n'}
[0.906473] (cyclonedds) StdoutLine: {'line': b'-- Up-to-date: /workspace/install/cyclonedds/include/dds/ddsi/ddsi_mcgroup.h\n'}
[0.906559] (cyclonedds) StdoutLine: {'line': b'-- Up-to-date: /workspace/install/cyclonedds/include/dds/ddsi/ddsi_rhc.h\n'}
[0.906674] (cyclonedds) StdoutLine: {'line': b'-- Up-to-date: /workspace/install/cyclonedds/include/dds/ddsi/ddsi_xt_typemap.idl\n'}
[0.906763] (cyclonedds) StdoutLine: {'line': b'-- Up-to-date: /workspace/install/cyclonedds/include/dds/ddsi/q_init.h\n'}
[0.906847] (cyclonedds) StdoutLine: {'line': b'-- Up-to-date: /workspace/install/cyclonedds/include/dds/ddsi/q_whc.h\n'}
[0.906930] (cyclonedds) StdoutLine: {'line': b'-- Up-to-date: /workspace/install/cyclonedds/include/dds/ddsi/sysdeps.h\n'}
[0.907015] (cyclonedds) StdoutLine: {'line': b'-- Up-to-date: /workspace/install/cyclonedds/include/dds/ddsi/ddsi_udp.h\n'}
[0.907099] (cyclonedds) StdoutLine: {'line': b'-- Up-to-date: /workspace/install/cyclonedds/include/dds/ddsi/ddsi_acknack.h\n'}
[0.907182] (cyclonedds) StdoutLine: {'line': b'-- Up-to-date: /workspace/install/cyclonedds/include/dds/ddsi/ddsi_keyhash.h\n'}
[0.907285] (cyclonedds) StdoutLine: {'line': b'-- Up-to-date: /workspace/install/cyclonedds/include/dds/ddsi/ddsi_ipaddr.h\n'}
[0.907369] (cyclonedds) StdoutLine: {'line': b'-- Up-to-date: /workspace/install/cyclonedds/include/dds/ddsi/q_bitset.h\n'}
[0.907451] (cyclonedds) StdoutLine: {'line': b'-- Up-to-date: /workspace/install/cyclonedds/include/dds/ddsi/ddsi_plist.h\n'}
[0.907537] (cyclonedds) StdoutLine: {'line': b'-- Up-to-date: /workspace/install/cyclonedds/include/dds/ddsi/ddsi_handshake.h\n'}
[0.907623] (cyclonedds) StdoutLine: {'line': b'-- Up-to-date: /workspace/install/cyclonedds/include/dds/ddsi/q_transmit.h\n'}
[0.907707] (cyclonedds) StdoutLine: {'line': b'-- Up-to-date: /workspace/install/cyclonedds/include/dds/ddsi/ddsi_list_genptr.h\n'}
[0.907789] (cyclonedds) StdoutLine: {'line': b'-- Up-to-date: /workspace/install/cyclonedds/include/dds/ddsi/ddsi_wraddrset.h\n'}
[0.907870] (cyclonedds) StdoutLine: {'line': b'-- Up-to-date: /workspace/install/cyclonedds/include/dds/ddsi/q_pcap.h\n'}
[0.907953] (cyclonedds) StdoutLine: {'line': b'-- Up-to-date: /workspace/install/cyclonedds/include/dds/ddsi/q_sockwaitset.h\n'}
[0.908036] (cyclonedds) StdoutLine: {'line': b'-- Up-to-date: /workspace/install/cyclonedds/include/dds/ddsi/ddsi_entity_index.h\n'}
[0.908120] (cyclonedds) StdoutLine: {'line': b'-- Up-to-date: /workspace/install/cyclonedds/include/dds/ddsi/q_receive.h\n'}
[0.908203] (cyclonedds) StdoutLine: {'line': b'-- Up-to-date: /workspace/install/cyclonedds/include/dds/ddsi/ddsi_serdata_pserop.h\n'}
[0.908284] (cyclonedds) StdoutLine: {'line': b'-- Up-to-date: /workspace/install/cyclonedds/include/dds/ddsi/ddsi_typewrap.h\n'}
[0.908367] (cyclonedds) StdoutLine: {'line': b'-- Up-to-date: /workspace/install/cyclonedds/include/dds/ddsi/ddsi_typelookup.h\n'}
[0.908449] (cyclonedds) StdoutLine: {'line': b'-- Up-to-date: /workspace/install/cyclonedds/include/dds/ddsi/ddsi_xt_typeinfo.idl\n'}
[0.908532] (cyclonedds) StdoutLine: {'line': b'-- Up-to-date: /workspace/install/cyclonedds/include/dds/ddsi/q_thread.h\n'}
[0.908615] (cyclonedds) StdoutLine: {'line': b'-- Up-to-date: /workspace/install/cyclonedds/include/dds/ddsi/ddsi_deadline.h\n'}
[0.908728] (cyclonedds) StdoutLine: {'line': b'-- Up-to-date: /workspace/install/cyclonedds/include/dds/ddsi/q_lease.h\n'}
[0.908811] (cyclonedds) StdoutLine: {'line': b'-- Up-to-date: /workspace/install/cyclonedds/include/dds/ddsi/q_ddsi_discovery.h\n'}
[0.908894] (cyclonedds) StdoutLine: {'line': b'-- Up-to-date: /workspace/install/cyclonedds/include/dds/ddsi/ddsi_time.h\n'}
[0.908977] (cyclonedds) StdoutLine: {'line': b'-- Up-to-date: /workspace/install/cyclonedds/include/dds/ddsi/q_gc.h\n'}
[0.909060] (cyclonedds) StdoutLine: {'line': b'-- Up-to-date: /workspace/install/cyclonedds/include/dds/ddsi/ddsi_serdata_plist.h\n'}
[0.909142] (cyclonedds) StdoutLine: {'line': b'-- Up-to-date: /workspace/install/cyclonedds/include/dds/ddsi/ddsi_tran.h\n'}
[0.909225] (cyclonedds) StdoutLine: {'line': b'-- Up-to-date: /workspace/install/cyclonedds/include/dds/ddsi/ddsi_cfgunits.h\n'}
[0.909311] (cyclonedds) StdoutLine: {'line': b'-- Up-to-date: /workspace/install/cyclonedds/include/dds/ddsi/ddsi_security_util.h\n'}
[0.909394] (cyclonedds) StdoutLine: {'line': b'-- Up-to-date: /workspace/install/cyclonedds/include/dds/ddsi/ddsi_topic.h\n'}
[0.909478] (cyclonedds) StdoutLine: {'line': b'-- Up-to-date: /workspace/install/cyclonedds/include/dds/ddsi/ddsi_serdata_default.h\n'}
[0.909560] (cyclonedds) StdoutLine: {'line': b'-- Up-to-date: /workspace/install/cyclonedds/include/dds/ddsi/ddsi_security_omg.h\n'}
[0.909853] (cyclonedds) StdoutLine: {'line': b'-- Up-to-date: /workspace/install/cyclonedds/include/dds/ddsi/q_unused.h\n'}
[0.910083] (cyclonedds) StdoutLine: {'line': b'-- Up-to-date: /workspace/install/cyclonedds/include/dds/ddsi/ddsi_shm_transport.h\n'}
[0.910392] (cyclonedds) StdoutLine: {'line': b'-- Up-to-date: /workspace/install/cyclonedds/include/dds/ddsi/ddsi_xqos.h\n'}
[0.911205] (cyclonedds) StdoutLine: {'line': b'-- Up-to-date: /workspace/install/cyclonedds/include\n'}
[0.911362] (cyclonedds) StdoutLine: {'line': b'-- Up-to-date: /workspace/install/cyclonedds/include/ddsc\n'}
[0.911510] (cyclonedds) StdoutLine: {'line': b'-- Up-to-date: /workspace/install/cyclonedds/include/ddsc/dds.h\n'}
[0.911756] (cyclonedds) StdoutLine: {'line': b'-- Up-to-date: /workspace/install/cyclonedds/include/dds\n'}
[0.911972] (cyclonedds) StdoutLine: {'line': b'-- Up-to-date: /workspace/install/cyclonedds/include/dds/ddsc\n'}
[0.919910] (cyclonedds) StdoutLine: {'line': b'-- Up-to-date: /workspace/install/cyclonedds/include/dds/ddsc/dds_public_qos.h\n'}
[0.920218] (cyclonedds) StdoutLine: {'line': b'-- Up-to-date: /workspace/install/cyclonedds/include/dds/ddsc/dds_internal_api.h\n'}
[0.920339] (cyclonedds) StdoutLine: {'line': b'-- Up-to-date: /workspace/install/cyclonedds/include/dds/ddsc/dds_opcodes.h\n'}
[0.920446] (cyclonedds) StdoutLine: {'line': b'-- Up-to-date: /workspace/install/cyclonedds/include/dds/ddsc/dds_public_alloc.h\n'}
[0.920541] (cyclonedds) StdoutLine: {'line': b'-- Up-to-date: /workspace/install/cyclonedds/include/dds/ddsc/dds_data_allocator.h\n'}
[0.920632] (cyclonedds) StdoutLine: {'line': b'-- Up-to-date: /workspace/install/cyclonedds/include/dds/ddsc/dds_loan_api.h\n'}
[0.920722] (cyclonedds) StdoutLine: {'line': b'-- Up-to-date: /workspace/install/cyclonedds/include/dds/ddsc/dds_public_listener.h\n'}
[0.920810] (cyclonedds) StdoutLine: {'line': b'-- Up-to-date: /workspace/install/cyclonedds/include/dds/ddsc/dds_rhc.h\n'}
[0.920897] (cyclonedds) StdoutLine: {'line': b'-- Up-to-date: /workspace/install/cyclonedds/include/dds/ddsc/dds_statistics.h\n'}
[0.920982] (cyclonedds) StdoutLine: {'line': b'-- Up-to-date: /workspace/install/cyclonedds/include/dds/ddsc/dds_public_impl.h\n'}
[0.921067] (cyclonedds) StdoutLine: {'line': b'-- Up-to-date: /workspace/install/cyclonedds/include/dds/ddsc/dds_public_qosdefs.h\n'}
[0.921181] (cyclonedds) StdoutLine: {'line': b'-- Up-to-date: /workspace/install/cyclonedds/include/dds/ddsc/dds_basic_types.h\n'}
[0.921294] (cyclonedds) StdoutLine: {'line': b'-- Up-to-date: /workspace/install/cyclonedds/include/dds/ddsc/dds_public_error.h\n'}
[0.921488] (cyclonedds) StdoutLine: {'line': b'-- Up-to-date: /workspace/install/cyclonedds/include/dds/ddsc/dds_public_status.h\n'}
[0.926263] (cyclonedds) StdoutLine: {'line': b'-- Up-to-date: /workspace/install/cyclonedds/include/dds/dds.h\n'}
[0.926523] (cyclonedds) StdoutLine: {'line': b'-- Up-to-date: /workspace/install/cyclonedds/include\n'}
[0.926692] (cyclonedds) StdoutLine: {'line': b'-- Up-to-date: /workspace/install/cyclonedds/include/dds\n'}
[0.926806] (cyclonedds) StdoutLine: {'line': b'-- Up-to-date: /workspace/install/cyclonedds/include/dds/export.h\n'}
[0.926907] (cyclonedds) StdoutLine: {'line': b'-- Up-to-date: /workspace/install/cyclonedds/lib/libddsc.so.0.10.2\n'}
[0.927003] (cyclonedds) StdoutLine: {'line': b'-- Up-to-date: /workspace/install/cyclonedds/lib/libddsc.so.0\n'}
[0.927095] (cyclonedds) StdoutLine: {'line': b'-- Up-to-date: /workspace/install/cyclonedds/lib/libddsc.so\n'}
[0.927184] (cyclonedds) StdoutLine: {'line': b'-- Up-to-date: /workspace/install/cyclonedds/share/doc/CycloneDDS/CONTRIBUTING.md\n'}
[0.927275] (cyclonedds) StdoutLine: {'line': b'-- Up-to-date: /workspace/install/cyclonedds/share/doc/CycloneDDS/CYCLONEDDS_QUALITY_DECLARATION.md\n'}
[0.927366] (cyclonedds) StdoutLine: {'line': b'-- Up-to-date: /workspace/install/cyclonedds/share/doc/CycloneDDS/LICENSE\n'}
[0.927454] (cyclonedds) StdoutLine: {'line': b'-- Up-to-date: /workspace/install/cyclonedds/share/doc/CycloneDDS/NOTICE.md\n'}
[0.927542] (cyclonedds) StdoutLine: {'line': b'-- Up-to-date: /workspace/install/cyclonedds/share/doc/CycloneDDS/README.md\n'}
[0.927631] (cyclonedds) StdoutLine: {'line': b'-- Up-to-date: /workspace/install/cyclonedds/share/doc/CycloneDDS/CHANGELOG.rst\n'}
[0.927725] (cyclonedds) CommandEnded: {'returncode': 0}
[0.940051] (explore_lite_msgs) StdoutLine: {'line': b"Listing '/workspace/install/explore_lite_msgs/local/lib/python3.10/dist-packages/explore_lite_msgs'...\n"}
[0.940555] (explore_lite_msgs) StdoutLine: {'line': b"Listing '/workspace/install/explore_lite_msgs/local/lib/python3.10/dist-packages/explore_lite_msgs/msg'...\n"}
[0.953053] (explore_lite_msgs) StdoutLine: {'line': b'-- Up-to-date: /workspace/install/explore_lite_msgs/local/lib/python3.10/dist-packages/explore_lite_msgs/explore_lite_msgs_s__rosidl_typesupport_fastrtps_c.cpython-310-aarch64-linux-gnu.so\n'}
[0.953827] (explore_lite_msgs) StdoutLine: {'line': b'-- Up-to-date: /workspace/install/explore_lite_msgs/local/lib/python3.10/dist-packages/explore_lite_msgs/explore_lite_msgs_s__rosidl_typesupport_introspection_c.cpython-310-aarch64-linux-gnu.so\n'}
[0.955021] (explore_lite_msgs) StdoutLine: {'line': b'-- Up-to-date: /workspace/install/explore_lite_msgs/local/lib/python3.10/dist-packages/explore_lite_msgs/explore_lite_msgs_s__rosidl_typesupport_c.cpython-310-aarch64-linux-gnu.so\n'}
[0.957439] (multirobot_map_merge) StdoutLine: {'line': b'[ 33%] Built target gtest\n'}
[0.958102] (multirobot_map_merge) StdoutLine: {'line': b'[ 33%] Built target gtest_main\n'}
[0.958453] (explore_lite_msgs) StdoutLine: {'line': b'-- Up-to-date: /workspace/install/explore_lite_msgs/lib/libexplore_lite_msgs__rosidl_generator_py.so\n'}
[0.958825] (explore_lite_msgs) StdoutLine: {'line': b'-- Up-to-date: /workspace/install/explore_lite_msgs/share/ament_index/resource_index/rust_packages/explore_lite_msgs\n'}
[0.959051] (explore_lite_msgs) StdoutLine: {'line': b'-- Up-to-date: /workspace/install/explore_lite_msgs/share/explore_lite_msgs/rust\n'}
[0.959458] (explore_lite_msgs) StdoutLine: {'line': b'-- Up-to-date: /workspace/install/explore_lite_msgs/share/explore_lite_msgs/rust/build.rs\n'}
[0.960017] (explore_lite_msgs) StdoutLine: {'line': b'-- Up-to-date: /workspace/install/explore_lite_msgs/share/explore_lite_msgs/rust/src\n'}
[0.960487] (explore_lite_msgs) StdoutLine: {'line': b'-- Up-to-date: /workspace/install/explore_lite_msgs/share/explore_lite_msgs/rust/src/msg.rs\n'}
[0.960660] (explore_lite_msgs) StdoutLine: {'line': b'-- Up-to-date: /workspace/install/explore_lite_msgs/share/explore_lite_msgs/rust/src/lib.rs\n'}
[0.961146] (explore_lite_msgs) StdoutLine: {'line': b'-- Up-to-date: /workspace/install/explore_lite_msgs/share/explore_lite_msgs/rust/src/msg\n'}
[0.961373] (explore_lite_msgs) StdoutLine: {'line': b'-- Up-to-date: /workspace/install/explore_lite_msgs/share/explore_lite_msgs/rust/src/msg/rmw.rs\n'}
[0.961641] (explore_lite_msgs) StdoutLine: {'line': b'-- Up-to-date: /workspace/install/explore_lite_msgs/share/explore_lite_msgs/rust/Cargo.toml\n'}
[0.962747] (explore_lite_msgs) StdoutLine: {'line': b'-- Up-to-date: /workspace/install/explore_lite_msgs/share/explore_lite_msgs/msg/ExploreStatus.idl\n'}
[0.962874] (explore_lite_msgs) StdoutLine: {'line': b'-- Up-to-date: /workspace/install/explore_lite_msgs/share/explore_lite_msgs/msg/ExploreStatus.msg\n'}
[0.963139] (explore_lite_msgs) StdoutLine: {'line': b'-- Up-to-date: /workspace/install/explore_lite_msgs/share/ament_index/resource_index/package_run_dependencies/explore_lite_msgs\n'}
[0.963320] (explore_lite_msgs) StdoutLine: {'line': b'-- Up-to-date: /workspace/install/explore_lite_msgs/share/ament_index/resource_index/parent_prefix_path/explore_lite_msgs\n'}
[0.963449] (explore_lite_msgs) StdoutLine: {'line': b'-- Up-to-date: /workspace/install/explore_lite_msgs/share/explore_lite_msgs/environment/ament_prefix_path.sh\n'}
[0.965367] (explore_lite_msgs) StdoutLine: {'line': b'-- Up-to-date: /workspace/install/explore_lite_msgs/share/explore_lite_msgs/environment/ament_prefix_path.dsv\n'}
[0.965569] (explore_lite_msgs) StdoutLine: {'line': b'-- Up-to-date: /workspace/install/explore_lite_msgs/share/explore_lite_msgs/environment/path.sh\n'}
[0.965781] (explore_lite_msgs) StdoutLine: {'line': b'-- Up-to-date: /workspace/install/explore_lite_msgs/share/explore_lite_msgs/environment/path.dsv\n'}
[0.966151] (explore_lite_msgs) StdoutLine: {'line': b'-- Up-to-date: /workspace/install/explore_lite_msgs/share/explore_lite_msgs/local_setup.bash\n'}
[0.966304] (explore_lite_msgs) StdoutLine: {'line': b'-- Up-to-date: /workspace/install/explore_lite_msgs/share/explore_lite_msgs/local_setup.sh\n'}
[0.966416] (explore_lite_msgs) StdoutLine: {'line': b'-- Up-to-date: /workspace/install/explore_lite_msgs/share/explore_lite_msgs/local_setup.zsh\n'}
[0.967407] (explore_lite_msgs) StdoutLine: {'line': b'-- Up-to-date: /workspace/install/explore_lite_msgs/share/explore_lite_msgs/local_setup.dsv\n'}
[0.967594] (explore_lite_msgs) StdoutLine: {'line': b'-- Installing: /workspace/install/explore_lite_msgs/share/explore_lite_msgs/package.dsv\n'}
[0.967749] (explore_lite_msgs) StdoutLine: {'line': b'-- Up-to-date: /workspace/install/explore_lite_msgs/share/ament_index/resource_index/packages/explore_lite_msgs\n'}
[0.968133] (explore_lite_msgs) StdoutLine: {'line': b'-- Up-to-date: /workspace/install/explore_lite_msgs/share/explore_lite_msgs/cmake/export_explore_lite_msgs__rosidl_generator_cExport.cmake\n'}
[0.968264] (explore_lite_msgs) StdoutLine: {'line': b'-- Up-to-date: /workspace/install/explore_lite_msgs/share/explore_lite_msgs/cmake/export_explore_lite_msgs__rosidl_generator_cExport-noconfig.cmake\n'}
[0.968395] (explore_lite_msgs) StdoutLine: {'line': b'-- Up-to-date: /workspace/install/explore_lite_msgs/share/explore_lite_msgs/cmake/export_explore_lite_msgs__rosidl_typesupport_fastrtps_cExport.cmake\n'}
[0.968486] (explore_lite_msgs) StdoutLine: {'line': b'-- Up-to-date: /workspace/install/explore_lite_msgs/share/explore_lite_msgs/cmake/export_explore_lite_msgs__rosidl_typesupport_fastrtps_cExport-noconfig.cmake\n'}
[0.968573] (explore_lite_msgs) StdoutLine: {'line': b'-- Up-to-date: /workspace/install/explore_lite_msgs/share/explore_lite_msgs/cmake/explore_lite_msgs__rosidl_typesupport_introspection_cExport.cmake\n'}
[0.968659] (explore_lite_msgs) StdoutLine: {'line': b'-- Up-to-date: /workspace/install/explore_lite_msgs/share/explore_lite_msgs/cmake/explore_lite_msgs__rosidl_typesupport_introspection_cExport-noconfig.cmake\n'}
[0.968744] (explore_lite_msgs) StdoutLine: {'line': b'-- Up-to-date: /workspace/install/explore_lite_msgs/share/explore_lite_msgs/cmake/explore_lite_msgs__rosidl_typesupport_cExport.cmake\n'}
[0.969842] (explore_lite_msgs) StdoutLine: {'line': b'-- Up-to-date: /workspace/install/explore_lite_msgs/share/explore_lite_msgs/cmake/explore_lite_msgs__rosidl_typesupport_cExport-noconfig.cmake\n'}
[0.970082] (explore_lite_msgs) StdoutLine: {'line': b'-- Up-to-date: /workspace/install/explore_lite_msgs/share/explore_lite_msgs/cmake/export_explore_lite_msgs__rosidl_generator_cppExport.cmake\n'}
[0.970261] (explore_lite_msgs) StdoutLine: {'line': b'-- Up-to-date: /workspace/install/explore_lite_msgs/share/explore_lite_msgs/cmake/export_explore_lite_msgs__rosidl_typesupport_fastrtps_cppExport.cmake\n'}
[0.970903] (explore_lite_msgs) StdoutLine: {'line': b'-- Up-to-date: /workspace/install/explore_lite_msgs/share/explore_lite_msgs/cmake/export_explore_lite_msgs__rosidl_typesupport_fastrtps_cppExport-noconfig.cmake\n'}
[0.971022] (explore_lite_msgs) StdoutLine: {'line': b'-- Up-to-date: /workspace/install/explore_lite_msgs/share/explore_lite_msgs/cmake/explore_lite_msgs__rosidl_typesupport_introspection_cppExport.cmake\n'}
[0.971122] (explore_lite_msgs) StdoutLine: {'line': b'-- Up-to-date: /workspace/install/explore_lite_msgs/share/explore_lite_msgs/cmake/explore_lite_msgs__rosidl_typesupport_introspection_cppExport-noconfig.cmake\n'}
[0.971295] (explore_lite_msgs) StdoutLine: {'line': b'-- Up-to-date: /workspace/install/explore_lite_msgs/share/explore_lite_msgs/cmake/explore_lite_msgs__rosidl_typesupport_cppExport.cmake\n'}
[0.971397] (explore_lite_msgs) StdoutLine: {'line': b'-- Up-to-date: /workspace/install/explore_lite_msgs/share/explore_lite_msgs/cmake/explore_lite_msgs__rosidl_typesupport_cppExport-noconfig.cmake\n'}
[0.972308] (explore_lite_msgs) StdoutLine: {'line': b'-- Up-to-date: /workspace/install/explore_lite_msgs/share/explore_lite_msgs/cmake/export_explore_lite_msgs__rosidl_generator_pyExport.cmake\n'}
[0.972493] (explore_lite_msgs) StdoutLine: {'line': b'-- Up-to-date: /workspace/install/explore_lite_msgs/share/explore_lite_msgs/cmake/export_explore_lite_msgs__rosidl_generator_pyExport-noconfig.cmake\n'}
[0.972679] (explore_lite_msgs) StdoutLine: {'line': b'-- Up-to-date: /workspace/install/explore_lite_msgs/share/explore_lite_msgs/cmake/rosidl_cmake-extras.cmake\n'}
[0.973064] (explore_lite_msgs) StdoutLine: {'line': b'-- Up-to-date: /workspace/install/explore_lite_msgs/share/explore_lite_msgs/cmake/ament_cmake_export_include_directories-extras.cmake\n'}
[0.973161] (explore_lite_msgs) StdoutLine: {'line': b'-- Up-to-date: /workspace/install/explore_lite_msgs/share/explore_lite_msgs/cmake/ament_cmake_export_libraries-extras.cmake\n'}
[0.973252] (explore_lite_msgs) StdoutLine: {'line': b'-- Up-to-date: /workspace/install/explore_lite_msgs/share/explore_lite_msgs/cmake/ament_cmake_export_targets-extras.cmake\n'}
[0.973341] (explore_lite_msgs) StdoutLine: {'line': b'-- Up-to-date: /workspace/install/explore_lite_msgs/share/explore_lite_msgs/cmake/rosidl_cmake_export_typesupport_targets-extras.cmake\n'}
[0.973453] (explore_lite_msgs) StdoutLine: {'line': b'-- Up-to-date: /workspace/install/explore_lite_msgs/share/explore_lite_msgs/cmake/ament_cmake_export_dependencies-extras.cmake\n'}
[0.973551] (explore_lite_msgs) StdoutLine: {'line': b'-- Up-to-date: /workspace/install/explore_lite_msgs/share/explore_lite_msgs/cmake/rosidl_cmake_export_typesupport_libraries-extras.cmake\n'}
[0.973700] (explore_lite_msgs) StdoutLine: {'line': b'-- Up-to-date: /workspace/install/explore_lite_msgs/share/explore_lite_msgs/cmake/explore_lite_msgsConfig.cmake\n'}
[0.973795] (explore_lite_msgs) StdoutLine: {'line': b'-- Up-to-date: /workspace/install/explore_lite_msgs/share/explore_lite_msgs/cmake/explore_lite_msgsConfig-version.cmake\n'}
[0.975206] (explore_lite_msgs) StdoutLine: {'line': b'-- Up-to-date: /workspace/install/explore_lite_msgs/share/explore_lite_msgs/package.xml\n'}
[0.975657] (cyclonedds) JobEnded: {'identifier': 'cyclonedds', 'rc': 0}
[0.977885] (unitree_sdk2py) JobStarted: {'identifier': 'unitree_sdk2py'}
[0.981190] (multirobot_map_merge) StdoutLine: {'line': b'[ 66%] Built target combine_grids\n'}
[0.985950] (explore_lite_msgs) CommandEnded: {'returncode': 0}
[1.036405] (-) TimerEvent: {}
[1.037256] (multirobot_map_merge) StdoutLine: {'line': b'[ 83%] Built target test_merging_pipeline\n'}
[1.050849] (explore_lite_msgs) JobEnded: {'identifier': 'explore_lite_msgs', 'rc': 0}
[1.053322] (explore_lite) JobStarted: {'identifier': 'explore_lite'}
[1.077048] (multirobot_map_merge) StdoutLine: {'line': b'[100%] Built target map_merge\n'}
[1.136563] (-) TimerEvent: {}
[1.237108] (-) TimerEvent: {}
[1.337662] (-) TimerEvent: {}
[1.438256] (-) TimerEvent: {}
[1.450507] (explore_lite) JobProgress: {'identifier': 'explore_lite', 'progress': 'cmake'}
[1.452292] (explore_lite) JobProgress: {'identifier': 'explore_lite', 'progress': 'build'}
[1.452730] (explore_lite) Command: {'cmd': ['/usr/bin/cmake', '--build', '/workspace/build/explore_lite', '--', '-j8', '-l8'], 'cwd': '/workspace/build/explore_lite', 'env': OrderedDict([('HOSTNAME', 'ubuntu'), ('SHLVL', '1'), ('LD_LIBRARY_PATH', '/workspace/install/explore_lite_msgs/lib:/workspace/install/multirobot_map_merge/lib:/workspace/install/cyclonedds/lib:/opt/ros/humble/opt/rviz_ogre_vendor/lib:/opt/ros/humble/lib/aarch64-linux-gnu:/opt/ros/humble/lib'), ('HOME', '/root'), ('OLDPWD', '/workspace/src'), ('ROS_PYTHON_VERSION', '3'), ('COLCON_PREFIX_PATH', '/workspace/install'), ('ROS_DISTRO', 'humble'), ('_', '/usr/bin/colcon'), ('ROS_VERSION', '2'), ('PKG_CONFIG_PATH', '/workspace/install/cyclonedds/lib/aarch64-linux-gnu/pkgconfig:/workspace/install/cyclonedds/lib/pkgconfig'), ('TERM', 'xterm'), ('ROS_LOCALHOST_ONLY', '0'), ('PATH', '/workspace/install/cyclonedds/bin:/opt/ros/humble/bin:/usr/local/sbin:/usr/local/bin:/usr/sbin:/usr/bin:/sbin:/bin'), ('LANG', 'C.UTF-8'), ('RMW_IMPLEMENTATION', 'rmw_cyclonedds_cpp'), ('CYCLONEDDS_HOME', '/workspace/cyclonedds/install'), ('LS_COLORS', 'rs=0:di=01;34:ln=01;36:mh=00:pi=40;33:so=01;35:do=01;35:bd=40;33;01:cd=40;33;01:or=40;31;01:mi=00:su=37;41:sg=30;43:ca=30;41:tw=30;42:ow=34;42:st=37;44:ex=01;32:*.tar=01;31:*.tgz=01;31:*.arc=01;31:*.arj=01;31:*.taz=01;31:*.lha=01;31:*.lz4=01;31:*.lzh=01;31:*.lzma=01;31:*.tlz=01;31:*.txz=01;31:*.tzo=01;31:*.t7z=01;31:*.zip=01;31:*.z=01;31:*.dz=01;31:*.gz=01;31:*.lrz=01;31:*.lz=01;31:*.lzo=01;31:*.xz=01;31:*.zst=01;31:*.tzst=01;31:*.bz2=01;31:*.bz=01;31:*.tbz=01;31:*.tbz2=01;31:*.tz=01;31:*.deb=01;31:*.rpm=01;31:*.jar=01;31:*.war=01;31:*.ear=01;31:*.sar=01;31:*.rar=01;31:*.alz=01;31:*.ace=01;31:*.zoo=01;31:*.cpio=01;31:*.7z=01;31:*.rz=01;31:*.cab=01;31:*.wim=01;31:*.swm=01;31:*.dwm=01;31:*.esd=01;31:*.jpg=01;35:*.jpeg=01;35:*.mjpg=01;35:*.mjpeg=01;35:*.gif=01;35:*.bmp=01;35:*.pbm=01;35:*.pgm=01;35:*.ppm=01;35:*.tga=01;35:*.xbm=01;35:*.xpm=01;35:*.tif=01;35:*.tiff=01;35:*.png=01;35:*.svg=01;35:*.svgz=01;35:*.mng=01;35:*.pcx=01;35:*.mov=01;35:*.mpg=01;35:*.mpeg=01;35:*.m2v=01;35:*.mkv=01;35:*.webm=01;35:*.webp=01;35:*.ogm=01;35:*.mp4=01;35:*.m4v=01;35:*.mp4v=01;35:*.vob=01;35:*.qt=01;35:*.nuv=01;35:*.wmv=01;35:*.asf=01;35:*.rm=01;35:*.rmvb=01;35:*.flc=01;35:*.avi=01;35:*.fli=01;35:*.flv=01;35:*.gl=01;35:*.dl=01;35:*.xcf=01;35:*.xwd=01;35:*.yuv=01;35:*.cgm=01;35:*.emf=01;35:*.ogv=01;35:*.ogx=01;35:*.aac=00;36:*.au=00;36:*.flac=00;36:*.m4a=00;36:*.mid=00;36:*.midi=00;36:*.mka=00;36:*.mp3=00;36:*.mpc=00;36:*.ogg=00;36:*.ra=00;36:*.wav=00;36:*.oga=00;36:*.opus=00;36:*.spx=00;36:*.xspf=00;36:'), ('AMENT_PREFIX_PATH', '/workspace/install/multirobot_map_merge:/workspace/install/go2_vision:/workspace/install/go2_nav:/workspace/install/explore_lite:/workspace/install/explore_lite_msgs:/opt/ros/humble'), ('PWD', '/workspace/build/explore_lite'), ('LC_ALL', 'C.UTF-8'), ('PYTHONPATH', '/workspace/install/unitree_sdk2py/lib/python3.10/site-packages:/workspace/install/go2_vision/lib/python3.10/site-packages:/workspace/install/go2_nav/lib/python3.10/site-packages:/workspace/install/explore_lite_msgs/local/lib/python3.10/dist-packages:/opt/ros/humble/lib/python3.10/site-packages:/opt/ros/humble/local/lib/python3.10/dist-packages'), ('COLCON', '1'), ('CMAKE_PREFIX_PATH', '/workspace/install/explore_lite_msgs:/workspace/install/multirobot_map_merge:/workspace/install/explore_lite:/workspace/install/cyclonedds:/workspace/install/go2_vision:/workspace/install/go2_nav:/opt/ros/humble')]), 'shell': False}
[1.456133] (go2_vision) Command: {'cmd': ['/usr/bin/python3', '-W', 'ignore:setup.py install is deprecated', '-W', 'ignore:easy_install command is deprecated', 'setup.py', 'egg_info', '--egg-base', '../../build/go2_vision', 'build', '--build-base', '/workspace/build/go2_vision/build', 'install', '--record', '/workspace/build/go2_vision/install.log', '--install-scripts', '$base/lib/go2_vision', '--single-version-externally-managed', 'install_data'], 'cwd': '/workspace/src/go2_vision', 'env': {'HOSTNAME': 'ubuntu', 'SHLVL': '1', 'LD_LIBRARY_PATH': '/workspace/install/multirobot_map_merge/lib:/workspace/install/explore_lite_msgs/lib:/workspace/install/cyclonedds/lib:/opt/ros/humble/opt/rviz_ogre_vendor/lib:/opt/ros/humble/lib/aarch64-linux-gnu:/opt/ros/humble/lib', 'HOME': '/root', 'OLDPWD': '/workspace/src', 'ROS_PYTHON_VERSION': '3', 'COLCON_PREFIX_PATH': '/workspace/install', 'ROS_DISTRO': 'humble', '_': '/usr/bin/colcon', 'ROS_VERSION': '2', 'PKG_CONFIG_PATH': '/workspace/install/cyclonedds/lib/aarch64-linux-gnu/pkgconfig:/workspace/install/cyclonedds/lib/pkgconfig', 'TERM': 'xterm', 'ROS_LOCALHOST_ONLY': '0', 'PATH': '/workspace/install/cyclonedds/bin:/opt/ros/humble/bin:/usr/local/sbin:/usr/local/bin:/usr/sbin:/usr/bin:/sbin:/bin', 'LANG': 'C.UTF-8', 'RMW_IMPLEMENTATION': 'rmw_cyclonedds_cpp', 'CYCLONEDDS_HOME': '/workspace/cyclonedds/install', 'LS_COLORS': 'rs=0:di=01;34:ln=01;36:mh=00:pi=40;33:so=01;35:do=01;35:bd=40;33;01:cd=40;33;01:or=40;31;01:mi=00:su=37;41:sg=30;43:ca=30;41:tw=30;42:ow=34;42:st=37;44:ex=01;32:*.tar=01;31:*.tgz=01;31:*.arc=01;31:*.arj=01;31:*.taz=01;31:*.lha=01;31:*.lz4=01;31:*.lzh=01;31:*.lzma=01;31:*.tlz=01;31:*.txz=01;31:*.tzo=01;31:*.t7z=01;31:*.zip=01;31:*.z=01;31:*.dz=01;31:*.gz=01;31:*.lrz=01;31:*.lz=01;31:*.lzo=01;31:*.xz=01;31:*.zst=01;31:*.tzst=01;31:*.bz2=01;31:*.bz=01;31:*.tbz=01;31:*.tbz2=01;31:*.tz=01;31:*.deb=01;31:*.rpm=01;31:*.jar=01;31:*.war=01;31:*.ear=01;31:*.sar=01;31:*.rar=01;31:*.alz=01;31:*.ace=01;31:*.zoo=01;31:*.cpio=01;31:*.7z=01;31:*.rz=01;31:*.cab=01;31:*.wim=01;31:*.swm=01;31:*.dwm=01;31:*.esd=01;31:*.jpg=01;35:*.jpeg=01;35:*.mjpg=01;35:*.mjpeg=01;35:*.gif=01;35:*.bmp=01;35:*.pbm=01;35:*.pgm=01;35:*.ppm=01;35:*.tga=01;35:*.xbm=01;35:*.xpm=01;35:*.tif=01;35:*.tiff=01;35:*.png=01;35:*.svg=01;35:*.svgz=01;35:*.mng=01;35:*.pcx=01;35:*.mov=01;35:*.mpg=01;35:*.mpeg=01;35:*.m2v=01;35:*.mkv=01;35:*.webm=01;35:*.webp=01;35:*.ogm=01;35:*.mp4=01;35:*.m4v=01;35:*.mp4v=01;35:*.vob=01;35:*.qt=01;35:*.nuv=01;35:*.wmv=01;35:*.asf=01;35:*.rm=01;35:*.rmvb=01;35:*.flc=01;35:*.avi=01;35:*.fli=01;35:*.flv=01;35:*.gl=01;35:*.dl=01;35:*.xcf=01;35:*.xwd=01;35:*.yuv=01;35:*.cgm=01;35:*.emf=01;35:*.ogv=01;35:*.ogx=01;35:*.aac=00;36:*.au=00;36:*.flac=00;36:*.m4a=00;36:*.mid=00;36:*.midi=00;36:*.mka=00;36:*.mp3=00;36:*.mpc=00;36:*.ogg=00;36:*.ra=00;36:*.wav=00;36:*.oga=00;36:*.opus=00;36:*.spx=00;36:*.xspf=00;36:', 'AMENT_PREFIX_PATH': '/workspace/install/multirobot_map_merge:/workspace/install/go2_vision:/workspace/install/go2_nav:/workspace/install/explore_lite:/workspace/install/explore_lite_msgs:/opt/ros/humble', 'PWD': '/workspace/build/go2_vision', 'LC_ALL': 'C.UTF-8', 'PYTHONPATH': '/workspace/build/go2_vision/prefix_override:/usr/lib/python3/dist-packages/colcon_core/task/python/colcon_distutils_commands:/workspace/install/go2_vision/lib/python3.10/site-packages:/workspace/install/unitree_sdk2py/lib/python3.10/site-packages:/workspace/install/go2_vision/lib/python3.10/site-packages:/workspace/install/go2_nav/lib/python3.10/site-packages:/workspace/install/explore_lite_msgs/local/lib/python3.10/dist-packages:/opt/ros/humble/lib/python3.10/site-packages:/opt/ros/humble/local/lib/python3.10/dist-packages', 'COLCON': '1', 'CMAKE_PREFIX_PATH': '/workspace/install/multirobot_map_merge:/workspace/install/explore_lite:/workspace/install/explore_lite_msgs:/workspace/install/cyclonedds'}, 'shell': False}
[1.458924] (go2_nav) Command: {'cmd': ['/usr/bin/python3', '-W', 'ignore:setup.py install is deprecated', '-W', 'ignore:easy_install command is deprecated', 'setup.py', 'egg_info', '--egg-base', '../../build/go2_nav', 'build', '--build-base', '/workspace/build/go2_nav/build', 'install', '--record', '/workspace/build/go2_nav/install.log', '--install-scripts', '$base/lib/go2_nav', '--single-version-externally-managed', 'install_data'], 'cwd': '/workspace/src/go2_nav', 'env': {'HOSTNAME': 'ubuntu', 'SHLVL': '1', 'LD_LIBRARY_PATH': '/workspace/install/multirobot_map_merge/lib:/workspace/install/explore_lite_msgs/lib:/workspace/install/cyclonedds/lib:/opt/ros/humble/opt/rviz_ogre_vendor/lib:/opt/ros/humble/lib/aarch64-linux-gnu:/opt/ros/humble/lib', 'HOME': '/root', 'OLDPWD': '/workspace/src', 'ROS_PYTHON_VERSION': '3', 'COLCON_PREFIX_PATH': '/workspace/install', 'ROS_DISTRO': 'humble', '_': '/usr/bin/colcon', 'ROS_VERSION': '2', 'PKG_CONFIG_PATH': '/workspace/install/cyclonedds/lib/aarch64-linux-gnu/pkgconfig:/workspace/install/cyclonedds/lib/pkgconfig', 'TERM': 'xterm', 'ROS_LOCALHOST_ONLY': '0', 'PATH': '/workspace/install/cyclonedds/bin:/opt/ros/humble/bin:/usr/local/sbin:/usr/local/bin:/usr/sbin:/usr/bin:/sbin:/bin', 'LANG': 'C.UTF-8', 'RMW_IMPLEMENTATION': 'rmw_cyclonedds_cpp', 'CYCLONEDDS_HOME': '/workspace/cyclonedds/install', 'LS_COLORS': 'rs=0:di=01;34:ln=01;36:mh=00:pi=40;33:so=01;35:do=01;35:bd=40;33;01:cd=40;33;01:or=40;31;01:mi=00:su=37;41:sg=30;43:ca=30;41:tw=30;42:ow=34;42:st=37;44:ex=01;32:*.tar=01;31:*.tgz=01;31:*.arc=01;31:*.arj=01;31:*.taz=01;31:*.lha=01;31:*.lz4=01;31:*.lzh=01;31:*.lzma=01;31:*.tlz=01;31:*.txz=01;31:*.tzo=01;31:*.t7z=01;31:*.zip=01;31:*.z=01;31:*.dz=01;31:*.gz=01;31:*.lrz=01;31:*.lz=01;31:*.lzo=01;31:*.xz=01;31:*.zst=01;31:*.tzst=01;31:*.bz2=01;31:*.bz=01;31:*.tbz=01;31:*.tbz2=01;31:*.tz=01;31:*.deb=01;31:*.rpm=01;31:*.jar=01;31:*.war=01;31:*.ear=01;31:*.sar=01;31:*.rar=01;31:*.alz=01;31:*.ace=01;31:*.zoo=01;31:*.cpio=01;31:*.7z=01;31:*.rz=01;31:*.cab=01;31:*.wim=01;31:*.swm=01;31:*.dwm=01;31:*.esd=01;31:*.jpg=01;35:*.jpeg=01;35:*.mjpg=01;35:*.mjpeg=01;35:*.gif=01;35:*.bmp=01;35:*.pbm=01;35:*.pgm=01;35:*.ppm=01;35:*.tga=01;35:*.xbm=01;35:*.xpm=01;35:*.tif=01;35:*.tiff=01;35:*.png=01;35:*.svg=01;35:*.svgz=01;35:*.mng=01;35:*.pcx=01;35:*.mov=01;35:*.mpg=01;35:*.mpeg=01;35:*.m2v=01;35:*.mkv=01;35:*.webm=01;35:*.webp=01;35:*.ogm=01;35:*.mp4=01;35:*.m4v=01;35:*.mp4v=01;35:*.vob=01;35:*.qt=01;35:*.nuv=01;35:*.wmv=01;35:*.asf=01;35:*.rm=01;35:*.rmvb=01;35:*.flc=01;35:*.avi=01;35:*.fli=01;35:*.flv=01;35:*.gl=01;35:*.dl=01;35:*.xcf=01;35:*.xwd=01;35:*.yuv=01;35:*.cgm=01;35:*.emf=01;35:*.ogv=01;35:*.ogx=01;35:*.aac=00;36:*.au=00;36:*.flac=00;36:*.m4a=00;36:*.mid=00;36:*.midi=00;36:*.mka=00;36:*.mp3=00;36:*.mpc=00;36:*.ogg=00;36:*.ra=00;36:*.wav=00;36:*.oga=00;36:*.opus=00;36:*.spx=00;36:*.xspf=00;36:', 'AMENT_PREFIX_PATH': '/workspace/install/multirobot_map_merge:/workspace/install/go2_vision:/workspace/install/go2_nav:/workspace/install/explore_lite:/workspace/install/explore_lite_msgs:/opt/ros/humble', 'PWD': '/workspace/build/go2_nav', 'LC_ALL': 'C.UTF-8', 'PYTHONPATH': '/workspace/build/go2_nav/prefix_override:/usr/lib/python3/dist-packages/colcon_core/task/python/colcon_distutils_commands:/workspace/install/go2_nav/lib/python3.10/site-packages:/workspace/install/unitree_sdk2py/lib/python3.10/site-packages:/workspace/install/go2_vision/lib/python3.10/site-packages:/workspace/install/go2_nav/lib/python3.10/site-packages:/workspace/install/explore_lite_msgs/local/lib/python3.10/dist-packages:/opt/ros/humble/lib/python3.10/site-packages:/opt/ros/humble/local/lib/python3.10/dist-packages', 'COLCON': '1', 'CMAKE_PREFIX_PATH': '/workspace/install/multirobot_map_merge:/workspace/install/explore_lite:/workspace/install/explore_lite_msgs:/workspace/install/cyclonedds'}, 'shell': False}
[1.462714] (multirobot_map_merge) CommandEnded: {'returncode': 0}
[1.464493] (multirobot_map_merge) JobProgress: {'identifier': 'multirobot_map_merge', 'progress': 'install'}
[1.465120] (multirobot_map_merge) Command: {'cmd': ['/usr/bin/cmake', '--install', '/workspace/build/multirobot_map_merge'], 'cwd': '/workspace/build/multirobot_map_merge', 'env': OrderedDict([('HOSTNAME', 'ubuntu'), ('SHLVL', '1'), ('LD_LIBRARY_PATH', '/workspace/install/multirobot_map_merge/lib:/workspace/install/explore_lite_msgs/lib:/workspace/install/cyclonedds/lib:/opt/ros/humble/opt/rviz_ogre_vendor/lib:/opt/ros/humble/lib/aarch64-linux-gnu:/opt/ros/humble/lib'), ('HOME', '/root'), ('OLDPWD', '/workspace/src'), ('ROS_PYTHON_VERSION', '3'), ('COLCON_PREFIX_PATH', '/workspace/install'), ('ROS_DISTRO', 'humble'), ('_', '/usr/bin/colcon'), ('ROS_VERSION', '2'), ('PKG_CONFIG_PATH', '/workspace/install/cyclonedds/lib/aarch64-linux-gnu/pkgconfig:/workspace/install/cyclonedds/lib/pkgconfig'), ('TERM', 'xterm'), ('ROS_LOCALHOST_ONLY', '0'), ('PATH', '/workspace/install/cyclonedds/bin:/opt/ros/humble/bin:/usr/local/sbin:/usr/local/bin:/usr/sbin:/usr/bin:/sbin:/bin'), ('LANG', 'C.UTF-8'), ('RMW_IMPLEMENTATION', 'rmw_cyclonedds_cpp'), ('CYCLONEDDS_HOME', '/workspace/cyclonedds/install'), ('LS_COLORS', 'rs=0:di=01;34:ln=01;36:mh=00:pi=40;33:so=01;35:do=01;35:bd=40;33;01:cd=40;33;01:or=40;31;01:mi=00:su=37;41:sg=30;43:ca=30;41:tw=30;42:ow=34;42:st=37;44:ex=01;32:*.tar=01;31:*.tgz=01;31:*.arc=01;31:*.arj=01;31:*.taz=01;31:*.lha=01;31:*.lz4=01;31:*.lzh=01;31:*.lzma=01;31:*.tlz=01;31:*.txz=01;31:*.tzo=01;31:*.t7z=01;31:*.zip=01;31:*.z=01;31:*.dz=01;31:*.gz=01;31:*.lrz=01;31:*.lz=01;31:*.lzo=01;31:*.xz=01;31:*.zst=01;31:*.tzst=01;31:*.bz2=01;31:*.bz=01;31:*.tbz=01;31:*.tbz2=01;31:*.tz=01;31:*.deb=01;31:*.rpm=01;31:*.jar=01;31:*.war=01;31:*.ear=01;31:*.sar=01;31:*.rar=01;31:*.alz=01;31:*.ace=01;31:*.zoo=01;31:*.cpio=01;31:*.7z=01;31:*.rz=01;31:*.cab=01;31:*.wim=01;31:*.swm=01;31:*.dwm=01;31:*.esd=01;31:*.jpg=01;35:*.jpeg=01;35:*.mjpg=01;35:*.mjpeg=01;35:*.gif=01;35:*.bmp=01;35:*.pbm=01;35:*.pgm=01;35:*.ppm=01;35:*.tga=01;35:*.xbm=01;35:*.xpm=01;35:*.tif=01;35:*.tiff=01;35:*.png=01;35:*.svg=01;35:*.svgz=01;35:*.mng=01;35:*.pcx=01;35:*.mov=01;35:*.mpg=01;35:*.mpeg=01;35:*.m2v=01;35:*.mkv=01;35:*.webm=01;35:*.webp=01;35:*.ogm=01;35:*.mp4=01;35:*.m4v=01;35:*.mp4v=01;35:*.vob=01;35:*.qt=01;35:*.nuv=01;35:*.wmv=01;35:*.asf=01;35:*.rm=01;35:*.rmvb=01;35:*.flc=01;35:*.avi=01;35:*.fli=01;35:*.flv=01;35:*.gl=01;35:*.dl=01;35:*.xcf=01;35:*.xwd=01;35:*.yuv=01;35:*.cgm=01;35:*.emf=01;35:*.ogv=01;35:*.ogx=01;35:*.aac=00;36:*.au=00;36:*.flac=00;36:*.m4a=00;36:*.mid=00;36:*.midi=00;36:*.mka=00;36:*.mp3=00;36:*.mpc=00;36:*.ogg=00;36:*.ra=00;36:*.wav=00;36:*.oga=00;36:*.opus=00;36:*.spx=00;36:*.xspf=00;36:'), ('AMENT_PREFIX_PATH', '/workspace/install/multirobot_map_merge:/workspace/install/go2_vision:/workspace/install/go2_nav:/workspace/install/explore_lite:/workspace/install/explore_lite_msgs:/opt/ros/humble'), ('PWD', '/workspace/build/multirobot_map_merge'), ('LC_ALL', 'C.UTF-8'), ('PYTHONPATH', '/workspace/install/unitree_sdk2py/lib/python3.10/site-packages:/workspace/install/go2_vision/lib/python3.10/site-packages:/workspace/install/go2_nav/lib/python3.10/site-packages:/workspace/install/explore_lite_msgs/local/lib/python3.10/dist-packages:/opt/ros/humble/lib/python3.10/site-packages:/opt/ros/humble/local/lib/python3.10/dist-packages'), ('COLCON', '1'), ('CMAKE_PREFIX_PATH', '/workspace/install/multirobot_map_merge:/workspace/install/explore_lite:/workspace/install/explore_lite_msgs:/workspace/install/cyclonedds:/workspace/install/go2_vision:/workspace/install/go2_nav:/opt/ros/humble')]), 'shell': False}
[1.478694] (multirobot_map_merge) StdoutLine: {'line': b'-- Install configuration: ""\n'}
[1.479105] (multirobot_map_merge) StdoutLine: {'line': b'-- Up-to-date: /workspace/install/multirobot_map_merge/include/map_merge/\n'}
[1.479275] (multirobot_map_merge) StdoutLine: {'line': b'-- Up-to-date: /workspace/install/multirobot_map_merge/include/map_merge//ros1_names.hpp\n'}
[1.479413] (multirobot_map_merge) StdoutLine: {'line': b'-- Up-to-date: /workspace/install/multirobot_map_merge/include/map_merge//map_merge.h\n'}
[1.479514] (multirobot_map_merge) StdoutLine: {'line': b'-- Up-to-date: /workspace/install/multirobot_map_merge/share/multirobot_map_merge/launch\n'}
[1.479648] (multirobot_map_merge) StdoutLine: {'line': b'-- Up-to-date: /workspace/install/multirobot_map_merge/share/multirobot_map_merge/launch/map_merge.rviz\n'}
[1.479771] (multirobot_map_merge) StdoutLine: {'line': b'-- Up-to-date: /workspace/install/multirobot_map_merge/share/multirobot_map_merge/launch/tb3_simulation\n'}
[1.480007] (multirobot_map_merge) StdoutLine: {'line': b'-- Up-to-date: /workspace/install/multirobot_map_merge/share/multirobot_map_merge/launch/tb3_simulation/slam_toolbox.py\n'}
[1.480164] (multirobot_map_merge) StdoutLine: {'line': b'-- Up-to-date: /workspace/install/multirobot_map_merge/share/multirobot_map_merge/launch/tb3_simulation/bringup_launch.py\n'}
[1.480280] (multirobot_map_merge) StdoutLine: {'line': b'-- Up-to-date: /workspace/install/multirobot_map_merge/share/multirobot_map_merge/launch/tb3_simulation/multi_tb3_simulation_launch.py\n'}
[1.480373] (multirobot_map_merge) StdoutLine: {'line': b'-- Up-to-date: /workspace/install/multirobot_map_merge/share/multirobot_map_merge/launch/tb3_simulation/tb3_simulation_launch.py\n'}
[1.480463] (multirobot_map_merge) StdoutLine: {'line': b'-- Up-to-date: /workspace/install/multirobot_map_merge/share/multirobot_map_merge/launch/tb3_simulation/worlds\n'}
[1.480590] (multirobot_map_merge) StdoutLine: {'line': b'-- Up-to-date: /workspace/install/multirobot_map_merge/share/multirobot_map_merge/launch/tb3_simulation/worlds/world_only.model\n'}
[1.480680] (multirobot_map_merge) StdoutLine: {'line': b'-- Up-to-date: /workspace/install/multirobot_map_merge/share/multirobot_map_merge/launch/tb3_simulation/config\n'}
[1.480831] (multirobot_map_merge) StdoutLine: {'line': b'-- Up-to-date: /workspace/install/multirobot_map_merge/share/multirobot_map_merge/launch/tb3_simulation/config/nav2_multirobot_params_1.yaml\n'}
[1.480964] (multirobot_map_merge) StdoutLine: {'line': b'-- Up-to-date: /workspace/install/multirobot_map_merge/share/multirobot_map_merge/launch/tb3_simulation/config/nav2_multirobot_params_2.yaml\n'}
[1.481086] (multirobot_map_merge) StdoutLine: {'line': b'-- Up-to-date: /workspace/install/multirobot_map_merge/share/multirobot_map_merge/launch/map_merge.launch.py\n'}
[1.481177] (multirobot_map_merge) StdoutLine: {'line': b'-- Up-to-date: /workspace/install/multirobot_map_merge/share/multirobot_map_merge/launch/from_map_server.launch.py\n'}
[1.481265] (multirobot_map_merge) StdoutLine: {'line': b'-- Up-to-date: /workspace/install/multirobot_map_merge/share/multirobot_map_merge/config\n'}
[1.481379] (multirobot_map_merge) StdoutLine: {'line': b'-- Up-to-date: /workspace/install/multirobot_map_merge/share/multirobot_map_merge/config/params.yaml\n'}
[1.481496] (multirobot_map_merge) StdoutLine: {'line': b'-- Up-to-date: /workspace/install/multirobot_map_merge/lib/libcombine_grids.a\n'}
[1.482381] (multirobot_map_merge) StdoutLine: {'line': b'-- Up-to-date: /workspace/install/multirobot_map_merge/lib/multirobot_map_merge/map_merge\n'}
[1.482733] (multirobot_map_merge) StdoutLine: {'line': b'-- Up-to-date: /workspace/install/multirobot_map_merge/share/multirobot_map_merge/environment/library_path.sh\n'}
[1.482873] (multirobot_map_merge) StdoutLine: {'line': b'-- Up-to-date: /workspace/install/multirobot_map_merge/share/multirobot_map_merge/environment/library_path.dsv\n'}
[1.483016] (multirobot_map_merge) StdoutLine: {'line': b'-- Up-to-date: /workspace/install/multirobot_map_merge/share/ament_index/resource_index/package_run_dependencies/multirobot_map_merge\n'}
[1.483236] (multirobot_map_merge) StdoutLine: {'line': b'-- Up-to-date: /workspace/install/multirobot_map_merge/share/ament_index/resource_index/parent_prefix_path/multirobot_map_merge\n'}
[1.483364] (multirobot_map_merge) StdoutLine: {'line': b'-- Up-to-date: /workspace/install/multirobot_map_merge/share/multirobot_map_merge/environment/ament_prefix_path.sh\n'}
[1.483511] (multirobot_map_merge) StdoutLine: {'line': b'-- Up-to-date: /workspace/install/multirobot_map_merge/share/multirobot_map_merge/environment/ament_prefix_path.dsv\n'}
[1.483646] (multirobot_map_merge) StdoutLine: {'line': b'-- Up-to-date: /workspace/install/multirobot_map_merge/share/multirobot_map_merge/environment/path.sh\n'}
[1.483780] (multirobot_map_merge) StdoutLine: {'line': b'-- Up-to-date: /workspace/install/multirobot_map_merge/share/multirobot_map_merge/environment/path.dsv\n'}
[1.483910] (multirobot_map_merge) StdoutLine: {'line': b'-- Up-to-date: /workspace/install/multirobot_map_merge/share/multirobot_map_merge/local_setup.bash\n'}
[1.484004] (multirobot_map_merge) StdoutLine: {'line': b'-- Up-to-date: /workspace/install/multirobot_map_merge/share/multirobot_map_merge/local_setup.sh\n'}
[1.484094] (multirobot_map_merge) StdoutLine: {'line': b'-- Up-to-date: /workspace/install/multirobot_map_merge/share/multirobot_map_merge/local_setup.zsh\n'}
[1.484178] (multirobot_map_merge) StdoutLine: {'line': b'-- Up-to-date: /workspace/install/multirobot_map_merge/share/multirobot_map_merge/local_setup.dsv\n'}
[1.484264] (multirobot_map_merge) StdoutLine: {'line': b'-- Installing: /workspace/install/multirobot_map_merge/share/multirobot_map_merge/package.dsv\n'}
[1.484445] (multirobot_map_merge) StdoutLine: {'line': b'-- Up-to-date: /workspace/install/multirobot_map_merge/share/ament_index/resource_index/packages/multirobot_map_merge\n'}
[1.484660] (multirobot_map_merge) StdoutLine: {'line': b'-- Up-to-date: /workspace/install/multirobot_map_merge/share/multirobot_map_merge/cmake/ament_cmake_export_include_directories-extras.cmake\n'}
[1.484791] (multirobot_map_merge) StdoutLine: {'line': b'-- Up-to-date: /workspace/install/multirobot_map_merge/share/multirobot_map_merge/cmake/ament_cmake_export_libraries-extras.cmake\n'}
[1.484925] (multirobot_map_merge) StdoutLine: {'line': b'-- Up-to-date: /workspace/install/multirobot_map_merge/share/multirobot_map_merge/cmake/multirobot_map_mergeConfig.cmake\n'}
[1.485039] (multirobot_map_merge) StdoutLine: {'line': b'-- Up-to-date: /workspace/install/multirobot_map_merge/share/multirobot_map_merge/cmake/multirobot_map_mergeConfig-version.cmake\n'}
[1.485139] (multirobot_map_merge) StdoutLine: {'line': b'-- Up-to-date: /workspace/install/multirobot_map_merge/share/multirobot_map_merge/package.xml\n'}
[1.489011] (multirobot_map_merge) CommandEnded: {'returncode': 0}
[1.513638] (multirobot_map_merge) JobEnded: {'identifier': 'multirobot_map_merge', 'rc': 0}
[1.538388] (-) TimerEvent: {}
[1.557058] (explore_lite) StdoutLine: {'line': b'[ 40%] Built target gtest\n'}
[1.557497] (explore_lite) StdoutLine: {'line': b'[ 40%] Built target gtest_main\n'}
[1.587167] (explore_lite) StdoutLine: {'line': b'[ 80%] Built target explore\n'}
[1.596901] (explore_lite) StdoutLine: {'line': b'[100%] Built target test_explore\n'}
[1.615057] (explore_lite) CommandEnded: {'returncode': 0}
[1.616641] (explore_lite) JobProgress: {'identifier': 'explore_lite', 'progress': 'install'}
[1.617075] (explore_lite) Command: {'cmd': ['/usr/bin/cmake', '--install', '/workspace/build/explore_lite'], 'cwd': '/workspace/build/explore_lite', 'env': OrderedDict([('HOSTNAME', 'ubuntu'), ('SHLVL', '1'), ('LD_LIBRARY_PATH', '/workspace/install/explore_lite_msgs/lib:/workspace/install/multirobot_map_merge/lib:/workspace/install/cyclonedds/lib:/opt/ros/humble/opt/rviz_ogre_vendor/lib:/opt/ros/humble/lib/aarch64-linux-gnu:/opt/ros/humble/lib'), ('HOME', '/root'), ('OLDPWD', '/workspace/src'), ('ROS_PYTHON_VERSION', '3'), ('COLCON_PREFIX_PATH', '/workspace/install'), ('ROS_DISTRO', 'humble'), ('_', '/usr/bin/colcon'), ('ROS_VERSION', '2'), ('PKG_CONFIG_PATH', '/workspace/install/cyclonedds/lib/aarch64-linux-gnu/pkgconfig:/workspace/install/cyclonedds/lib/pkgconfig'), ('TERM', 'xterm'), ('ROS_LOCALHOST_ONLY', '0'), ('PATH', '/workspace/install/cyclonedds/bin:/opt/ros/humble/bin:/usr/local/sbin:/usr/local/bin:/usr/sbin:/usr/bin:/sbin:/bin'), ('LANG', 'C.UTF-8'), ('RMW_IMPLEMENTATION', 'rmw_cyclonedds_cpp'), ('CYCLONEDDS_HOME', '/workspace/cyclonedds/install'), ('LS_COLORS', 'rs=0:di=01;34:ln=01;36:mh=00:pi=40;33:so=01;35:do=01;35:bd=40;33;01:cd=40;33;01:or=40;31;01:mi=00:su=37;41:sg=30;43:ca=30;41:tw=30;42:ow=34;42:st=37;44:ex=01;32:*.tar=01;31:*.tgz=01;31:*.arc=01;31:*.arj=01;31:*.taz=01;31:*.lha=01;31:*.lz4=01;31:*.lzh=01;31:*.lzma=01;31:*.tlz=01;31:*.txz=01;31:*.tzo=01;31:*.t7z=01;31:*.zip=01;31:*.z=01;31:*.dz=01;31:*.gz=01;31:*.lrz=01;31:*.lz=01;31:*.lzo=01;31:*.xz=01;31:*.zst=01;31:*.tzst=01;31:*.bz2=01;31:*.bz=01;31:*.tbz=01;31:*.tbz2=01;31:*.tz=01;31:*.deb=01;31:*.rpm=01;31:*.jar=01;31:*.war=01;31:*.ear=01;31:*.sar=01;31:*.rar=01;31:*.alz=01;31:*.ace=01;31:*.zoo=01;31:*.cpio=01;31:*.7z=01;31:*.rz=01;31:*.cab=01;31:*.wim=01;31:*.swm=01;31:*.dwm=01;31:*.esd=01;31:*.jpg=01;35:*.jpeg=01;35:*.mjpg=01;35:*.mjpeg=01;35:*.gif=01;35:*.bmp=01;35:*.pbm=01;35:*.pgm=01;35:*.ppm=01;35:*.tga=01;35:*.xbm=01;35:*.xpm=01;35:*.tif=01;35:*.tiff=01;35:*.png=01;35:*.svg=01;35:*.svgz=01;35:*.mng=01;35:*.pcx=01;35:*.mov=01;35:*.mpg=01;35:*.mpeg=01;35:*.m2v=01;35:*.mkv=01;35:*.webm=01;35:*.webp=01;35:*.ogm=01;35:*.mp4=01;35:*.m4v=01;35:*.mp4v=01;35:*.vob=01;35:*.qt=01;35:*.nuv=01;35:*.wmv=01;35:*.asf=01;35:*.rm=01;35:*.rmvb=01;35:*.flc=01;35:*.avi=01;35:*.fli=01;35:*.flv=01;35:*.gl=01;35:*.dl=01;35:*.xcf=01;35:*.xwd=01;35:*.yuv=01;35:*.cgm=01;35:*.emf=01;35:*.ogv=01;35:*.ogx=01;35:*.aac=00;36:*.au=00;36:*.flac=00;36:*.m4a=00;36:*.mid=00;36:*.midi=00;36:*.mka=00;36:*.mp3=00;36:*.mpc=00;36:*.ogg=00;36:*.ra=00;36:*.wav=00;36:*.oga=00;36:*.opus=00;36:*.spx=00;36:*.xspf=00;36:'), ('AMENT_PREFIX_PATH', '/workspace/install/multirobot_map_merge:/workspace/install/go2_vision:/workspace/install/go2_nav:/workspace/install/explore_lite:/workspace/install/explore_lite_msgs:/opt/ros/humble'), ('PWD', '/workspace/build/explore_lite'), ('LC_ALL', 'C.UTF-8'), ('PYTHONPATH', '/workspace/install/unitree_sdk2py/lib/python3.10/site-packages:/workspace/install/go2_vision/lib/python3.10/site-packages:/workspace/install/go2_nav/lib/python3.10/site-packages:/workspace/install/explore_lite_msgs/local/lib/python3.10/dist-packages:/opt/ros/humble/lib/python3.10/site-packages:/opt/ros/humble/local/lib/python3.10/dist-packages'), ('COLCON', '1'), ('CMAKE_PREFIX_PATH', '/workspace/install/explore_lite_msgs:/workspace/install/multirobot_map_merge:/workspace/install/explore_lite:/workspace/install/cyclonedds:/workspace/install/go2_vision:/workspace/install/go2_nav:/opt/ros/humble')]), 'shell': False}
[1.629833] (explore_lite) StdoutLine: {'line': b'-- Install configuration: ""\n'}
[1.630166] (explore_lite) StdoutLine: {'line': b'-- Up-to-date: /workspace/install/explore_lite/include/explore/\n'}
[1.630357] (explore_lite) StdoutLine: {'line': b'-- Up-to-date: /workspace/install/explore_lite/include/explore//costmap_client.h\n'}
[1.630489] (explore_lite) StdoutLine: {'line': b'-- Up-to-date: /workspace/install/explore_lite/include/explore//explore.h\n'}
[1.630609] (explore_lite) StdoutLine: {'line': b'-- Up-to-date: /workspace/install/explore_lite/include/explore//costmap_tools.h\n'}
[1.630713] (explore_lite) StdoutLine: {'line': b'-- Up-to-date: /workspace/install/explore_lite/include/explore//frontier_search.h\n'}
[1.630849] (explore_lite) StdoutLine: {'line': b'-- Up-to-date: /workspace/install/explore_lite/share/explore_lite/config\n'}
[1.630970] (explore_lite) StdoutLine: {'line': b'-- Up-to-date: /workspace/install/explore_lite/share/explore_lite/config/params.yaml\n'}
[1.631065] (explore_lite) StdoutLine: {'line': b'-- Up-to-date: /workspace/install/explore_lite/share/explore_lite/config/params_costmap.yaml\n'}
[1.631160] (explore_lite) StdoutLine: {'line': b'-- Up-to-date: /workspace/install/explore_lite/share/explore_lite/launch\n'}
[1.631271] (explore_lite) StdoutLine: {'line': b'-- Up-to-date: /workspace/install/explore_lite/share/explore_lite/launch/explore.launch.py\n'}
[1.632327] (explore_lite) StdoutLine: {'line': b'-- Up-to-date: /workspace/install/explore_lite/lib/explore_lite/explore\n'}
[1.632738] (explore_lite) StdoutLine: {'line': b'-- Up-to-date: /workspace/install/explore_lite/share/ament_index/resource_index/package_run_dependencies/explore_lite\n'}
[1.632957] (explore_lite) StdoutLine: {'line': b'-- Up-to-date: /workspace/install/explore_lite/share/ament_index/resource_index/parent_prefix_path/explore_lite\n'}
[1.633072] (explore_lite) StdoutLine: {'line': b'-- Up-to-date: /workspace/install/explore_lite/share/explore_lite/environment/ament_prefix_path.sh\n'}
[1.633192] (explore_lite) StdoutLine: {'line': b'-- Up-to-date: /workspace/install/explore_lite/share/explore_lite/environment/ament_prefix_path.dsv\n'}
[1.633323] (explore_lite) StdoutLine: {'line': b'-- Up-to-date: /workspace/install/explore_lite/share/explore_lite/environment/path.sh\n'}
[1.633460] (explore_lite) StdoutLine: {'line': b'-- Up-to-date: /workspace/install/explore_lite/share/explore_lite/environment/path.dsv\n'}
[1.633589] (explore_lite) StdoutLine: {'line': b'-- Up-to-date: /workspace/install/explore_lite/share/explore_lite/local_setup.bash\n'}
[1.633703] (explore_lite) StdoutLine: {'line': b'-- Up-to-date: /workspace/install/explore_lite/share/explore_lite/local_setup.sh\n'}
[1.633792] (explore_lite) StdoutLine: {'line': b'-- Up-to-date: /workspace/install/explore_lite/share/explore_lite/local_setup.zsh\n'}
[1.633878] (explore_lite) StdoutLine: {'line': b'-- Up-to-date: /workspace/install/explore_lite/share/explore_lite/local_setup.dsv\n'}
[1.633966] (explore_lite) StdoutLine: {'line': b'-- Installing: /workspace/install/explore_lite/share/explore_lite/package.dsv\n'}
[1.634079] (explore_lite) StdoutLine: {'line': b'-- Up-to-date: /workspace/install/explore_lite/share/ament_index/resource_index/packages/explore_lite\n'}
[1.634296] (explore_lite) StdoutLine: {'line': b'-- Up-to-date: /workspace/install/explore_lite/share/explore_lite/cmake/ament_cmake_export_dependencies-extras.cmake\n'}
[1.634420] (explore_lite) StdoutLine: {'line': b'-- Up-to-date: /workspace/install/explore_lite/share/explore_lite/cmake/ament_cmake_export_include_directories-extras.cmake\n'}
[1.634588] (explore_lite) StdoutLine: {'line': b'-- Up-to-date: /workspace/install/explore_lite/share/explore_lite/cmake/explore_liteConfig.cmake\n'}
[1.634706] (explore_lite) StdoutLine: {'line': b'-- Up-to-date: /workspace/install/explore_lite/share/explore_lite/cmake/explore_liteConfig-version.cmake\n'}
[1.634798] (explore_lite) StdoutLine: {'line': b'-- Up-to-date: /workspace/install/explore_lite/share/explore_lite/package.xml\n'}
[1.637685] (explore_lite) CommandEnded: {'returncode': 0}
[1.638822] (-) TimerEvent: {}
[1.659077] (explore_lite) JobEnded: {'identifier': 'explore_lite', 'rc': 0}
[1.738970] (-) TimerEvent: {}
[1.790007] (go2_nav) StdoutLine: {'line': b'running egg_info\n'}
[1.790931] (go2_vision) StdoutLine: {'line': b'running egg_info\n'}
[1.791543] (go2_nav) StdoutLine: {'line': b'writing ../../build/go2_nav/go2_nav.egg-info/PKG-INFO\n'}
[1.792223] (go2_vision) StdoutLine: {'line': b'writing ../../build/go2_vision/go2_vision.egg-info/PKG-INFO\n'}
[1.792386] (go2_nav) StdoutLine: {'line': b'writing dependency_links to ../../build/go2_nav/go2_nav.egg-info/dependency_links.txt\n'}
[1.792555] (go2_nav) StdoutLine: {'line': b'writing entry points to ../../build/go2_nav/go2_nav.egg-info/entry_points.txt\n'}
[1.792779] (go2_nav) StdoutLine: {'line': b'writing requirements to ../../build/go2_nav/go2_nav.egg-info/requires.txt\n'}
[1.792935] (go2_nav) StdoutLine: {'line': b'writing top-level names to ../../build/go2_nav/go2_nav.egg-info/top_level.txt\n'}
[1.793153] (go2_vision) StdoutLine: {'line': b'writing dependency_links to ../../build/go2_vision/go2_vision.egg-info/dependency_links.txt\n'}
[1.793461] (go2_vision) StdoutLine: {'line': b'writing entry points to ../../build/go2_vision/go2_vision.egg-info/entry_points.txt\n'}
[1.793706] (go2_vision) StdoutLine: {'line': b'writing requirements to ../../build/go2_vision/go2_vision.egg-info/requires.txt\n'}
[1.793867] (go2_vision) StdoutLine: {'line': b'writing top-level names to ../../build/go2_vision/go2_vision.egg-info/top_level.txt\n'}
[1.795991] (go2_nav) StdoutLine: {'line': b"reading manifest file '../../build/go2_nav/go2_nav.egg-info/SOURCES.txt'\n"}
[1.796838] (go2_vision) StdoutLine: {'line': b"reading manifest file '../../build/go2_vision/go2_vision.egg-info/SOURCES.txt'\n"}
[1.797802] (go2_nav) StdoutLine: {'line': b"writing manifest file '../../build/go2_nav/go2_nav.egg-info/SOURCES.txt'\n"}
[1.798039] (go2_nav) StdoutLine: {'line': b'running build\n'}
[1.798185] (go2_nav) StdoutLine: {'line': b'running build_py\n'}
[1.798609] (go2_vision) StdoutLine: {'line': b"writing manifest file '../../build/go2_vision/go2_vision.egg-info/SOURCES.txt'\n"}
[1.798822] (go2_vision) StdoutLine: {'line': b'running build\n'}
[1.798964] (go2_vision) StdoutLine: {'line': b'running build_py\n'}
[1.799701] (go2_vision) StdoutLine: {'line': b'copying go2_vision/cameraaccess.py -> /workspace/build/go2_vision/build/lib/go2_vision\n'}
[1.799864] (go2_nav) StdoutLine: {'line': b'running install\n'}
[1.800162] (go2_vision) StdoutLine: {'line': b'running install\n'}
[1.800418] (go2_nav) StdoutLine: {'line': b'running install_lib\n'}
[1.800755] (go2_vision) StdoutLine: {'line': b'running install_lib\n'}
[1.802002] (go2_vision) StdoutLine: {'line': b'copying /workspace/build/go2_vision/build/lib/go2_vision/cameraaccess.py -> /workspace/install/go2_vision/lib/python3.10/site-packages/go2_vision\n'}
[1.803104] (go2_nav) StdoutLine: {'line': b'running install_data\n'}
[1.803268] (go2_vision) StdoutLine: {'line': b'byte-compiling /workspace/install/go2_vision/lib/python3.10/site-packages/go2_vision/cameraaccess.py to cameraaccess.cpython-310.pyc\n'}
[1.804018] (go2_nav) StdoutLine: {'line': b'running install_egg_info\n'}
[1.804801] (go2_vision) StdoutLine: {'line': b'running install_data\n'}
[1.805065] (go2_vision) StdoutLine: {'line': b'running install_egg_info\n'}
[1.807281] (go2_nav) StdoutLine: {'line': b"removing '/workspace/install/go2_nav/lib/python3.10/site-packages/go2_nav-0.0.0-py3.10.egg-info' (and everything under it)\n"}
[1.807804] (go2_nav) StdoutLine: {'line': b'Copying ../../build/go2_nav/go2_nav.egg-info to /workspace/install/go2_nav/lib/python3.10/site-packages/go2_nav-0.0.0-py3.10.egg-info\n'}
[1.808384] (go2_vision) StdoutLine: {'line': b"removing '/workspace/install/go2_vision/lib/python3.10/site-packages/go2_vision-0.0.0-py3.10.egg-info' (and everything under it)\n"}
[1.808938] (go2_vision) StdoutLine: {'line': b'Copying ../../build/go2_vision/go2_vision.egg-info to /workspace/install/go2_vision/lib/python3.10/site-packages/go2_vision-0.0.0-py3.10.egg-info\n'}
[1.809802] (go2_nav) StdoutLine: {'line': b'running install_scripts\n'}
[1.810559] (go2_vision) StdoutLine: {'line': b'running install_scripts\n'}
[1.839055] (-) TimerEvent: {}
[1.844745] (go2_nav) StdoutLine: {'line': b'Installing go2_sport_bridge script to /workspace/install/go2_nav/lib/go2_nav\n'}
[1.845175] (go2_nav) StdoutLine: {'line': b'Installing odom_broadcast script to /workspace/install/go2_nav/lib/go2_nav\n'}
[1.845666] (go2_nav) StdoutLine: {'line': b'Installing restamp_node script to /workspace/install/go2_nav/lib/go2_nav\n'}
[1.845929] (go2_vision) StdoutLine: {'line': b'Installing cameraimg script to /workspace/install/go2_vision/lib/go2_vision\n'}
[1.846096] (go2_nav) StdoutLine: {'line': b"writing list of installed files to '/workspace/build/go2_nav/install.log'\n"}
[1.846625] (go2_vision) StdoutLine: {'line': b"writing list of installed files to '/workspace/build/go2_vision/install.log'\n"}
[1.910597] (go2_nav) CommandEnded: {'returncode': 0}
[1.934624] (go2_nav) JobEnded: {'identifier': 'go2_nav', 'rc': 0}
[1.938839] (go2_vision) CommandEnded: {'returncode': 0}
[1.939728] (-) TimerEvent: {}
[1.958519] (go2_vision) JobEnded: {'identifier': 'go2_vision', 'rc': 0}
[1.978550] (unitree_sdk2py) Command: {'cmd': ['/usr/bin/python3', '-W', 'ignore:setup.py install is deprecated', '-W', 'ignore:easy_install command is deprecated', 'setup.py', 'egg_info', '--egg-base', '../../build/unitree_sdk2py', 'build', '--build-base', '/workspace/build/unitree_sdk2py/build', 'install', '--record', '/workspace/build/unitree_sdk2py/install.log', '--single-version-externally-managed'], 'cwd': '/workspace/sdk/unitree_sdk2_python', 'env': {'HOSTNAME': 'ubuntu', 'SHLVL': '1', 'LD_LIBRARY_PATH': '/workspace/install/cyclonedds/lib:/workspace/install/multirobot_map_merge/lib:/workspace/install/explore_lite_msgs/lib:/opt/ros/humble/opt/rviz_ogre_vendor/lib:/opt/ros/humble/lib/aarch64-linux-gnu:/opt/ros/humble/lib', 'HOME': '/root', 'OLDPWD': '/workspace/src', 'ROS_PYTHON_VERSION': '3', 'COLCON_PREFIX_PATH': '/workspace/install', 'ROS_DISTRO': 'humble', '_': '/usr/bin/colcon', 'ROS_VERSION': '2', 'PKG_CONFIG_PATH': '/workspace/install/cyclonedds/lib/aarch64-linux-gnu/pkgconfig:/workspace/install/cyclonedds/lib/pkgconfig', 'TERM': 'xterm', 'ROS_LOCALHOST_ONLY': '0', 'PATH': '/workspace/install/cyclonedds/bin:/opt/ros/humble/bin:/usr/local/sbin:/usr/local/bin:/usr/sbin:/usr/bin:/sbin:/bin', 'LANG': 'C.UTF-8', 'RMW_IMPLEMENTATION': 'rmw_cyclonedds_cpp', 'CYCLONEDDS_HOME': '/workspace/cyclonedds/install', 'LS_COLORS': 'rs=0:di=01;34:ln=01;36:mh=00:pi=40;33:so=01;35:do=01;35:bd=40;33;01:cd=40;33;01:or=40;31;01:mi=00:su=37;41:sg=30;43:ca=30;41:tw=30;42:ow=34;42:st=37;44:ex=01;32:*.tar=01;31:*.tgz=01;31:*.arc=01;31:*.arj=01;31:*.taz=01;31:*.lha=01;31:*.lz4=01;31:*.lzh=01;31:*.lzma=01;31:*.tlz=01;31:*.txz=01;31:*.tzo=01;31:*.t7z=01;31:*.zip=01;31:*.z=01;31:*.dz=01;31:*.gz=01;31:*.lrz=01;31:*.lz=01;31:*.lzo=01;31:*.xz=01;31:*.zst=01;31:*.tzst=01;31:*.bz2=01;31:*.bz=01;31:*.tbz=01;31:*.tbz2=01;31:*.tz=01;31:*.deb=01;31:*.rpm=01;31:*.jar=01;31:*.war=01;31:*.ear=01;31:*.sar=01;31:*.rar=01;31:*.alz=01;31:*.ace=01;31:*.zoo=01;31:*.cpio=01;31:*.7z=01;31:*.rz=01;31:*.cab=01;31:*.wim=01;31:*.swm=01;31:*.dwm=01;31:*.esd=01;31:*.jpg=01;35:*.jpeg=01;35:*.mjpg=01;35:*.mjpeg=01;35:*.gif=01;35:*.bmp=01;35:*.pbm=01;35:*.pgm=01;35:*.ppm=01;35:*.tga=01;35:*.xbm=01;35:*.xpm=01;35:*.tif=01;35:*.tiff=01;35:*.png=01;35:*.svg=01;35:*.svgz=01;35:*.mng=01;35:*.pcx=01;35:*.mov=01;35:*.mpg=01;35:*.mpeg=01;35:*.m2v=01;35:*.mkv=01;35:*.webm=01;35:*.webp=01;35:*.ogm=01;35:*.mp4=01;35:*.m4v=01;35:*.mp4v=01;35:*.vob=01;35:*.qt=01;35:*.nuv=01;35:*.wmv=01;35:*.asf=01;35:*.rm=01;35:*.rmvb=01;35:*.flc=01;35:*.avi=01;35:*.fli=01;35:*.flv=01;35:*.gl=01;35:*.dl=01;35:*.xcf=01;35:*.xwd=01;35:*.yuv=01;35:*.cgm=01;35:*.emf=01;35:*.ogv=01;35:*.ogx=01;35:*.aac=00;36:*.au=00;36:*.flac=00;36:*.m4a=00;36:*.mid=00;36:*.midi=00;36:*.mka=00;36:*.mp3=00;36:*.mpc=00;36:*.ogg=00;36:*.ra=00;36:*.wav=00;36:*.oga=00;36:*.opus=00;36:*.spx=00;36:*.xspf=00;36:', 'AMENT_PREFIX_PATH': '/workspace/install/multirobot_map_merge:/workspace/install/go2_vision:/workspace/install/go2_nav:/workspace/install/explore_lite:/workspace/install/explore_lite_msgs:/opt/ros/humble', 'PWD': '/workspace/build/unitree_sdk2py', 'LC_ALL': 'C.UTF-8', 'PYTHONPATH': '/workspace/build/unitree_sdk2py/prefix_override:/usr/lib/python3/dist-packages/colcon_core/task/python/colcon_distutils_commands:/workspace/install/unitree_sdk2py/lib/python3.10/site-packages:/workspace/install/unitree_sdk2py/lib/python3.10/site-packages:/workspace/install/go2_vision/lib/python3.10/site-packages:/workspace/install/go2_nav/lib/python3.10/site-packages:/workspace/install/explore_lite_msgs/local/lib/python3.10/dist-packages:/opt/ros/humble/lib/python3.10/site-packages:/opt/ros/humble/local/lib/python3.10/dist-packages', 'COLCON': '1', 'CMAKE_PREFIX_PATH': '/workspace/install/cyclonedds:/workspace/install/multirobot_map_merge:/workspace/install/explore_lite:/workspace/install/explore_lite_msgs'}, 'shell': False}
[2.040288] (-) TimerEvent: {}
[2.140804] (-) TimerEvent: {}
[2.241498] (-) TimerEvent: {}
[2.291087] (unitree_sdk2py) StdoutLine: {'line': b'running egg_info\n'}
[2.291661] (unitree_sdk2py) StdoutLine: {'line': b'writing ../../build/unitree_sdk2py/unitree_sdk2py.egg-info/PKG-INFO\n'}
[2.292071] (unitree_sdk2py) StdoutLine: {'line': b'writing dependency_links to ../../build/unitree_sdk2py/unitree_sdk2py.egg-info/dependency_links.txt\n'}
[2.292427] (unitree_sdk2py) StdoutLine: {'line': b'writing requirements to ../../build/unitree_sdk2py/unitree_sdk2py.egg-info/requires.txt\n'}
[2.292753] (unitree_sdk2py) StdoutLine: {'line': b'writing top-level names to ../../build/unitree_sdk2py/unitree_sdk2py.egg-info/top_level.txt\n'}
[2.303254] (unitree_sdk2py) StdoutLine: {'line': b"reading manifest file '../../build/unitree_sdk2py/unitree_sdk2py.egg-info/SOURCES.txt'\n"}
[2.304681] (unitree_sdk2py) StdoutLine: {'line': b"adding license file 'LICENSE'\n"}
[2.308095] (unitree_sdk2py) StdoutLine: {'line': b"writing manifest file '../../build/unitree_sdk2py/unitree_sdk2py.egg-info/SOURCES.txt'\n"}
[2.308450] (unitree_sdk2py) StdoutLine: {'line': b'running build\n'}
[2.308710] (unitree_sdk2py) StdoutLine: {'line': b'running build_py\n'}
[2.336332] (unitree_sdk2py) StdoutLine: {'line': b'running install\n'}
[2.336833] (unitree_sdk2py) StdoutLine: {'line': b'running install_lib\n'}
[2.341580] (-) TimerEvent: {}
[2.357615] (unitree_sdk2py) StdoutLine: {'line': b'running install_egg_info\n'}
[2.360409] (unitree_sdk2py) StdoutLine: {'line': b"removing '/workspace/install/unitree_sdk2py/lib/python3.10/site-packages/unitree_sdk2py-1.0.1-py3.10.egg-info' (and everything under it)\n"}
[2.360888] (unitree_sdk2py) StdoutLine: {'line': b'Copying ../../build/unitree_sdk2py/unitree_sdk2py.egg-info to /workspace/install/unitree_sdk2py/lib/python3.10/site-packages/unitree_sdk2py-1.0.1-py3.10.egg-info\n'}
[2.361977] (unitree_sdk2py) StdoutLine: {'line': b'running install_scripts\n'}
[2.402232] (unitree_sdk2py) StdoutLine: {'line': b"writing list of installed files to '/workspace/build/unitree_sdk2py/install.log'\n"}
[2.441697] (-) TimerEvent: {}
[2.459154] (unitree_sdk2py) CommandEnded: {'returncode': 0}
[2.488823] (unitree_sdk2py) JobEnded: {'identifier': 'unitree_sdk2py', 'rc': 0}
[2.491343] (-) EventReactorShutdown: {}
