[0.000000] (-) TimerEvent: {}
[0.000916] (cyclonedds) JobQueued: {'identifier': 'cyclonedds', 'dependencies': OrderedDict()}
[0.001170] (explore_lite_msgs) JobQueued: {'identifier': 'explore_lite_msgs', 'dependencies': OrderedDict()}
[0.001461] (go2_nav) JobQueued: {'identifier': 'go2_nav', 'dependencies': OrderedDict()}
[0.001647] (go2_vision) JobQueued: {'identifier': 'go2_vision', 'dependencies': OrderedDict()}
[0.001729] (multirobot_map_merge) JobQueued: {'identifier': 'multirobot_map_merge', 'dependencies': OrderedDict()}
[0.001794] (explore_lite) JobQueued: {'identifier': 'explore_lite', 'dependencies': OrderedDict([('explore_lite_msgs', '/workspace/install/explore_lite_msgs')])}
[0.001859] (unitree_sdk2py) JobQueued: {'identifier': 'unitree_sdk2py', 'dependencies': OrderedDict([('cyclonedds', '/workspace/install/cyclonedds')])}
[0.001917] (cyclonedds) JobStarted: {'identifier': 'cyclonedds'}
[0.013171] (explore_lite_msgs) JobStarted: {'identifier': 'explore_lite_msgs'}
[0.018562] (go2_nav) JobStarted: {'identifier': 'go2_nav'}
[0.026066] (go2_vision) JobStarted: {'identifier': 'go2_vision'}
[0.032794] (multirobot_map_merge) JobStarted: {'identifier': 'multirobot_map_merge'}
[0.039935] (cyclonedds) JobProgress: {'identifier': 'cyclonedds', 'progress': 'cmake'}
[0.040702] (cyclonedds) Command: {'cmd': ['/usr/bin/cmake', '/workspace/cyclonedds', '-DBUILD_IDLC=AUTO', '-DCMAKE_INSTALL_PREFIX=/workspace/install/cyclonedds'], 'cwd': '/workspace/build/cyclonedds', 'env': OrderedDict([('HOSTNAME', 'ubuntu'), ('SHLVL', '2'), ('LD_LIBRARY_PATH', '/opt/ros/humble/opt/rviz_ogre_vendor/lib:/opt/ros/humble/lib/aarch64-linux-gnu:/opt/ros/humble/lib'), ('HOME', '/root'), ('OLDPWD', '/workspace'), ('ROS_PYTHON_VERSION', '3'), ('ROS_DISTRO', 'humble'), ('_', '/usr/bin/colcon'), ('ROS_VERSION', '2'), ('TERM', 'xterm'), ('ROS_LOCALHOST_ONLY', '0'), ('PATH', '/opt/ros/humble/bin:/usr/local/sbin:/usr/local/bin:/usr/sbin:/usr/bin:/sbin:/bin'), ('LANG', 'C.UTF-8'), ('CYCLONEDDS_HOME', '/workspace/cyclonedds/install'), ('LS_COLORS', 'rs=0:di=01;34:ln=01;36:mh=00:pi=40;33:so=01;35:do=01;35:bd=40;33;01:cd=40;33;01:or=40;31;01:mi=00:su=37;41:sg=30;43:ca=30;41:tw=30;42:ow=34;42:st=37;44:ex=01;32:*.tar=01;31:*.tgz=01;31:*.arc=01;31:*.arj=01;31:*.taz=01;31:*.lha=01;31:*.lz4=01;31:*.lzh=01;31:*.lzma=01;31:*.tlz=01;31:*.txz=01;31:*.tzo=01;31:*.t7z=01;31:*.zip=01;31:*.z=01;31:*.dz=01;31:*.gz=01;31:*.lrz=01;31:*.lz=01;31:*.lzo=01;31:*.xz=01;31:*.zst=01;31:*.tzst=01;31:*.bz2=01;31:*.bz=01;31:*.tbz=01;31:*.tbz2=01;31:*.tz=01;31:*.deb=01;31:*.rpm=01;31:*.jar=01;31:*.war=01;31:*.ear=01;31:*.sar=01;31:*.rar=01;31:*.alz=01;31:*.ace=01;31:*.zoo=01;31:*.cpio=01;31:*.7z=01;31:*.rz=01;31:*.cab=01;31:*.wim=01;31:*.swm=01;31:*.dwm=01;31:*.esd=01;31:*.jpg=01;35:*.jpeg=01;35:*.mjpg=01;35:*.mjpeg=01;35:*.gif=01;35:*.bmp=01;35:*.pbm=01;35:*.pgm=01;35:*.ppm=01;35:*.tga=01;35:*.xbm=01;35:*.xpm=01;35:*.tif=01;35:*.tiff=01;35:*.png=01;35:*.svg=01;35:*.svgz=01;35:*.mng=01;35:*.pcx=01;35:*.mov=01;35:*.mpg=01;35:*.mpeg=01;35:*.m2v=01;35:*.mkv=01;35:*.webm=01;35:*.webp=01;35:*.ogm=01;35:*.mp4=01;35:*.m4v=01;35:*.mp4v=01;35:*.vob=01;35:*.qt=01;35:*.nuv=01;35:*.wmv=01;35:*.asf=01;35:*.rm=01;35:*.rmvb=01;35:*.flc=01;35:*.avi=01;35:*.fli=01;35:*.flv=01;35:*.gl=01;35:*.dl=01;35:*.xcf=01;35:*.xwd=01;35:*.yuv=01;35:*.cgm=01;35:*.emf=01;35:*.ogv=01;35:*.ogx=01;35:*.aac=00;36:*.au=00;36:*.flac=00;36:*.m4a=00;36:*.mid=00;36:*.midi=00;36:*.mka=00;36:*.mp3=00;36:*.mpc=00;36:*.ogg=00;36:*.ra=00;36:*.wav=00;36:*.oga=00;36:*.opus=00;36:*.spx=00;36:*.xspf=00;36:'), ('AMENT_PREFIX_PATH', '/opt/ros/humble'), ('PWD', '/workspace/build/cyclonedds'), ('LC_ALL', 'C.UTF-8'), ('PYTHONPATH', '/opt/ros/humble/lib/python3.10/site-packages:/opt/ros/humble/local/lib/python3.10/dist-packages'), ('COLCON', '1'), ('CMAKE_PREFIX_PATH', '/opt/ros/humble')]), 'shell': False}
[0.044372] (explore_lite_msgs) JobProgress: {'identifier': 'explore_lite_msgs', 'progress': 'cmake'}
[0.045266] (explore_lite_msgs) JobProgress: {'identifier': 'explore_lite_msgs', 'progress': 'build'}
[0.046258] (explore_lite_msgs) Command: {'cmd': ['/usr/bin/cmake', '--build', '/workspace/build/explore_lite_msgs', '--', '-j8', '-l8'], 'cwd': '/workspace/build/explore_lite_msgs', 'env': OrderedDict([('HOSTNAME', 'ubuntu'), ('SHLVL', '2'), ('LD_LIBRARY_PATH', '/opt/ros/humble/opt/rviz_ogre_vendor/lib:/opt/ros/humble/lib/aarch64-linux-gnu:/opt/ros/humble/lib'), ('HOME', '/root'), ('OLDPWD', '/workspace'), ('ROS_PYTHON_VERSION', '3'), ('ROS_DISTRO', 'humble'), ('_', '/usr/bin/colcon'), ('ROS_VERSION', '2'), ('TERM', 'xterm'), ('ROS_LOCALHOST_ONLY', '0'), ('PATH', '/opt/ros/humble/bin:/usr/local/sbin:/usr/local/bin:/usr/sbin:/usr/bin:/sbin:/bin'), ('LANG', 'C.UTF-8'), ('CYCLONEDDS_HOME', '/workspace/cyclonedds/install'), ('LS_COLORS', 'rs=0:di=01;34:ln=01;36:mh=00:pi=40;33:so=01;35:do=01;35:bd=40;33;01:cd=40;33;01:or=40;31;01:mi=00:su=37;41:sg=30;43:ca=30;41:tw=30;42:ow=34;42:st=37;44:ex=01;32:*.tar=01;31:*.tgz=01;31:*.arc=01;31:*.arj=01;31:*.taz=01;31:*.lha=01;31:*.lz4=01;31:*.lzh=01;31:*.lzma=01;31:*.tlz=01;31:*.txz=01;31:*.tzo=01;31:*.t7z=01;31:*.zip=01;31:*.z=01;31:*.dz=01;31:*.gz=01;31:*.lrz=01;31:*.lz=01;31:*.lzo=01;31:*.xz=01;31:*.zst=01;31:*.tzst=01;31:*.bz2=01;31:*.bz=01;31:*.tbz=01;31:*.tbz2=01;31:*.tz=01;31:*.deb=01;31:*.rpm=01;31:*.jar=01;31:*.war=01;31:*.ear=01;31:*.sar=01;31:*.rar=01;31:*.alz=01;31:*.ace=01;31:*.zoo=01;31:*.cpio=01;31:*.7z=01;31:*.rz=01;31:*.cab=01;31:*.wim=01;31:*.swm=01;31:*.dwm=01;31:*.esd=01;31:*.jpg=01;35:*.jpeg=01;35:*.mjpg=01;35:*.mjpeg=01;35:*.gif=01;35:*.bmp=01;35:*.pbm=01;35:*.pgm=01;35:*.ppm=01;35:*.tga=01;35:*.xbm=01;35:*.xpm=01;35:*.tif=01;35:*.tiff=01;35:*.png=01;35:*.svg=01;35:*.svgz=01;35:*.mng=01;35:*.pcx=01;35:*.mov=01;35:*.mpg=01;35:*.mpeg=01;35:*.m2v=01;35:*.mkv=01;35:*.webm=01;35:*.webp=01;35:*.ogm=01;35:*.mp4=01;35:*.m4v=01;35:*.mp4v=01;35:*.vob=01;35:*.qt=01;35:*.nuv=01;35:*.wmv=01;35:*.asf=01;35:*.rm=01;35:*.rmvb=01;35:*.flc=01;35:*.avi=01;35:*.fli=01;35:*.flv=01;35:*.gl=01;35:*.dl=01;35:*.xcf=01;35:*.xwd=01;35:*.yuv=01;35:*.cgm=01;35:*.emf=01;35:*.ogv=01;35:*.ogx=01;35:*.aac=00;36:*.au=00;36:*.flac=00;36:*.m4a=00;36:*.mid=00;36:*.midi=00;36:*.mka=00;36:*.mp3=00;36:*.mpc=00;36:*.ogg=00;36:*.ra=00;36:*.wav=00;36:*.oga=00;36:*.opus=00;36:*.spx=00;36:*.xspf=00;36:'), ('AMENT_PREFIX_PATH', '/opt/ros/humble'), ('PWD', '/workspace/build/explore_lite_msgs'), ('LC_ALL', 'C.UTF-8'), ('PYTHONPATH', '/opt/ros/humble/lib/python3.10/site-packages:/opt/ros/humble/local/lib/python3.10/dist-packages'), ('COLCON', '1'), ('CMAKE_PREFIX_PATH', '/opt/ros/humble')]), 'shell': False}
[0.099184] (-) TimerEvent: {}
[0.199848] (-) TimerEvent: {}
[0.300499] (-) TimerEvent: {}
[0.401446] (-) TimerEvent: {}
[0.502065] (-) TimerEvent: {}
[0.602680] (-) TimerEvent: {}
[0.703261] (-) TimerEvent: {}
[0.798666] (cyclonedds) StdoutLine: {'line': b'-- The C compiler identification is GNU 11.4.0\n'}
[0.800044] (cyclonedds) StdoutLine: {'line': b'-- Detecting C compiler ABI info\n'}
[0.800234] (cyclonedds) StdoutLine: {'line': b'-- Detecting C compiler ABI info - done\n'}
[0.800617] (cyclonedds) StdoutLine: {'line': b'-- Check for working C compiler: /usr/bin/cc - skipped\n'}
[0.801198] (cyclonedds) StdoutLine: {'line': b'-- Detecting C compile features\n'}
[0.801403] (cyclonedds) StdoutLine: {'line': b'-- Detecting C compile features - done\n'}
[0.801659] (cyclonedds) StdoutLine: {'line': b"-- Setting build type to 'RelWithDebInfo' as none was specified.\n"}
[0.801841] (cyclonedds) StdoutLine: {'line': b'-- Looking for getopt.h\n'}
[0.802015] (cyclonedds) StdoutLine: {'line': b'-- Looking for getopt.h - found\n'}
[0.802180] (cyclonedds) StdoutLine: {'line': b'-- Building with OpenSSL support\n'}
[0.802560] (cyclonedds) StdoutLine: {'line': b'-- Looking for stdint.h\n'}
[0.803463] (-) TimerEvent: {}
[0.804482] (cyclonedds) StdoutLine: {'line': b'-- Looking for stdint.h - found\n'}
[0.804866] (cyclonedds) StdoutLine: {'line': b'-- Looking for inttypes.h\n'}
[0.805123] (cyclonedds) StdoutLine: {'line': b'-- Looking for inttypes.h - found\n'}
[0.805897] (cyclonedds) StdoutLine: {'line': b'-- Looking for sys/types.h\n'}
[0.806727] (cyclonedds) StdoutLine: {'line': b'-- Looking for sys/types.h - found\n'}
[0.807736] (cyclonedds) StdoutLine: {'line': b'-- Looking for stdint.h\n'}
[0.807909] (explore_lite_msgs) StdoutLine: {'line': b'[ 12%] Built target explore_lite_msgs__cpp\n'}
[0.808162] (explore_lite_msgs) StdoutLine: {'line': b'[ 15%] Built target explore_lite_msgs__rosidl_generator_c\n'}
[0.808438] (explore_lite_msgs) StdoutLine: {'line': b'[ 15%] Built target explore_lite_msgs__rs\n'}
[0.808752] (explore_lite_msgs) StdoutLine: {'line': b'[ 15%] Built target ament_cmake_python_copy_explore_lite_msgs\n'}
[0.809330] (explore_lite_msgs) StdoutLine: {'line': b'[ 34%] Built target explore_lite_msgs__rosidl_typesupport_fastrtps_c\n'}
[0.809520] (explore_lite_msgs) StdoutLine: {'line': b'[ 34%] Built target explore_lite_msgs__rosidl_typesupport_c\n'}
[0.809623] (explore_lite_msgs) StdoutLine: {'line': b'[ 43%] Built target explore_lite_msgs__rosidl_typesupport_cpp\n'}
[0.809719] (explore_lite_msgs) StdoutLine: {'line': b'[ 53%] Built target explore_lite_msgs__rosidl_typesupport_introspection_c\n'}
[0.809815] (explore_lite_msgs) StdoutLine: {'line': b'[ 71%] Built target explore_lite_msgs__rosidl_typesupport_fastrtps_cpp\n'}
[0.809908] (explore_lite_msgs) StdoutLine: {'line': b'[ 71%] Built target explore_lite_msgs__rosidl_typesupport_introspection_cpp\n'}
[0.810001] (explore_lite_msgs) StdoutLine: {'line': b'[ 71%] Built target explore_lite_msgs\n'}
[0.810095] (explore_lite_msgs) StdoutLine: {'line': b'[ 75%] Built target explore_lite_msgs__py\n'}
[0.810185] (explore_lite_msgs) StdoutLine: {'line': b'[ 81%] Built target explore_lite_msgs__rosidl_generator_py\n'}
[0.810276] (explore_lite_msgs) StdoutLine: {'line': b'[ 93%] Built target explore_lite_msgs__rosidl_typesupport_c__pyext\n'}
[0.810367] (explore_lite_msgs) StdoutLine: {'line': b'[ 93%] Built target explore_lite_msgs__rosidl_typesupport_introspection_c__pyext\n'}
[0.810457] (explore_lite_msgs) StdoutLine: {'line': b'[100%] Built target explore_lite_msgs__rosidl_typesupport_fastrtps_c__pyext\n'}
[0.810566] (explore_lite_msgs) StdoutLine: {'line': b'running egg_info\n'}
[0.810659] (explore_lite_msgs) StdoutLine: {'line': b'writing explore_lite_msgs.egg-info/PKG-INFO\n'}
[0.810751] (explore_lite_msgs) StdoutLine: {'line': b'writing dependency_links to explore_lite_msgs.egg-info/dependency_links.txt\n'}
[0.810839] (explore_lite_msgs) StdoutLine: {'line': b'writing top-level names to explore_lite_msgs.egg-info/top_level.txt\n'}
[0.810928] (explore_lite_msgs) StdoutLine: {'line': b"reading manifest file 'explore_lite_msgs.egg-info/SOURCES.txt'\n"}
[0.811015] (explore_lite_msgs) StdoutLine: {'line': b"writing manifest file 'explore_lite_msgs.egg-info/SOURCES.txt'\n"}
[0.811102] (explore_lite_msgs) StdoutLine: {'line': b'[100%] Built target ament_cmake_python_build_explore_lite_msgs_egg\n'}
[0.811194] (multirobot_map_merge) JobProgress: {'identifier': 'multirobot_map_merge', 'progress': 'cmake'}
[0.811226] (multirobot_map_merge) JobProgress: {'identifier': 'multirobot_map_merge', 'progress': 'build'}
[0.811257] (multirobot_map_merge) Command: {'cmd': ['/usr/bin/cmake', '--build', '/workspace/build/multirobot_map_merge', '--', '-j8', '-l8'], 'cwd': '/workspace/build/multirobot_map_merge', 'env': OrderedDict([('HOSTNAME', 'ubuntu'), ('SHLVL', '2'), ('LD_LIBRARY_PATH', '/opt/ros/humble/opt/rviz_ogre_vendor/lib:/opt/ros/humble/lib/aarch64-linux-gnu:/opt/ros/humble/lib'), ('HOME', '/root'), ('OLDPWD', '/workspace'), ('ROS_PYTHON_VERSION', '3'), ('ROS_DISTRO', 'humble'), ('_', '/usr/bin/colcon'), ('ROS_VERSION', '2'), ('TERM', 'xterm'), ('ROS_LOCALHOST_ONLY', '0'), ('PATH', '/opt/ros/humble/bin:/usr/local/sbin:/usr/local/bin:/usr/sbin:/usr/bin:/sbin:/bin'), ('LANG', 'C.UTF-8'), ('CYCLONEDDS_HOME', '/workspace/cyclonedds/install'), ('LS_COLORS', 'rs=0:di=01;34:ln=01;36:mh=00:pi=40;33:so=01;35:do=01;35:bd=40;33;01:cd=40;33;01:or=40;31;01:mi=00:su=37;41:sg=30;43:ca=30;41:tw=30;42:ow=34;42:st=37;44:ex=01;32:*.tar=01;31:*.tgz=01;31:*.arc=01;31:*.arj=01;31:*.taz=01;31:*.lha=01;31:*.lz4=01;31:*.lzh=01;31:*.lzma=01;31:*.tlz=01;31:*.txz=01;31:*.tzo=01;31:*.t7z=01;31:*.zip=01;31:*.z=01;31:*.dz=01;31:*.gz=01;31:*.lrz=01;31:*.lz=01;31:*.lzo=01;31:*.xz=01;31:*.zst=01;31:*.tzst=01;31:*.bz2=01;31:*.bz=01;31:*.tbz=01;31:*.tbz2=01;31:*.tz=01;31:*.deb=01;31:*.rpm=01;31:*.jar=01;31:*.war=01;31:*.ear=01;31:*.sar=01;31:*.rar=01;31:*.alz=01;31:*.ace=01;31:*.zoo=01;31:*.cpio=01;31:*.7z=01;31:*.rz=01;31:*.cab=01;31:*.wim=01;31:*.swm=01;31:*.dwm=01;31:*.esd=01;31:*.jpg=01;35:*.jpeg=01;35:*.mjpg=01;35:*.mjpeg=01;35:*.gif=01;35:*.bmp=01;35:*.pbm=01;35:*.pgm=01;35:*.ppm=01;35:*.tga=01;35:*.xbm=01;35:*.xpm=01;35:*.tif=01;35:*.tiff=01;35:*.png=01;35:*.svg=01;35:*.svgz=01;35:*.mng=01;35:*.pcx=01;35:*.mov=01;35:*.mpg=01;35:*.mpeg=01;35:*.m2v=01;35:*.mkv=01;35:*.webm=01;35:*.webp=01;35:*.ogm=01;35:*.mp4=01;35:*.m4v=01;35:*.mp4v=01;35:*.vob=01;35:*.qt=01;35:*.nuv=01;35:*.wmv=01;35:*.asf=01;35:*.rm=01;35:*.rmvb=01;35:*.flc=01;35:*.avi=01;35:*.fli=01;35:*.flv=01;35:*.gl=01;35:*.dl=01;35:*.xcf=01;35:*.xwd=01;35:*.yuv=01;35:*.cgm=01;35:*.emf=01;35:*.ogv=01;35:*.ogx=01;35:*.aac=00;36:*.au=00;36:*.flac=00;36:*.m4a=00;36:*.mid=00;36:*.midi=00;36:*.mka=00;36:*.mp3=00;36:*.mpc=00;36:*.ogg=00;36:*.ra=00;36:*.wav=00;36:*.oga=00;36:*.opus=00;36:*.spx=00;36:*.xspf=00;36:'), ('AMENT_PREFIX_PATH', '/opt/ros/humble'), ('PWD', '/workspace/build/multirobot_map_merge'), ('LC_ALL', 'C.UTF-8'), ('PYTHONPATH', '/opt/ros/humble/lib/python3.10/site-packages:/opt/ros/humble/local/lib/python3.10/dist-packages'), ('COLCON', '1'), ('CMAKE_PREFIX_PATH', '/opt/ros/humble')]), 'shell': False}
[0.812275] (explore_lite_msgs) CommandEnded: {'returncode': 0}
[0.812570] (explore_lite_msgs) JobProgress: {'identifier': 'explore_lite_msgs', 'progress': 'install'}
[0.819603] (explore_lite_msgs) Command: {'cmd': ['/usr/bin/cmake', '--install', '/workspace/build/explore_lite_msgs'], 'cwd': '/workspace/build/explore_lite_msgs', 'env': OrderedDict([('HOSTNAME', 'ubuntu'), ('SHLVL', '2'), ('LD_LIBRARY_PATH', '/opt/ros/humble/opt/rviz_ogre_vendor/lib:/opt/ros/humble/lib/aarch64-linux-gnu:/opt/ros/humble/lib'), ('HOME', '/root'), ('OLDPWD', '/workspace'), ('ROS_PYTHON_VERSION', '3'), ('ROS_DISTRO', 'humble'), ('_', '/usr/bin/colcon'), ('ROS_VERSION', '2'), ('TERM', 'xterm'), ('ROS_LOCALHOST_ONLY', '0'), ('PATH', '/opt/ros/humble/bin:/usr/local/sbin:/usr/local/bin:/usr/sbin:/usr/bin:/sbin:/bin'), ('LANG', 'C.UTF-8'), ('CYCLONEDDS_HOME', '/workspace/cyclonedds/install'), ('LS_COLORS', 'rs=0:di=01;34:ln=01;36:mh=00:pi=40;33:so=01;35:do=01;35:bd=40;33;01:cd=40;33;01:or=40;31;01:mi=00:su=37;41:sg=30;43:ca=30;41:tw=30;42:ow=34;42:st=37;44:ex=01;32:*.tar=01;31:*.tgz=01;31:*.arc=01;31:*.arj=01;31:*.taz=01;31:*.lha=01;31:*.lz4=01;31:*.lzh=01;31:*.lzma=01;31:*.tlz=01;31:*.txz=01;31:*.tzo=01;31:*.t7z=01;31:*.zip=01;31:*.z=01;31:*.dz=01;31:*.gz=01;31:*.lrz=01;31:*.lz=01;31:*.lzo=01;31:*.xz=01;31:*.zst=01;31:*.tzst=01;31:*.bz2=01;31:*.bz=01;31:*.tbz=01;31:*.tbz2=01;31:*.tz=01;31:*.deb=01;31:*.rpm=01;31:*.jar=01;31:*.war=01;31:*.ear=01;31:*.sar=01;31:*.rar=01;31:*.alz=01;31:*.ace=01;31:*.zoo=01;31:*.cpio=01;31:*.7z=01;31:*.rz=01;31:*.cab=01;31:*.wim=01;31:*.swm=01;31:*.dwm=01;31:*.esd=01;31:*.jpg=01;35:*.jpeg=01;35:*.mjpg=01;35:*.mjpeg=01;35:*.gif=01;35:*.bmp=01;35:*.pbm=01;35:*.pgm=01;35:*.ppm=01;35:*.tga=01;35:*.xbm=01;35:*.xpm=01;35:*.tif=01;35:*.tiff=01;35:*.png=01;35:*.svg=01;35:*.svgz=01;35:*.mng=01;35:*.pcx=01;35:*.mov=01;35:*.mpg=01;35:*.mpeg=01;35:*.m2v=01;35:*.mkv=01;35:*.webm=01;35:*.webp=01;35:*.ogm=01;35:*.mp4=01;35:*.m4v=01;35:*.mp4v=01;35:*.vob=01;35:*.qt=01;35:*.nuv=01;35:*.wmv=01;35:*.asf=01;35:*.rm=01;35:*.rmvb=01;35:*.flc=01;35:*.avi=01;35:*.fli=01;35:*.flv=01;35:*.gl=01;35:*.dl=01;35:*.xcf=01;35:*.xwd=01;35:*.yuv=01;35:*.cgm=01;35:*.emf=01;35:*.ogv=01;35:*.ogx=01;35:*.aac=00;36:*.au=00;36:*.flac=00;36:*.m4a=00;36:*.mid=00;36:*.midi=00;36:*.mka=00;36:*.mp3=00;36:*.mpc=00;36:*.ogg=00;36:*.ra=00;36:*.wav=00;36:*.oga=00;36:*.opus=00;36:*.spx=00;36:*.xspf=00;36:'), ('AMENT_PREFIX_PATH', '/opt/ros/humble'), ('PWD', '/workspace/build/explore_lite_msgs'), ('LC_ALL', 'C.UTF-8'), ('PYTHONPATH', '/opt/ros/humble/lib/python3.10/site-packages:/opt/ros/humble/local/lib/python3.10/dist-packages'), ('COLCON', '1'), ('CMAKE_PREFIX_PATH', '/opt/ros/humble')]), 'shell': False}
[0.832313] (explore_lite_msgs) StdoutLine: {'line': b'-- Install configuration: ""\n'}
[0.832931] (explore_lite_msgs) StdoutLine: {'line': b'-- Up-to-date: /workspace/install/explore_lite_msgs/share/ament_index/resource_index/rosidl_interfaces/explore_lite_msgs\n'}
[0.833324] (explore_lite_msgs) StdoutLine: {'line': b'-- Up-to-date: /workspace/install/explore_lite_msgs/include/explore_lite_msgs/explore_lite_msgs\n'}
[0.834020] (explore_lite_msgs) StdoutLine: {'line': b'-- Up-to-date: /workspace/install/explore_lite_msgs/include/explore_lite_msgs/explore_lite_msgs/msg\n'}
[0.834165] (explore_lite_msgs) StdoutLine: {'line': b'-- Up-to-date: /workspace/install/explore_lite_msgs/include/explore_lite_msgs/explore_lite_msgs/msg/explore_status.h\n'}
[0.834302] (explore_lite_msgs) StdoutLine: {'line': b'-- Up-to-date: /workspace/install/explore_lite_msgs/include/explore_lite_msgs/explore_lite_msgs/msg/rosidl_generator_c__visibility_control.h\n'}
[0.834506] (explore_lite_msgs) StdoutLine: {'line': b'-- Up-to-date: /workspace/install/explore_lite_msgs/include/explore_lite_msgs/explore_lite_msgs/msg/detail\n'}
[0.834615] (explore_lite_msgs) StdoutLine: {'line': b'-- Up-to-date: /workspace/install/explore_lite_msgs/include/explore_lite_msgs/explore_lite_msgs/msg/detail/explore_status__functions.h\n'}
[0.834740] (explore_lite_msgs) StdoutLine: {'line': b'-- Up-to-date: /workspace/install/explore_lite_msgs/include/explore_lite_msgs/explore_lite_msgs/msg/detail/explore_status__functions.c\n'}
[0.834838] (explore_lite_msgs) StdoutLine: {'line': b'-- Up-to-date: /workspace/install/explore_lite_msgs/include/explore_lite_msgs/explore_lite_msgs/msg/detail/explore_status__struct.h\n'}
[0.834935] (explore_lite_msgs) StdoutLine: {'line': b'-- Up-to-date: /workspace/install/explore_lite_msgs/include/explore_lite_msgs/explore_lite_msgs/msg/detail/explore_status__type_support.h\n'}
[0.835057] (explore_lite_msgs) StdoutLine: {'line': b'-- Up-to-date: /workspace/install/explore_lite_msgs/share/explore_lite_msgs/environment/library_path.sh\n'}
[0.835153] (explore_lite_msgs) StdoutLine: {'line': b'-- Up-to-date: /workspace/install/explore_lite_msgs/share/explore_lite_msgs/environment/library_path.dsv\n'}
[0.835306] (explore_lite_msgs) StdoutLine: {'line': b'-- Up-to-date: /workspace/install/explore_lite_msgs/lib/libexplore_lite_msgs__rosidl_generator_c.so\n'}
[0.835500] (explore_lite_msgs) StdoutLine: {'line': b'-- Up-to-date: /workspace/install/explore_lite_msgs/include/explore_lite_msgs/explore_lite_msgs\n'}
[0.835635] (explore_lite_msgs) StdoutLine: {'line': b'-- Up-to-date: /workspace/install/explore_lite_msgs/include/explore_lite_msgs/explore_lite_msgs/msg\n'}
[0.835797] (explore_lite_msgs) StdoutLine: {'line': b'-- Up-to-date: /workspace/install/explore_lite_msgs/include/explore_lite_msgs/explore_lite_msgs/msg/rosidl_typesupport_fastrtps_c__visibility_control.h\n'}
[0.835946] (explore_lite_msgs) StdoutLine: {'line': b'-- Up-to-date: /workspace/install/explore_lite_msgs/include/explore_lite_msgs/explore_lite_msgs/msg/detail\n'}
[0.836066] (explore_lite_msgs) StdoutLine: {'line': b'-- Up-to-date: /workspace/install/explore_lite_msgs/include/explore_lite_msgs/explore_lite_msgs/msg/detail/explore_status__rosidl_typesupport_fastrtps_c.h\n'}
[0.836185] (explore_lite_msgs) StdoutLine: {'line': b'-- Up-to-date: /workspace/install/explore_lite_msgs/lib/libexplore_lite_msgs__rosidl_typesupport_fastrtps_c.so\n'}
[0.836363] (explore_lite_msgs) StdoutLine: {'line': b'-- Up-to-date: /workspace/install/explore_lite_msgs/include/explore_lite_msgs/explore_lite_msgs\n'}
[0.836531] (explore_lite_msgs) StdoutLine: {'line': b'-- Up-to-date: /workspace/install/explore_lite_msgs/include/explore_lite_msgs/explore_lite_msgs/msg\n'}
[0.836630] (explore_lite_msgs) StdoutLine: {'line': b'-- Up-to-date: /workspace/install/explore_lite_msgs/include/explore_lite_msgs/explore_lite_msgs/msg/rosidl_typesupport_introspection_c__visibility_control.h\n'}
[0.836740] (explore_lite_msgs) StdoutLine: {'line': b'-- Up-to-date: /workspace/install/explore_lite_msgs/include/explore_lite_msgs/explore_lite_msgs/msg/detail\n'}
[0.836856] (explore_lite_msgs) StdoutLine: {'line': b'-- Up-to-date: /workspace/install/explore_lite_msgs/include/explore_lite_msgs/explore_lite_msgs/msg/detail/explore_status__rosidl_typesupport_introspection_c.h\n'}
[0.836950] (explore_lite_msgs) StdoutLine: {'line': b'-- Up-to-date: /workspace/install/explore_lite_msgs/include/explore_lite_msgs/explore_lite_msgs/msg/detail/explore_status__type_support.c\n'}
[0.837043] (explore_lite_msgs) StdoutLine: {'line': b'-- Up-to-date: /workspace/install/explore_lite_msgs/lib/libexplore_lite_msgs__rosidl_typesupport_introspection_c.so\n'}
[0.837133] (explore_lite_msgs) StdoutLine: {'line': b'-- Up-to-date: /workspace/install/explore_lite_msgs/lib/libexplore_lite_msgs__rosidl_typesupport_c.so\n'}
[0.837222] (explore_lite_msgs) StdoutLine: {'line': b'-- Up-to-date: /workspace/install/explore_lite_msgs/include/explore_lite_msgs/explore_lite_msgs\n'}
[0.837311] (explore_lite_msgs) StdoutLine: {'line': b'-- Up-to-date: /workspace/install/explore_lite_msgs/include/explore_lite_msgs/explore_lite_msgs/msg\n'}
[0.837401] (explore_lite_msgs) StdoutLine: {'line': b'-- Up-to-date: /workspace/install/explore_lite_msgs/include/explore_lite_msgs/explore_lite_msgs/msg/explore_status.hpp\n'}
[0.837489] (explore_lite_msgs) StdoutLine: {'line': b'-- Up-to-date: /workspace/install/explore_lite_msgs/include/explore_lite_msgs/explore_lite_msgs/msg/detail\n'}
[0.837576] (explore_lite_msgs) StdoutLine: {'line': b'-- Up-to-date: /workspace/install/explore_lite_msgs/include/explore_lite_msgs/explore_lite_msgs/msg/detail/explore_status__traits.hpp\n'}
[0.837664] (explore_lite_msgs) StdoutLine: {'line': b'-- Up-to-date: /workspace/install/explore_lite_msgs/include/explore_lite_msgs/explore_lite_msgs/msg/detail/explore_status__builder.hpp\n'}
[0.837753] (explore_lite_msgs) StdoutLine: {'line': b'-- Up-to-date: /workspace/install/explore_lite_msgs/include/explore_lite_msgs/explore_lite_msgs/msg/detail/explore_status__struct.hpp\n'}
[0.837842] (explore_lite_msgs) StdoutLine: {'line': b'-- Up-to-date: /workspace/install/explore_lite_msgs/include/explore_lite_msgs/explore_lite_msgs/msg/detail/explore_status__type_support.hpp\n'}
[0.837934] (explore_lite_msgs) StdoutLine: {'line': b'-- Up-to-date: /workspace/install/explore_lite_msgs/include/explore_lite_msgs/explore_lite_msgs/msg/rosidl_generator_cpp__visibility_control.hpp\n'}
[0.838025] (explore_lite_msgs) StdoutLine: {'line': b'-- Up-to-date: /workspace/install/explore_lite_msgs/include/explore_lite_msgs/explore_lite_msgs\n'}
[0.838114] (explore_lite_msgs) StdoutLine: {'line': b'-- Up-to-date: /workspace/install/explore_lite_msgs/include/explore_lite_msgs/explore_lite_msgs/msg\n'}
[0.838306] (explore_lite_msgs) StdoutLine: {'line': b'-- Up-to-date: /workspace/install/explore_lite_msgs/include/explore_lite_msgs/explore_lite_msgs/msg/rosidl_typesupport_fastrtps_cpp__visibility_control.h\n'}
[0.838404] (explore_lite_msgs) StdoutLine: {'line': b'-- Up-to-date: /workspace/install/explore_lite_msgs/include/explore_lite_msgs/explore_lite_msgs/msg/detail\n'}
[0.838498] (explore_lite_msgs) StdoutLine: {'line': b'-- Up-to-date: /workspace/install/explore_lite_msgs/include/explore_lite_msgs/explore_lite_msgs/msg/detail/explore_status__rosidl_typesupport_fastrtps_cpp.hpp\n'}
[0.838679] (explore_lite_msgs) StdoutLine: {'line': b'-- Up-to-date: /workspace/install/explore_lite_msgs/include/explore_lite_msgs/explore_lite_msgs/msg/detail/dds_fastrtps\n'}
[0.838878] (explore_lite_msgs) StdoutLine: {'line': b'-- Up-to-date: /workspace/install/explore_lite_msgs/lib/libexplore_lite_msgs__rosidl_typesupport_fastrtps_cpp.so\n'}
[0.839045] (explore_lite_msgs) StdoutLine: {'line': b'-- Up-to-date: /workspace/install/explore_lite_msgs/include/explore_lite_msgs/explore_lite_msgs\n'}
[0.839143] (explore_lite_msgs) StdoutLine: {'line': b'-- Up-to-date: /workspace/install/explore_lite_msgs/include/explore_lite_msgs/explore_lite_msgs/msg\n'}
[0.839249] (explore_lite_msgs) StdoutLine: {'line': b'-- Up-to-date: /workspace/install/explore_lite_msgs/include/explore_lite_msgs/explore_lite_msgs/msg/detail\n'}
[0.839341] (explore_lite_msgs) StdoutLine: {'line': b'-- Up-to-date: /workspace/install/explore_lite_msgs/include/explore_lite_msgs/explore_lite_msgs/msg/detail/explore_status__rosidl_typesupport_introspection_cpp.hpp\n'}
[0.839443] (explore_lite_msgs) StdoutLine: {'line': b'-- Up-to-date: /workspace/install/explore_lite_msgs/include/explore_lite_msgs/explore_lite_msgs/msg/detail/explore_status__type_support.cpp\n'}
[0.839536] (explore_lite_msgs) StdoutLine: {'line': b'-- Up-to-date: /workspace/install/explore_lite_msgs/lib/libexplore_lite_msgs__rosidl_typesupport_introspection_cpp.so\n'}
[0.839627] (explore_lite_msgs) StdoutLine: {'line': b'-- Up-to-date: /workspace/install/explore_lite_msgs/lib/libexplore_lite_msgs__rosidl_typesupport_cpp.so\n'}
[0.839718] (explore_lite_msgs) StdoutLine: {'line': b'-- Up-to-date: /workspace/install/explore_lite_msgs/share/explore_lite_msgs/environment/pythonpath.sh\n'}
[0.839806] (explore_lite_msgs) StdoutLine: {'line': b'-- Up-to-date: /workspace/install/explore_lite_msgs/share/explore_lite_msgs/environment/pythonpath.dsv\n'}
[0.839892] (explore_lite_msgs) StdoutLine: {'line': b'-- Up-to-date: /workspace/install/explore_lite_msgs/local/lib/python3.10/dist-packages/explore_lite_msgs-1.0.0-py3.10.egg-info\n'}
[0.839981] (explore_lite_msgs) StdoutLine: {'line': b'-- Installing: /workspace/install/explore_lite_msgs/local/lib/python3.10/dist-packages/explore_lite_msgs-1.0.0-py3.10.egg-info/dependency_links.txt\n'}
[0.840072] (explore_lite_msgs) StdoutLine: {'line': b'-- Installing: /workspace/install/explore_lite_msgs/local/lib/python3.10/dist-packages/explore_lite_msgs-1.0.0-py3.10.egg-info/top_level.txt\n'}
[0.840163] (explore_lite_msgs) StdoutLine: {'line': b'-- Installing: /workspace/install/explore_lite_msgs/local/lib/python3.10/dist-packages/explore_lite_msgs-1.0.0-py3.10.egg-info/PKG-INFO\n'}
[0.840370] (explore_lite_msgs) StdoutLine: {'line': b'-- Installing: /workspace/install/explore_lite_msgs/local/lib/python3.10/dist-packages/explore_lite_msgs-1.0.0-py3.10.egg-info/SOURCES.txt\n'}
[0.840495] (explore_lite_msgs) StdoutLine: {'line': b'-- Up-to-date: /workspace/install/explore_lite_msgs/local/lib/python3.10/dist-packages/explore_lite_msgs\n'}
[0.840589] (explore_lite_msgs) StdoutLine: {'line': b'-- Up-to-date: /workspace/install/explore_lite_msgs/local/lib/python3.10/dist-packages/explore_lite_msgs/libexplore_lite_msgs__rosidl_generator_py.so\n'}
[0.840681] (explore_lite_msgs) StdoutLine: {'line': b'-- Up-to-date: /workspace/install/explore_lite_msgs/local/lib/python3.10/dist-packages/explore_lite_msgs/_explore_lite_msgs_s.ep.rosidl_typesupport_fastrtps_c.c\n'}
[0.840772] (explore_lite_msgs) StdoutLine: {'line': b'-- Up-to-date: /workspace/install/explore_lite_msgs/local/lib/python3.10/dist-packages/explore_lite_msgs/explore_lite_msgs_s__rosidl_typesupport_fastrtps_c.cpython-310-aarch64-linux-gnu.so\n'}
[0.840865] (explore_lite_msgs) StdoutLine: {'line': b'-- Up-to-date: /workspace/install/explore_lite_msgs/local/lib/python3.10/dist-packages/explore_lite_msgs/_explore_lite_msgs_s.ep.rosidl_typesupport_introspection_c.c\n'}
[0.840955] (explore_lite_msgs) StdoutLine: {'line': b'-- Up-to-date: /workspace/install/explore_lite_msgs/local/lib/python3.10/dist-packages/explore_lite_msgs/__init__.py\n'}
[0.841048] (explore_lite_msgs) StdoutLine: {'line': b'-- Up-to-date: /workspace/install/explore_lite_msgs/local/lib/python3.10/dist-packages/explore_lite_msgs/explore_lite_msgs_s__rosidl_typesupport_c.cpython-310-aarch64-linux-gnu.so\n'}
[0.841141] (explore_lite_msgs) StdoutLine: {'line': b'-- Up-to-date: /workspace/install/explore_lite_msgs/local/lib/python3.10/dist-packages/explore_lite_msgs/_explore_lite_msgs_s.ep.rosidl_typesupport_c.c\n'}
[0.841231] (explore_lite_msgs) StdoutLine: {'line': b'-- Up-to-date: /workspace/install/explore_lite_msgs/local/lib/python3.10/dist-packages/explore_lite_msgs/msg\n'}
[0.841335] (explore_lite_msgs) StdoutLine: {'line': b'-- Up-to-date: /workspace/install/explore_lite_msgs/local/lib/python3.10/dist-packages/explore_lite_msgs/msg/_explore_status.py\n'}
[0.841428] (explore_lite_msgs) StdoutLine: {'line': b'-- Up-to-date: /workspace/install/explore_lite_msgs/local/lib/python3.10/dist-packages/explore_lite_msgs/msg/__init__.py\n'}
[0.841517] (explore_lite_msgs) StdoutLine: {'line': b'-- Up-to-date: /workspace/install/explore_lite_msgs/local/lib/python3.10/dist-packages/explore_lite_msgs/msg/_explore_status_s.c\n'}
[0.841605] (explore_lite_msgs) StdoutLine: {'line': b'-- Up-to-date: /workspace/install/explore_lite_msgs/local/lib/python3.10/dist-packages/explore_lite_msgs/explore_lite_msgs_s__rosidl_typesupport_introspection_c.cpython-310-aarch64-linux-gnu.so\n'}
[0.892007] (multirobot_map_merge) StdoutLine: {'line': b'[ 33%] Built target gtest_main\n'}
[0.892661] (explore_lite_msgs) StdoutLine: {'line': b"Listing '/workspace/install/explore_lite_msgs/local/lib/python3.10/dist-packages/explore_lite_msgs'...\n"}
[0.892870] (explore_lite_msgs) StdoutLine: {'line': b"Listing '/workspace/install/explore_lite_msgs/local/lib/python3.10/dist-packages/explore_lite_msgs/msg'...\n"}
[0.892996] (multirobot_map_merge) StdoutLine: {'line': b'[ 33%] Built target gtest\n'}
[0.901729] (cyclonedds) StdoutLine: {'line': b'-- Looking for stdint.h - found\n'}
[0.902255] (cyclonedds) StdoutLine: {'line': b'-- Looking for stddef.h\n'}
[0.902710] (multirobot_map_merge) StdoutLine: {'line': b'[ 66%] Built target combine_grids\n'}
[0.903535] (-) TimerEvent: {}
[0.904464] (explore_lite_msgs) StdoutLine: {'line': b'-- Up-to-date: /workspace/install/explore_lite_msgs/local/lib/python3.10/dist-packages/explore_lite_msgs/explore_lite_msgs_s__rosidl_typesupport_fastrtps_c.cpython-310-aarch64-linux-gnu.so\n'}
[0.904768] (explore_lite_msgs) StdoutLine: {'line': b'-- Up-to-date: /workspace/install/explore_lite_msgs/local/lib/python3.10/dist-packages/explore_lite_msgs/explore_lite_msgs_s__rosidl_typesupport_introspection_c.cpython-310-aarch64-linux-gnu.so\n'}
[0.905155] (explore_lite_msgs) StdoutLine: {'line': b'-- Up-to-date: /workspace/install/explore_lite_msgs/local/lib/python3.10/dist-packages/explore_lite_msgs/explore_lite_msgs_s__rosidl_typesupport_c.cpython-310-aarch64-linux-gnu.so\n'}
[0.905475] (explore_lite_msgs) StdoutLine: {'line': b'-- Up-to-date: /workspace/install/explore_lite_msgs/lib/libexplore_lite_msgs__rosidl_generator_py.so\n'}
[0.905707] (explore_lite_msgs) StdoutLine: {'line': b'-- Up-to-date: /workspace/install/explore_lite_msgs/share/ament_index/resource_index/rust_packages/explore_lite_msgs\n'}
[0.905877] (explore_lite_msgs) StdoutLine: {'line': b'-- Up-to-date: /workspace/install/explore_lite_msgs/share/explore_lite_msgs/rust\n'}
[0.905995] (explore_lite_msgs) StdoutLine: {'line': b'-- Up-to-date: /workspace/install/explore_lite_msgs/share/explore_lite_msgs/rust/build.rs\n'}
[0.906172] (explore_lite_msgs) StdoutLine: {'line': b'-- Up-to-date: /workspace/install/explore_lite_msgs/share/explore_lite_msgs/rust/src\n'}
[0.906285] (explore_lite_msgs) StdoutLine: {'line': b'-- Up-to-date: /workspace/install/explore_lite_msgs/share/explore_lite_msgs/rust/src/msg.rs\n'}
[0.906384] (explore_lite_msgs) StdoutLine: {'line': b'-- Up-to-date: /workspace/install/explore_lite_msgs/share/explore_lite_msgs/rust/src/lib.rs\n'}
[0.906477] (explore_lite_msgs) StdoutLine: {'line': b'-- Up-to-date: /workspace/install/explore_lite_msgs/share/explore_lite_msgs/rust/src/msg\n'}
[0.906568] (explore_lite_msgs) StdoutLine: {'line': b'-- Up-to-date: /workspace/install/explore_lite_msgs/share/explore_lite_msgs/rust/src/msg/rmw.rs\n'}
[0.906658] (explore_lite_msgs) StdoutLine: {'line': b'-- Up-to-date: /workspace/install/explore_lite_msgs/share/explore_lite_msgs/rust/Cargo.toml\n'}
[0.906830] (explore_lite_msgs) StdoutLine: {'line': b'-- Up-to-date: /workspace/install/explore_lite_msgs/share/explore_lite_msgs/msg/ExploreStatus.idl\n'}
[0.906937] (explore_lite_msgs) StdoutLine: {'line': b'-- Up-to-date: /workspace/install/explore_lite_msgs/share/explore_lite_msgs/msg/ExploreStatus.msg\n'}
[0.907050] (explore_lite_msgs) StdoutLine: {'line': b'-- Up-to-date: /workspace/install/explore_lite_msgs/share/ament_index/resource_index/package_run_dependencies/explore_lite_msgs\n'}
[0.907143] (explore_lite_msgs) StdoutLine: {'line': b'-- Up-to-date: /workspace/install/explore_lite_msgs/share/ament_index/resource_index/parent_prefix_path/explore_lite_msgs\n'}
[0.907253] (explore_lite_msgs) StdoutLine: {'line': b'-- Up-to-date: /workspace/install/explore_lite_msgs/share/explore_lite_msgs/environment/ament_prefix_path.sh\n'}
[0.907345] (explore_lite_msgs) StdoutLine: {'line': b'-- Up-to-date: /workspace/install/explore_lite_msgs/share/explore_lite_msgs/environment/ament_prefix_path.dsv\n'}
[0.907434] (explore_lite_msgs) StdoutLine: {'line': b'-- Up-to-date: /workspace/install/explore_lite_msgs/share/explore_lite_msgs/environment/path.sh\n'}
[0.907521] (explore_lite_msgs) StdoutLine: {'line': b'-- Up-to-date: /workspace/install/explore_lite_msgs/share/explore_lite_msgs/environment/path.dsv\n'}
[0.907682] (explore_lite_msgs) StdoutLine: {'line': b'-- Up-to-date: /workspace/install/explore_lite_msgs/share/explore_lite_msgs/local_setup.bash\n'}
[0.907783] (explore_lite_msgs) StdoutLine: {'line': b'-- Up-to-date: /workspace/install/explore_lite_msgs/share/explore_lite_msgs/local_setup.sh\n'}
[0.907874] (explore_lite_msgs) StdoutLine: {'line': b'-- Up-to-date: /workspace/install/explore_lite_msgs/share/explore_lite_msgs/local_setup.zsh\n'}
[0.907962] (explore_lite_msgs) StdoutLine: {'line': b'-- Up-to-date: /workspace/install/explore_lite_msgs/share/explore_lite_msgs/local_setup.dsv\n'}
[0.908049] (explore_lite_msgs) StdoutLine: {'line': b'-- Installing: /workspace/install/explore_lite_msgs/share/explore_lite_msgs/package.dsv\n'}
[0.908136] (explore_lite_msgs) StdoutLine: {'line': b'-- Up-to-date: /workspace/install/explore_lite_msgs/share/ament_index/resource_index/packages/explore_lite_msgs\n'}
[0.908515] (explore_lite_msgs) StdoutLine: {'line': b'-- Up-to-date: /workspace/install/explore_lite_msgs/share/explore_lite_msgs/cmake/export_explore_lite_msgs__rosidl_generator_cExport.cmake\n'}
[0.908714] (explore_lite_msgs) StdoutLine: {'line': b'-- Up-to-date: /workspace/install/explore_lite_msgs/share/explore_lite_msgs/cmake/export_explore_lite_msgs__rosidl_generator_cExport-noconfig.cmake\n'}
[0.908907] (explore_lite_msgs) StdoutLine: {'line': b'-- Up-to-date: /workspace/install/explore_lite_msgs/share/explore_lite_msgs/cmake/export_explore_lite_msgs__rosidl_typesupport_fastrtps_cExport.cmake\n'}
[0.909088] (explore_lite_msgs) StdoutLine: {'line': b'-- Up-to-date: /workspace/install/explore_lite_msgs/share/explore_lite_msgs/cmake/export_explore_lite_msgs__rosidl_typesupport_fastrtps_cExport-noconfig.cmake\n'}
[0.909230] (explore_lite_msgs) StdoutLine: {'line': b'-- Up-to-date: /workspace/install/explore_lite_msgs/share/explore_lite_msgs/cmake/explore_lite_msgs__rosidl_typesupport_introspection_cExport.cmake\n'}
[0.909382] (explore_lite_msgs) StdoutLine: {'line': b'-- Up-to-date: /workspace/install/explore_lite_msgs/share/explore_lite_msgs/cmake/explore_lite_msgs__rosidl_typesupport_introspection_cExport-noconfig.cmake\n'}
[0.909602] (explore_lite_msgs) StdoutLine: {'line': b'-- Up-to-date: /workspace/install/explore_lite_msgs/share/explore_lite_msgs/cmake/explore_lite_msgs__rosidl_typesupport_cExport.cmake\n'}
[0.909817] (explore_lite_msgs) StdoutLine: {'line': b'-- Up-to-date: /workspace/install/explore_lite_msgs/share/explore_lite_msgs/cmake/explore_lite_msgs__rosidl_typesupport_cExport-noconfig.cmake\n'}
[0.910038] (explore_lite_msgs) StdoutLine: {'line': b'-- Up-to-date: /workspace/install/explore_lite_msgs/share/explore_lite_msgs/cmake/export_explore_lite_msgs__rosidl_generator_cppExport.cmake\n'}
[0.910210] (explore_lite_msgs) StdoutLine: {'line': b'-- Up-to-date: /workspace/install/explore_lite_msgs/share/explore_lite_msgs/cmake/export_explore_lite_msgs__rosidl_typesupport_fastrtps_cppExport.cmake\n'}
[0.910323] (explore_lite_msgs) StdoutLine: {'line': b'-- Up-to-date: /workspace/install/explore_lite_msgs/share/explore_lite_msgs/cmake/export_explore_lite_msgs__rosidl_typesupport_fastrtps_cppExport-noconfig.cmake\n'}
[0.910430] (explore_lite_msgs) StdoutLine: {'line': b'-- Up-to-date: /workspace/install/explore_lite_msgs/share/explore_lite_msgs/cmake/explore_lite_msgs__rosidl_typesupport_introspection_cppExport.cmake\n'}
[0.910521] (explore_lite_msgs) StdoutLine: {'line': b'-- Up-to-date: /workspace/install/explore_lite_msgs/share/explore_lite_msgs/cmake/explore_lite_msgs__rosidl_typesupport_introspection_cppExport-noconfig.cmake\n'}
[0.910612] (explore_lite_msgs) StdoutLine: {'line': b'-- Up-to-date: /workspace/install/explore_lite_msgs/share/explore_lite_msgs/cmake/explore_lite_msgs__rosidl_typesupport_cppExport.cmake\n'}
[0.910701] (explore_lite_msgs) StdoutLine: {'line': b'-- Up-to-date: /workspace/install/explore_lite_msgs/share/explore_lite_msgs/cmake/explore_lite_msgs__rosidl_typesupport_cppExport-noconfig.cmake\n'}
[0.910790] (explore_lite_msgs) StdoutLine: {'line': b'-- Up-to-date: /workspace/install/explore_lite_msgs/share/explore_lite_msgs/cmake/export_explore_lite_msgs__rosidl_generator_pyExport.cmake\n'}
[0.910878] (explore_lite_msgs) StdoutLine: {'line': b'-- Up-to-date: /workspace/install/explore_lite_msgs/share/explore_lite_msgs/cmake/export_explore_lite_msgs__rosidl_generator_pyExport-noconfig.cmake\n'}
[0.910965] (explore_lite_msgs) StdoutLine: {'line': b'-- Up-to-date: /workspace/install/explore_lite_msgs/share/explore_lite_msgs/cmake/rosidl_cmake-extras.cmake\n'}
[0.911053] (explore_lite_msgs) StdoutLine: {'line': b'-- Up-to-date: /workspace/install/explore_lite_msgs/share/explore_lite_msgs/cmake/ament_cmake_export_include_directories-extras.cmake\n'}
[0.911140] (explore_lite_msgs) StdoutLine: {'line': b'-- Up-to-date: /workspace/install/explore_lite_msgs/share/explore_lite_msgs/cmake/ament_cmake_export_libraries-extras.cmake\n'}
[0.911227] (explore_lite_msgs) StdoutLine: {'line': b'-- Up-to-date: /workspace/install/explore_lite_msgs/share/explore_lite_msgs/cmake/ament_cmake_export_targets-extras.cmake\n'}
[0.911315] (explore_lite_msgs) StdoutLine: {'line': b'-- Up-to-date: /workspace/install/explore_lite_msgs/share/explore_lite_msgs/cmake/rosidl_cmake_export_typesupport_targets-extras.cmake\n'}
[0.911425] (explore_lite_msgs) StdoutLine: {'line': b'-- Up-to-date: /workspace/install/explore_lite_msgs/share/explore_lite_msgs/cmake/ament_cmake_export_dependencies-extras.cmake\n'}
[0.911513] (explore_lite_msgs) StdoutLine: {'line': b'-- Up-to-date: /workspace/install/explore_lite_msgs/share/explore_lite_msgs/cmake/rosidl_cmake_export_typesupport_libraries-extras.cmake\n'}
[0.911602] (explore_lite_msgs) StdoutLine: {'line': b'-- Up-to-date: /workspace/install/explore_lite_msgs/share/explore_lite_msgs/cmake/explore_lite_msgsConfig.cmake\n'}
[0.911689] (explore_lite_msgs) StdoutLine: {'line': b'-- Up-to-date: /workspace/install/explore_lite_msgs/share/explore_lite_msgs/cmake/explore_lite_msgsConfig-version.cmake\n'}
[0.911777] (explore_lite_msgs) StdoutLine: {'line': b'-- Up-to-date: /workspace/install/explore_lite_msgs/share/explore_lite_msgs/package.xml\n'}
[0.914542] (explore_lite_msgs) CommandEnded: {'returncode': 0}
[0.952618] (multirobot_map_merge) StdoutLine: {'line': b'[ 83%] Built target test_merging_pipeline\n'}
[0.957579] (multirobot_map_merge) StdoutLine: {'line': b'[100%] Built target map_merge\n'}
[0.960157] (explore_lite_msgs) JobEnded: {'identifier': 'explore_lite_msgs', 'rc': 0}
[0.962320] (explore_lite) JobStarted: {'identifier': 'explore_lite'}
[1.002068] (cyclonedds) StdoutLine: {'line': b'-- Looking for stddef.h - found\n'}
[1.002927] (cyclonedds) StdoutLine: {'line': b'-- Check size of intmax_t\n'}
[1.003818] (-) TimerEvent: {}
[1.004926] (multirobot_map_merge) CommandEnded: {'returncode': 0}
[1.006401] (multirobot_map_merge) JobProgress: {'identifier': 'multirobot_map_merge', 'progress': 'install'}
[1.006996] (multirobot_map_merge) Command: {'cmd': ['/usr/bin/cmake', '--install', '/workspace/build/multirobot_map_merge'], 'cwd': '/workspace/build/multirobot_map_merge', 'env': OrderedDict([('HOSTNAME', 'ubuntu'), ('SHLVL', '2'), ('LD_LIBRARY_PATH', '/opt/ros/humble/opt/rviz_ogre_vendor/lib:/opt/ros/humble/lib/aarch64-linux-gnu:/opt/ros/humble/lib'), ('HOME', '/root'), ('OLDPWD', '/workspace'), ('ROS_PYTHON_VERSION', '3'), ('ROS_DISTRO', 'humble'), ('_', '/usr/bin/colcon'), ('ROS_VERSION', '2'), ('TERM', 'xterm'), ('ROS_LOCALHOST_ONLY', '0'), ('PATH', '/opt/ros/humble/bin:/usr/local/sbin:/usr/local/bin:/usr/sbin:/usr/bin:/sbin:/bin'), ('LANG', 'C.UTF-8'), ('CYCLONEDDS_HOME', '/workspace/cyclonedds/install'), ('LS_COLORS', 'rs=0:di=01;34:ln=01;36:mh=00:pi=40;33:so=01;35:do=01;35:bd=40;33;01:cd=40;33;01:or=40;31;01:mi=00:su=37;41:sg=30;43:ca=30;41:tw=30;42:ow=34;42:st=37;44:ex=01;32:*.tar=01;31:*.tgz=01;31:*.arc=01;31:*.arj=01;31:*.taz=01;31:*.lha=01;31:*.lz4=01;31:*.lzh=01;31:*.lzma=01;31:*.tlz=01;31:*.txz=01;31:*.tzo=01;31:*.t7z=01;31:*.zip=01;31:*.z=01;31:*.dz=01;31:*.gz=01;31:*.lrz=01;31:*.lz=01;31:*.lzo=01;31:*.xz=01;31:*.zst=01;31:*.tzst=01;31:*.bz2=01;31:*.bz=01;31:*.tbz=01;31:*.tbz2=01;31:*.tz=01;31:*.deb=01;31:*.rpm=01;31:*.jar=01;31:*.war=01;31:*.ear=01;31:*.sar=01;31:*.rar=01;31:*.alz=01;31:*.ace=01;31:*.zoo=01;31:*.cpio=01;31:*.7z=01;31:*.rz=01;31:*.cab=01;31:*.wim=01;31:*.swm=01;31:*.dwm=01;31:*.esd=01;31:*.jpg=01;35:*.jpeg=01;35:*.mjpg=01;35:*.mjpeg=01;35:*.gif=01;35:*.bmp=01;35:*.pbm=01;35:*.pgm=01;35:*.ppm=01;35:*.tga=01;35:*.xbm=01;35:*.xpm=01;35:*.tif=01;35:*.tiff=01;35:*.png=01;35:*.svg=01;35:*.svgz=01;35:*.mng=01;35:*.pcx=01;35:*.mov=01;35:*.mpg=01;35:*.mpeg=01;35:*.m2v=01;35:*.mkv=01;35:*.webm=01;35:*.webp=01;35:*.ogm=01;35:*.mp4=01;35:*.m4v=01;35:*.mp4v=01;35:*.vob=01;35:*.qt=01;35:*.nuv=01;35:*.wmv=01;35:*.asf=01;35:*.rm=01;35:*.rmvb=01;35:*.flc=01;35:*.avi=01;35:*.fli=01;35:*.flv=01;35:*.gl=01;35:*.dl=01;35:*.xcf=01;35:*.xwd=01;35:*.yuv=01;35:*.cgm=01;35:*.emf=01;35:*.ogv=01;35:*.ogx=01;35:*.aac=00;36:*.au=00;36:*.flac=00;36:*.m4a=00;36:*.mid=00;36:*.midi=00;36:*.mka=00;36:*.mp3=00;36:*.mpc=00;36:*.ogg=00;36:*.ra=00;36:*.wav=00;36:*.oga=00;36:*.opus=00;36:*.spx=00;36:*.xspf=00;36:'), ('AMENT_PREFIX_PATH', '/opt/ros/humble'), ('PWD', '/workspace/build/multirobot_map_merge'), ('LC_ALL', 'C.UTF-8'), ('PYTHONPATH', '/opt/ros/humble/lib/python3.10/site-packages:/opt/ros/humble/local/lib/python3.10/dist-packages'), ('COLCON', '1'), ('CMAKE_PREFIX_PATH', '/opt/ros/humble')]), 'shell': False}
[1.009787] (explore_lite) JobProgress: {'identifier': 'explore_lite', 'progress': 'cmake'}
[1.010891] (explore_lite) JobProgress: {'identifier': 'explore_lite', 'progress': 'build'}
[1.011361] (explore_lite) Command: {'cmd': ['/usr/bin/cmake', '--build', '/workspace/build/explore_lite', '--', '-j8', '-l8'], 'cwd': '/workspace/build/explore_lite', 'env': OrderedDict([('HOSTNAME', 'ubuntu'), ('SHLVL', '2'), ('LD_LIBRARY_PATH', '/workspace/install/explore_lite_msgs/lib:/opt/ros/humble/opt/rviz_ogre_vendor/lib:/opt/ros/humble/lib/aarch64-linux-gnu:/opt/ros/humble/lib'), ('HOME', '/root'), ('OLDPWD', '/workspace'), ('ROS_PYTHON_VERSION', '3'), ('ROS_DISTRO', 'humble'), ('_', '/usr/bin/colcon'), ('ROS_VERSION', '2'), ('TERM', 'xterm'), ('ROS_LOCALHOST_ONLY', '0'), ('PATH', '/opt/ros/humble/bin:/usr/local/sbin:/usr/local/bin:/usr/sbin:/usr/bin:/sbin:/bin'), ('LANG', 'C.UTF-8'), ('CYCLONEDDS_HOME', '/workspace/cyclonedds/install'), ('LS_COLORS', 'rs=0:di=01;34:ln=01;36:mh=00:pi=40;33:so=01;35:do=01;35:bd=40;33;01:cd=40;33;01:or=40;31;01:mi=00:su=37;41:sg=30;43:ca=30;41:tw=30;42:ow=34;42:st=37;44:ex=01;32:*.tar=01;31:*.tgz=01;31:*.arc=01;31:*.arj=01;31:*.taz=01;31:*.lha=01;31:*.lz4=01;31:*.lzh=01;31:*.lzma=01;31:*.tlz=01;31:*.txz=01;31:*.tzo=01;31:*.t7z=01;31:*.zip=01;31:*.z=01;31:*.dz=01;31:*.gz=01;31:*.lrz=01;31:*.lz=01;31:*.lzo=01;31:*.xz=01;31:*.zst=01;31:*.tzst=01;31:*.bz2=01;31:*.bz=01;31:*.tbz=01;31:*.tbz2=01;31:*.tz=01;31:*.deb=01;31:*.rpm=01;31:*.jar=01;31:*.war=01;31:*.ear=01;31:*.sar=01;31:*.rar=01;31:*.alz=01;31:*.ace=01;31:*.zoo=01;31:*.cpio=01;31:*.7z=01;31:*.rz=01;31:*.cab=01;31:*.wim=01;31:*.swm=01;31:*.dwm=01;31:*.esd=01;31:*.jpg=01;35:*.jpeg=01;35:*.mjpg=01;35:*.mjpeg=01;35:*.gif=01;35:*.bmp=01;35:*.pbm=01;35:*.pgm=01;35:*.ppm=01;35:*.tga=01;35:*.xbm=01;35:*.xpm=01;35:*.tif=01;35:*.tiff=01;35:*.png=01;35:*.svg=01;35:*.svgz=01;35:*.mng=01;35:*.pcx=01;35:*.mov=01;35:*.mpg=01;35:*.mpeg=01;35:*.m2v=01;35:*.mkv=01;35:*.webm=01;35:*.webp=01;35:*.ogm=01;35:*.mp4=01;35:*.m4v=01;35:*.mp4v=01;35:*.vob=01;35:*.qt=01;35:*.nuv=01;35:*.wmv=01;35:*.asf=01;35:*.rm=01;35:*.rmvb=01;35:*.flc=01;35:*.avi=01;35:*.fli=01;35:*.flv=01;35:*.gl=01;35:*.dl=01;35:*.xcf=01;35:*.xwd=01;35:*.yuv=01;35:*.cgm=01;35:*.emf=01;35:*.ogv=01;35:*.ogx=01;35:*.aac=00;36:*.au=00;36:*.flac=00;36:*.m4a=00;36:*.mid=00;36:*.midi=00;36:*.mka=00;36:*.mp3=00;36:*.mpc=00;36:*.ogg=00;36:*.ra=00;36:*.wav=00;36:*.oga=00;36:*.opus=00;36:*.spx=00;36:*.xspf=00;36:'), ('AMENT_PREFIX_PATH', '/workspace/install/explore_lite_msgs:/opt/ros/humble'), ('PWD', '/workspace/build/explore_lite'), ('LC_ALL', 'C.UTF-8'), ('PYTHONPATH', '/workspace/install/explore_lite_msgs/local/lib/python3.10/dist-packages:/opt/ros/humble/lib/python3.10/site-packages:/opt/ros/humble/local/lib/python3.10/dist-packages'), ('COLCON', '1'), ('CMAKE_PREFIX_PATH', '/workspace/install/explore_lite_msgs:/opt/ros/humble')]), 'shell': False}
[1.019621] (multirobot_map_merge) StdoutLine: {'line': b'-- Install configuration: ""\n'}
[1.020229] (multirobot_map_merge) StdoutLine: {'line': b'-- Up-to-date: /workspace/install/multirobot_map_merge/include/map_merge/\n'}
[1.020488] (multirobot_map_merge) StdoutLine: {'line': b'-- Up-to-date: /workspace/install/multirobot_map_merge/include/map_merge//ros1_names.hpp\n'}
[1.020614] (multirobot_map_merge) StdoutLine: {'line': b'-- Up-to-date: /workspace/install/multirobot_map_merge/include/map_merge//map_merge.h\n'}
[1.020717] (multirobot_map_merge) StdoutLine: {'line': b'-- Up-to-date: /workspace/install/multirobot_map_merge/share/multirobot_map_merge/launch\n'}
[1.020845] (multirobot_map_merge) StdoutLine: {'line': b'-- Up-to-date: /workspace/install/multirobot_map_merge/share/multirobot_map_merge/launch/map_merge.rviz\n'}
[1.020945] (multirobot_map_merge) StdoutLine: {'line': b'-- Up-to-date: /workspace/install/multirobot_map_merge/share/multirobot_map_merge/launch/tb3_simulation\n'}
[1.021069] (multirobot_map_merge) StdoutLine: {'line': b'-- Up-to-date: /workspace/install/multirobot_map_merge/share/multirobot_map_merge/launch/tb3_simulation/slam_toolbox.py\n'}
[1.021210] (multirobot_map_merge) StdoutLine: {'line': b'-- Up-to-date: /workspace/install/multirobot_map_merge/share/multirobot_map_merge/launch/tb3_simulation/bringup_launch.py\n'}
[1.021330] (multirobot_map_merge) StdoutLine: {'line': b'-- Up-to-date: /workspace/install/multirobot_map_merge/share/multirobot_map_merge/launch/tb3_simulation/multi_tb3_simulation_launch.py\n'}
[1.021474] (multirobot_map_merge) StdoutLine: {'line': b'-- Up-to-date: /workspace/install/multirobot_map_merge/share/multirobot_map_merge/launch/tb3_simulation/tb3_simulation_launch.py\n'}
[1.021633] (multirobot_map_merge) StdoutLine: {'line': b'-- Up-to-date: /workspace/install/multirobot_map_merge/share/multirobot_map_merge/launch/tb3_simulation/worlds\n'}
[1.021770] (multirobot_map_merge) StdoutLine: {'line': b'-- Up-to-date: /workspace/install/multirobot_map_merge/share/multirobot_map_merge/launch/tb3_simulation/worlds/world_only.model\n'}
[1.021912] (multirobot_map_merge) StdoutLine: {'line': b'-- Up-to-date: /workspace/install/multirobot_map_merge/share/multirobot_map_merge/launch/tb3_simulation/config\n'}
[1.022011] (multirobot_map_merge) StdoutLine: {'line': b'-- Up-to-date: /workspace/install/multirobot_map_merge/share/multirobot_map_merge/launch/tb3_simulation/config/nav2_multirobot_params_1.yaml\n'}
[1.022106] (multirobot_map_merge) StdoutLine: {'line': b'-- Up-to-date: /workspace/install/multirobot_map_merge/share/multirobot_map_merge/launch/tb3_simulation/config/nav2_multirobot_params_2.yaml\n'}
[1.022197] (multirobot_map_merge) StdoutLine: {'line': b'-- Up-to-date: /workspace/install/multirobot_map_merge/share/multirobot_map_merge/launch/map_merge.launch.py\n'}
[1.022345] (multirobot_map_merge) StdoutLine: {'line': b'-- Up-to-date: /workspace/install/multirobot_map_merge/share/multirobot_map_merge/launch/from_map_server.launch.py\n'}
[1.022506] (multirobot_map_merge) StdoutLine: {'line': b'-- Up-to-date: /workspace/install/multirobot_map_merge/share/multirobot_map_merge/config\n'}
[1.022625] (multirobot_map_merge) StdoutLine: {'line': b'-- Up-to-date: /workspace/install/multirobot_map_merge/share/multirobot_map_merge/config/params.yaml\n'}
[1.022720] (multirobot_map_merge) StdoutLine: {'line': b'-- Up-to-date: /workspace/install/multirobot_map_merge/lib/libcombine_grids.a\n'}
[1.022811] (multirobot_map_merge) StdoutLine: {'line': b'-- Up-to-date: /workspace/install/multirobot_map_merge/lib/multirobot_map_merge/map_merge\n'}
[1.022902] (multirobot_map_merge) StdoutLine: {'line': b'-- Up-to-date: /workspace/install/multirobot_map_merge/share/multirobot_map_merge/environment/library_path.sh\n'}
[1.022992] (multirobot_map_merge) StdoutLine: {'line': b'-- Up-to-date: /workspace/install/multirobot_map_merge/share/multirobot_map_merge/environment/library_path.dsv\n'}
[1.023080] (multirobot_map_merge) StdoutLine: {'line': b'-- Up-to-date: /workspace/install/multirobot_map_merge/share/ament_index/resource_index/package_run_dependencies/multirobot_map_merge\n'}
[1.023171] (multirobot_map_merge) StdoutLine: {'line': b'-- Up-to-date: /workspace/install/multirobot_map_merge/share/ament_index/resource_index/parent_prefix_path/multirobot_map_merge\n'}
[1.023261] (multirobot_map_merge) StdoutLine: {'line': b'-- Up-to-date: /workspace/install/multirobot_map_merge/share/multirobot_map_merge/environment/ament_prefix_path.sh\n'}
[1.023349] (multirobot_map_merge) StdoutLine: {'line': b'-- Up-to-date: /workspace/install/multirobot_map_merge/share/multirobot_map_merge/environment/ament_prefix_path.dsv\n'}
[1.023435] (multirobot_map_merge) StdoutLine: {'line': b'-- Up-to-date: /workspace/install/multirobot_map_merge/share/multirobot_map_merge/environment/path.sh\n'}
[1.023539] (multirobot_map_merge) StdoutLine: {'line': b'-- Up-to-date: /workspace/install/multirobot_map_merge/share/multirobot_map_merge/environment/path.dsv\n'}
[1.023631] (multirobot_map_merge) StdoutLine: {'line': b'-- Up-to-date: /workspace/install/multirobot_map_merge/share/multirobot_map_merge/local_setup.bash\n'}
[1.023722] (multirobot_map_merge) StdoutLine: {'line': b'-- Up-to-date: /workspace/install/multirobot_map_merge/share/multirobot_map_merge/local_setup.sh\n'}
[1.023809] (multirobot_map_merge) StdoutLine: {'line': b'-- Up-to-date: /workspace/install/multirobot_map_merge/share/multirobot_map_merge/local_setup.zsh\n'}
[1.023894] (multirobot_map_merge) StdoutLine: {'line': b'-- Up-to-date: /workspace/install/multirobot_map_merge/share/multirobot_map_merge/local_setup.dsv\n'}
[1.023979] (multirobot_map_merge) StdoutLine: {'line': b'-- Installing: /workspace/install/multirobot_map_merge/share/multirobot_map_merge/package.dsv\n'}
[1.024063] (multirobot_map_merge) StdoutLine: {'line': b'-- Up-to-date: /workspace/install/multirobot_map_merge/share/ament_index/resource_index/packages/multirobot_map_merge\n'}
[1.024149] (multirobot_map_merge) StdoutLine: {'line': b'-- Up-to-date: /workspace/install/multirobot_map_merge/share/multirobot_map_merge/cmake/ament_cmake_export_include_directories-extras.cmake\n'}
[1.024294] (multirobot_map_merge) StdoutLine: {'line': b'-- Up-to-date: /workspace/install/multirobot_map_merge/share/multirobot_map_merge/cmake/ament_cmake_export_libraries-extras.cmake\n'}
[1.024389] (multirobot_map_merge) StdoutLine: {'line': b'-- Up-to-date: /workspace/install/multirobot_map_merge/share/multirobot_map_merge/cmake/multirobot_map_mergeConfig.cmake\n'}
[1.024480] (multirobot_map_merge) StdoutLine: {'line': b'-- Up-to-date: /workspace/install/multirobot_map_merge/share/multirobot_map_merge/cmake/multirobot_map_mergeConfig-version.cmake\n'}
[1.025239] (multirobot_map_merge) StdoutLine: {'line': b'-- Up-to-date: /workspace/install/multirobot_map_merge/share/multirobot_map_merge/package.xml\n'}
[1.025896] (multirobot_map_merge) CommandEnded: {'returncode': 0}
[1.048911] (multirobot_map_merge) JobEnded: {'identifier': 'multirobot_map_merge', 'rc': 0}
[1.077266] (explore_lite) StdoutLine: {'line': b'\x1b[35m\x1b[1mConsolidate compiler generated dependencies of target gtest_main\x1b[0m\n'}
[1.077681] (explore_lite) StdoutLine: {'line': b'\x1b[35m\x1b[1mConsolidate compiler generated dependencies of target gtest\x1b[0m\n'}
[1.081079] (explore_lite) StdoutLine: {'line': b'\x1b[35m\x1b[1mConsolidate compiler generated dependencies of target explore\x1b[0m\n'}
[1.101214] (explore_lite) StdoutLine: {'line': b'[ 30%] Built target gtest\n'}
[1.101627] (explore_lite) StdoutLine: {'line': b'[ 40%] Built target gtest_main\n'}
[1.102480] (cyclonedds) StdoutLine: {'line': b'-- Check size of intmax_t - done\n'}
[1.102734] (cyclonedds) StdoutLine: {'line': b'-- Looking for stpcpy\n'}
[1.103906] (-) TimerEvent: {}
[1.117697] (explore_lite) StdoutLine: {'line': b'\x1b[35m\x1b[1mConsolidate compiler generated dependencies of target test_explore\x1b[0m\n'}
[1.127479] (explore_lite) StdoutLine: {'line': b'[ 80%] Built target explore\n'}
[1.139190] (explore_lite) StdoutLine: {'line': b'[100%] Built target test_explore\n'}
[1.156599] (explore_lite) CommandEnded: {'returncode': 0}
[1.157775] (explore_lite) JobProgress: {'identifier': 'explore_lite', 'progress': 'install'}
[1.158174] (explore_lite) Command: {'cmd': ['/usr/bin/cmake', '--install', '/workspace/build/explore_lite'], 'cwd': '/workspace/build/explore_lite', 'env': OrderedDict([('HOSTNAME', 'ubuntu'), ('SHLVL', '2'), ('LD_LIBRARY_PATH', '/workspace/install/explore_lite_msgs/lib:/opt/ros/humble/opt/rviz_ogre_vendor/lib:/opt/ros/humble/lib/aarch64-linux-gnu:/opt/ros/humble/lib'), ('HOME', '/root'), ('OLDPWD', '/workspace'), ('ROS_PYTHON_VERSION', '3'), ('ROS_DISTRO', 'humble'), ('_', '/usr/bin/colcon'), ('ROS_VERSION', '2'), ('TERM', 'xterm'), ('ROS_LOCALHOST_ONLY', '0'), ('PATH', '/opt/ros/humble/bin:/usr/local/sbin:/usr/local/bin:/usr/sbin:/usr/bin:/sbin:/bin'), ('LANG', 'C.UTF-8'), ('CYCLONEDDS_HOME', '/workspace/cyclonedds/install'), ('LS_COLORS', 'rs=0:di=01;34:ln=01;36:mh=00:pi=40;33:so=01;35:do=01;35:bd=40;33;01:cd=40;33;01:or=40;31;01:mi=00:su=37;41:sg=30;43:ca=30;41:tw=30;42:ow=34;42:st=37;44:ex=01;32:*.tar=01;31:*.tgz=01;31:*.arc=01;31:*.arj=01;31:*.taz=01;31:*.lha=01;31:*.lz4=01;31:*.lzh=01;31:*.lzma=01;31:*.tlz=01;31:*.txz=01;31:*.tzo=01;31:*.t7z=01;31:*.zip=01;31:*.z=01;31:*.dz=01;31:*.gz=01;31:*.lrz=01;31:*.lz=01;31:*.lzo=01;31:*.xz=01;31:*.zst=01;31:*.tzst=01;31:*.bz2=01;31:*.bz=01;31:*.tbz=01;31:*.tbz2=01;31:*.tz=01;31:*.deb=01;31:*.rpm=01;31:*.jar=01;31:*.war=01;31:*.ear=01;31:*.sar=01;31:*.rar=01;31:*.alz=01;31:*.ace=01;31:*.zoo=01;31:*.cpio=01;31:*.7z=01;31:*.rz=01;31:*.cab=01;31:*.wim=01;31:*.swm=01;31:*.dwm=01;31:*.esd=01;31:*.jpg=01;35:*.jpeg=01;35:*.mjpg=01;35:*.mjpeg=01;35:*.gif=01;35:*.bmp=01;35:*.pbm=01;35:*.pgm=01;35:*.ppm=01;35:*.tga=01;35:*.xbm=01;35:*.xpm=01;35:*.tif=01;35:*.tiff=01;35:*.png=01;35:*.svg=01;35:*.svgz=01;35:*.mng=01;35:*.pcx=01;35:*.mov=01;35:*.mpg=01;35:*.mpeg=01;35:*.m2v=01;35:*.mkv=01;35:*.webm=01;35:*.webp=01;35:*.ogm=01;35:*.mp4=01;35:*.m4v=01;35:*.mp4v=01;35:*.vob=01;35:*.qt=01;35:*.nuv=01;35:*.wmv=01;35:*.asf=01;35:*.rm=01;35:*.rmvb=01;35:*.flc=01;35:*.avi=01;35:*.fli=01;35:*.flv=01;35:*.gl=01;35:*.dl=01;35:*.xcf=01;35:*.xwd=01;35:*.yuv=01;35:*.cgm=01;35:*.emf=01;35:*.ogv=01;35:*.ogx=01;35:*.aac=00;36:*.au=00;36:*.flac=00;36:*.m4a=00;36:*.mid=00;36:*.midi=00;36:*.mka=00;36:*.mp3=00;36:*.mpc=00;36:*.ogg=00;36:*.ra=00;36:*.wav=00;36:*.oga=00;36:*.opus=00;36:*.spx=00;36:*.xspf=00;36:'), ('AMENT_PREFIX_PATH', '/workspace/install/explore_lite_msgs:/opt/ros/humble'), ('PWD', '/workspace/build/explore_lite'), ('LC_ALL', 'C.UTF-8'), ('PYTHONPATH', '/workspace/install/explore_lite_msgs/local/lib/python3.10/dist-packages:/opt/ros/humble/lib/python3.10/site-packages:/opt/ros/humble/local/lib/python3.10/dist-packages'), ('COLCON', '1'), ('CMAKE_PREFIX_PATH', '/workspace/install/explore_lite_msgs:/opt/ros/humble')]), 'shell': False}
[1.169174] (explore_lite) StdoutLine: {'line': b'-- Install configuration: ""\n'}
[1.169647] (explore_lite) StdoutLine: {'line': b'-- Up-to-date: /workspace/install/explore_lite/include/explore/\n'}
[1.169805] (explore_lite) StdoutLine: {'line': b'-- Up-to-date: /workspace/install/explore_lite/include/explore//costmap_client.h\n'}
[1.169919] (explore_lite) StdoutLine: {'line': b'-- Up-to-date: /workspace/install/explore_lite/include/explore//explore.h\n'}
[1.170053] (explore_lite) StdoutLine: {'line': b'-- Up-to-date: /workspace/install/explore_lite/include/explore//costmap_tools.h\n'}
[1.170157] (explore_lite) StdoutLine: {'line': b'-- Up-to-date: /workspace/install/explore_lite/include/explore//frontier_search.h\n'}
[1.170303] (explore_lite) StdoutLine: {'line': b'-- Up-to-date: /workspace/install/explore_lite/share/explore_lite/config\n'}
[1.170450] (explore_lite) StdoutLine: {'line': b'-- Up-to-date: /workspace/install/explore_lite/share/explore_lite/config/params.yaml\n'}
[1.170596] (explore_lite) StdoutLine: {'line': b'-- Up-to-date: /workspace/install/explore_lite/share/explore_lite/config/params_costmap.yaml\n'}
[1.170758] (explore_lite) StdoutLine: {'line': b'-- Up-to-date: /workspace/install/explore_lite/share/explore_lite/launch\n'}
[1.170897] (explore_lite) StdoutLine: {'line': b'-- Up-to-date: /workspace/install/explore_lite/share/explore_lite/launch/explore.launch.py\n'}
[1.170997] (explore_lite) StdoutLine: {'line': b'-- Up-to-date: /workspace/install/explore_lite/lib/explore_lite/explore\n'}
[1.171094] (explore_lite) StdoutLine: {'line': b'-- Up-to-date: /workspace/install/explore_lite/share/ament_index/resource_index/package_run_dependencies/explore_lite\n'}
[1.171192] (explore_lite) StdoutLine: {'line': b'-- Up-to-date: /workspace/install/explore_lite/share/ament_index/resource_index/parent_prefix_path/explore_lite\n'}
[1.171330] (explore_lite) StdoutLine: {'line': b'-- Up-to-date: /workspace/install/explore_lite/share/explore_lite/environment/ament_prefix_path.sh\n'}
[1.171489] (explore_lite) StdoutLine: {'line': b'-- Up-to-date: /workspace/install/explore_lite/share/explore_lite/environment/ament_prefix_path.dsv\n'}
[1.171606] (explore_lite) StdoutLine: {'line': b'-- Up-to-date: /workspace/install/explore_lite/share/explore_lite/environment/path.sh\n'}
[1.171700] (explore_lite) StdoutLine: {'line': b'-- Up-to-date: /workspace/install/explore_lite/share/explore_lite/environment/path.dsv\n'}
[1.171792] (explore_lite) StdoutLine: {'line': b'-- Up-to-date: /workspace/install/explore_lite/share/explore_lite/local_setup.bash\n'}
[1.171883] (explore_lite) StdoutLine: {'line': b'-- Up-to-date: /workspace/install/explore_lite/share/explore_lite/local_setup.sh\n'}
[1.171972] (explore_lite) StdoutLine: {'line': b'-- Up-to-date: /workspace/install/explore_lite/share/explore_lite/local_setup.zsh\n'}
[1.172063] (explore_lite) StdoutLine: {'line': b'-- Up-to-date: /workspace/install/explore_lite/share/explore_lite/local_setup.dsv\n'}
[1.172156] (explore_lite) StdoutLine: {'line': b'-- Installing: /workspace/install/explore_lite/share/explore_lite/package.dsv\n'}
[1.172288] (explore_lite) StdoutLine: {'line': b'-- Up-to-date: /workspace/install/explore_lite/share/ament_index/resource_index/packages/explore_lite\n'}
[1.172392] (explore_lite) StdoutLine: {'line': b'-- Up-to-date: /workspace/install/explore_lite/share/explore_lite/cmake/ament_cmake_export_dependencies-extras.cmake\n'}
[1.172511] (explore_lite) StdoutLine: {'line': b'-- Up-to-date: /workspace/install/explore_lite/share/explore_lite/cmake/ament_cmake_export_include_directories-extras.cmake\n'}
[1.172606] (explore_lite) StdoutLine: {'line': b'-- Up-to-date: /workspace/install/explore_lite/share/explore_lite/cmake/explore_liteConfig.cmake\n'}
[1.172701] (explore_lite) StdoutLine: {'line': b'-- Up-to-date: /workspace/install/explore_lite/share/explore_lite/cmake/explore_liteConfig-version.cmake\n'}
[1.172793] (explore_lite) StdoutLine: {'line': b'-- Up-to-date: /workspace/install/explore_lite/share/explore_lite/package.xml\n'}
[1.174729] (explore_lite) CommandEnded: {'returncode': 0}
[1.199358] (explore_lite) JobEnded: {'identifier': 'explore_lite', 'rc': 0}
[1.203657] (cyclonedds) StdoutLine: {'line': b'-- Looking for stpcpy - found\n'}
[1.203974] (-) TimerEvent: {}
[1.205048] (cyclonedds) StdoutLine: {'line': b'-- Looking for strlcpy\n'}
[1.260438] (cyclonedds) StdoutLine: {'line': b'-- Looking for strlcpy - not found\n'}
[1.261159] (cyclonedds) StdoutLine: {'line': b'-- Looking for strlcat\n'}
[1.304190] (-) TimerEvent: {}
[1.306587] (cyclonedds) StdoutLine: {'line': b'-- Looking for strlcat - not found\n'}
[1.310372] (cyclonedds) StdoutLine: {'line': b'-- Performing Test COMPILER_HAS_HIDDEN_VISIBILITY\n'}
[1.383218] (go2_nav) Command: {'cmd': ['/usr/bin/python3', '-W', 'ignore:setup.py install is deprecated', '-W', 'ignore:easy_install command is deprecated', 'setup.py', 'egg_info', '--egg-base', '../../build/go2_nav', 'build', '--build-base', '/workspace/build/go2_nav/build', 'install', '--record', '/workspace/build/go2_nav/install.log', '--install-scripts', '$base/lib/go2_nav', '--single-version-externally-managed', 'install_data'], 'cwd': '/workspace/src/go2_nav', 'env': {'HOSTNAME': 'ubuntu', 'SHLVL': '2', 'LD_LIBRARY_PATH': '/opt/ros/humble/opt/rviz_ogre_vendor/lib:/opt/ros/humble/lib/aarch64-linux-gnu:/opt/ros/humble/lib', 'HOME': '/root', 'OLDPWD': '/workspace', 'ROS_PYTHON_VERSION': '3', 'ROS_DISTRO': 'humble', '_': '/usr/bin/colcon', 'ROS_VERSION': '2', 'TERM': 'xterm', 'ROS_LOCALHOST_ONLY': '0', 'PATH': '/opt/ros/humble/bin:/usr/local/sbin:/usr/local/bin:/usr/sbin:/usr/bin:/sbin:/bin', 'LANG': 'C.UTF-8', 'CYCLONEDDS_HOME': '/workspace/cyclonedds/install', 'LS_COLORS': 'rs=0:di=01;34:ln=01;36:mh=00:pi=40;33:so=01;35:do=01;35:bd=40;33;01:cd=40;33;01:or=40;31;01:mi=00:su=37;41:sg=30;43:ca=30;41:tw=30;42:ow=34;42:st=37;44:ex=01;32:*.tar=01;31:*.tgz=01;31:*.arc=01;31:*.arj=01;31:*.taz=01;31:*.lha=01;31:*.lz4=01;31:*.lzh=01;31:*.lzma=01;31:*.tlz=01;31:*.txz=01;31:*.tzo=01;31:*.t7z=01;31:*.zip=01;31:*.z=01;31:*.dz=01;31:*.gz=01;31:*.lrz=01;31:*.lz=01;31:*.lzo=01;31:*.xz=01;31:*.zst=01;31:*.tzst=01;31:*.bz2=01;31:*.bz=01;31:*.tbz=01;31:*.tbz2=01;31:*.tz=01;31:*.deb=01;31:*.rpm=01;31:*.jar=01;31:*.war=01;31:*.ear=01;31:*.sar=01;31:*.rar=01;31:*.alz=01;31:*.ace=01;31:*.zoo=01;31:*.cpio=01;31:*.7z=01;31:*.rz=01;31:*.cab=01;31:*.wim=01;31:*.swm=01;31:*.dwm=01;31:*.esd=01;31:*.jpg=01;35:*.jpeg=01;35:*.mjpg=01;35:*.mjpeg=01;35:*.gif=01;35:*.bmp=01;35:*.pbm=01;35:*.pgm=01;35:*.ppm=01;35:*.tga=01;35:*.xbm=01;35:*.xpm=01;35:*.tif=01;35:*.tiff=01;35:*.png=01;35:*.svg=01;35:*.svgz=01;35:*.mng=01;35:*.pcx=01;35:*.mov=01;35:*.mpg=01;35:*.mpeg=01;35:*.m2v=01;35:*.mkv=01;35:*.webm=01;35:*.webp=01;35:*.ogm=01;35:*.mp4=01;35:*.m4v=01;35:*.mp4v=01;35:*.vob=01;35:*.qt=01;35:*.nuv=01;35:*.wmv=01;35:*.asf=01;35:*.rm=01;35:*.rmvb=01;35:*.flc=01;35:*.avi=01;35:*.fli=01;35:*.flv=01;35:*.gl=01;35:*.dl=01;35:*.xcf=01;35:*.xwd=01;35:*.yuv=01;35:*.cgm=01;35:*.emf=01;35:*.ogv=01;35:*.ogx=01;35:*.aac=00;36:*.au=00;36:*.flac=00;36:*.m4a=00;36:*.mid=00;36:*.midi=00;36:*.mka=00;36:*.mp3=00;36:*.mpc=00;36:*.ogg=00;36:*.ra=00;36:*.wav=00;36:*.oga=00;36:*.opus=00;36:*.spx=00;36:*.xspf=00;36:', 'AMENT_PREFIX_PATH': '/opt/ros/humble', 'PWD': '/workspace/build/go2_nav', 'LC_ALL': 'C.UTF-8', 'PYTHONPATH': '/workspace/build/go2_nav/prefix_override:/usr/lib/python3/dist-packages/colcon_core/task/python/colcon_distutils_commands:/workspace/install/go2_nav/lib/python3.10/site-packages:/opt/ros/humble/lib/python3.10/site-packages:/opt/ros/humble/local/lib/python3.10/dist-packages', 'COLCON': '1'}, 'shell': False}
[1.386634] (go2_vision) Command: {'cmd': ['/usr/bin/python3', '-W', 'ignore:setup.py install is deprecated', '-W', 'ignore:easy_install command is deprecated', 'setup.py', 'egg_info', '--egg-base', '../../build/go2_vision', 'build', '--build-base', '/workspace/build/go2_vision/build', 'install', '--record', '/workspace/build/go2_vision/install.log', '--install-scripts', '$base/lib/go2_vision', '--single-version-externally-managed', 'install_data'], 'cwd': '/workspace/src/go2_vision', 'env': {'HOSTNAME': 'ubuntu', 'SHLVL': '2', 'LD_LIBRARY_PATH': '/opt/ros/humble/opt/rviz_ogre_vendor/lib:/opt/ros/humble/lib/aarch64-linux-gnu:/opt/ros/humble/lib', 'HOME': '/root', 'OLDPWD': '/workspace', 'ROS_PYTHON_VERSION': '3', 'ROS_DISTRO': 'humble', '_': '/usr/bin/colcon', 'ROS_VERSION': '2', 'TERM': 'xterm', 'ROS_LOCALHOST_ONLY': '0', 'PATH': '/opt/ros/humble/bin:/usr/local/sbin:/usr/local/bin:/usr/sbin:/usr/bin:/sbin:/bin', 'LANG': 'C.UTF-8', 'CYCLONEDDS_HOME': '/workspace/cyclonedds/install', 'LS_COLORS': 'rs=0:di=01;34:ln=01;36:mh=00:pi=40;33:so=01;35:do=01;35:bd=40;33;01:cd=40;33;01:or=40;31;01:mi=00:su=37;41:sg=30;43:ca=30;41:tw=30;42:ow=34;42:st=37;44:ex=01;32:*.tar=01;31:*.tgz=01;31:*.arc=01;31:*.arj=01;31:*.taz=01;31:*.lha=01;31:*.lz4=01;31:*.lzh=01;31:*.lzma=01;31:*.tlz=01;31:*.txz=01;31:*.tzo=01;31:*.t7z=01;31:*.zip=01;31:*.z=01;31:*.dz=01;31:*.gz=01;31:*.lrz=01;31:*.lz=01;31:*.lzo=01;31:*.xz=01;31:*.zst=01;31:*.tzst=01;31:*.bz2=01;31:*.bz=01;31:*.tbz=01;31:*.tbz2=01;31:*.tz=01;31:*.deb=01;31:*.rpm=01;31:*.jar=01;31:*.war=01;31:*.ear=01;31:*.sar=01;31:*.rar=01;31:*.alz=01;31:*.ace=01;31:*.zoo=01;31:*.cpio=01;31:*.7z=01;31:*.rz=01;31:*.cab=01;31:*.wim=01;31:*.swm=01;31:*.dwm=01;31:*.esd=01;31:*.jpg=01;35:*.jpeg=01;35:*.mjpg=01;35:*.mjpeg=01;35:*.gif=01;35:*.bmp=01;35:*.pbm=01;35:*.pgm=01;35:*.ppm=01;35:*.tga=01;35:*.xbm=01;35:*.xpm=01;35:*.tif=01;35:*.tiff=01;35:*.png=01;35:*.svg=01;35:*.svgz=01;35:*.mng=01;35:*.pcx=01;35:*.mov=01;35:*.mpg=01;35:*.mpeg=01;35:*.m2v=01;35:*.mkv=01;35:*.webm=01;35:*.webp=01;35:*.ogm=01;35:*.mp4=01;35:*.m4v=01;35:*.mp4v=01;35:*.vob=01;35:*.qt=01;35:*.nuv=01;35:*.wmv=01;35:*.asf=01;35:*.rm=01;35:*.rmvb=01;35:*.flc=01;35:*.avi=01;35:*.fli=01;35:*.flv=01;35:*.gl=01;35:*.dl=01;35:*.xcf=01;35:*.xwd=01;35:*.yuv=01;35:*.cgm=01;35:*.emf=01;35:*.ogv=01;35:*.ogx=01;35:*.aac=00;36:*.au=00;36:*.flac=00;36:*.m4a=00;36:*.mid=00;36:*.midi=00;36:*.mka=00;36:*.mp3=00;36:*.mpc=00;36:*.ogg=00;36:*.ra=00;36:*.wav=00;36:*.oga=00;36:*.opus=00;36:*.spx=00;36:*.xspf=00;36:', 'AMENT_PREFIX_PATH': '/opt/ros/humble', 'PWD': '/workspace/build/go2_vision', 'LC_ALL': 'C.UTF-8', 'PYTHONPATH': '/workspace/build/go2_vision/prefix_override:/usr/lib/python3/dist-packages/colcon_core/task/python/colcon_distutils_commands:/workspace/install/go2_vision/lib/python3.10/site-packages:/opt/ros/humble/lib/python3.10/site-packages:/opt/ros/humble/local/lib/python3.10/dist-packages', 'COLCON': '1'}, 'shell': False}
[1.404262] (-) TimerEvent: {}
[1.409979] (cyclonedds) StdoutLine: {'line': b'-- Performing Test COMPILER_HAS_HIDDEN_VISIBILITY - Success\n'}
[1.410915] (cyclonedds) StdoutLine: {'line': b'-- Performing Test COMPILER_HAS_HIDDEN_INLINE_VISIBILITY\n'}
[1.504409] (-) TimerEvent: {}
[1.509932] (cyclonedds) StdoutLine: {'line': b'-- Performing Test COMPILER_HAS_HIDDEN_INLINE_VISIBILITY - Failed\n'}
[1.510379] (cyclonedds) StdoutLine: {'line': b'-- Performing Test COMPILER_HAS_DEPRECATED_ATTR\n'}
[1.604773] (-) TimerEvent: {}
[1.608865] (cyclonedds) StdoutLine: {'line': b'-- Performing Test COMPILER_HAS_DEPRECATED_ATTR - Success\n'}
[1.616437] (cyclonedds) StdoutLine: {'line': b'-- Looking for gethostname\n'}
[1.702091] (go2_nav) StdoutLine: {'line': b'running egg_info\n'}
[1.703650] (go2_nav) StdoutLine: {'line': b'writing ../../build/go2_nav/go2_nav.egg-info/PKG-INFO\n'}
[1.704158] (go2_nav) StdoutLine: {'line': b'writing dependency_links to ../../build/go2_nav/go2_nav.egg-info/dependency_links.txt\n'}
[1.704493] (go2_nav) StdoutLine: {'line': b'writing entry points to ../../build/go2_nav/go2_nav.egg-info/entry_points.txt\n'}
[1.704712] (go2_nav) StdoutLine: {'line': b'writing requirements to ../../build/go2_nav/go2_nav.egg-info/requires.txt\n'}
[1.704818] (-) TimerEvent: {}
[1.705233] (go2_nav) StdoutLine: {'line': b'writing top-level names to ../../build/go2_nav/go2_nav.egg-info/top_level.txt\n'}
[1.708485] (go2_nav) StdoutLine: {'line': b"reading manifest file '../../build/go2_nav/go2_nav.egg-info/SOURCES.txt'\n"}
[1.709719] (go2_nav) StdoutLine: {'line': b"writing manifest file '../../build/go2_nav/go2_nav.egg-info/SOURCES.txt'\n"}
[1.709994] (go2_nav) StdoutLine: {'line': b'running build\n'}
[1.710128] (go2_nav) StdoutLine: {'line': b'running build_py\n'}
[1.710741] (go2_nav) StdoutLine: {'line': b'running install\n'}
[1.711312] (go2_nav) StdoutLine: {'line': b'running install_lib\n'}
[1.713503] (go2_nav) StdoutLine: {'line': b'running install_data\n'}
[1.713819] (go2_nav) StdoutLine: {'line': b'running install_egg_info\n'}
[1.717129] (go2_nav) StdoutLine: {'line': b"removing '/workspace/install/go2_nav/lib/python3.10/site-packages/go2_nav-0.0.0-py3.10.egg-info' (and everything under it)\n"}
[1.717711] (go2_nav) StdoutLine: {'line': b'Copying ../../build/go2_nav/go2_nav.egg-info to /workspace/install/go2_nav/lib/python3.10/site-packages/go2_nav-0.0.0-py3.10.egg-info\n'}
[1.719075] (cyclonedds) StdoutLine: {'line': b'-- Looking for gethostname - found\n'}
[1.719318] (go2_nav) StdoutLine: {'line': b'running install_scripts\n'}
[1.719512] (go2_vision) StdoutLine: {'line': b'running egg_info\n'}
[1.719789] (cyclonedds) StdoutLine: {'line': b'-- Looking for inet_ntop\n'}
[1.720790] (go2_vision) StdoutLine: {'line': b'writing ../../build/go2_vision/go2_vision.egg-info/PKG-INFO\n'}
[1.721286] (go2_vision) StdoutLine: {'line': b'writing dependency_links to ../../build/go2_vision/go2_vision.egg-info/dependency_links.txt\n'}
[1.721569] (go2_vision) StdoutLine: {'line': b'writing entry points to ../../build/go2_vision/go2_vision.egg-info/entry_points.txt\n'}
[1.721806] (go2_vision) StdoutLine: {'line': b'writing requirements to ../../build/go2_vision/go2_vision.egg-info/requires.txt\n'}
[1.721968] (go2_vision) StdoutLine: {'line': b'writing top-level names to ../../build/go2_vision/go2_vision.egg-info/top_level.txt\n'}
[1.724829] (go2_vision) StdoutLine: {'line': b"reading manifest file '../../build/go2_vision/go2_vision.egg-info/SOURCES.txt'\n"}
[1.726022] (go2_vision) StdoutLine: {'line': b"writing manifest file '../../build/go2_vision/go2_vision.egg-info/SOURCES.txt'\n"}
[1.726245] (go2_vision) StdoutLine: {'line': b'running build\n'}
[1.726394] (go2_vision) StdoutLine: {'line': b'running build_py\n'}
[1.727092] (go2_vision) StdoutLine: {'line': b'running install\n'}
[1.727654] (go2_vision) StdoutLine: {'line': b'running install_lib\n'}
[1.729912] (go2_vision) StdoutLine: {'line': b'running install_data\n'}
[1.730052] (go2_vision) StdoutLine: {'line': b'running install_egg_info\n'}
[1.733091] (go2_vision) StdoutLine: {'line': b"removing '/workspace/install/go2_vision/lib/python3.10/site-packages/go2_vision-0.0.0-py3.10.egg-info' (and everything under it)\n"}
[1.733617] (go2_vision) StdoutLine: {'line': b'Copying ../../build/go2_vision/go2_vision.egg-info to /workspace/install/go2_vision/lib/python3.10/site-packages/go2_vision-0.0.0-py3.10.egg-info\n'}
[1.735149] (go2_vision) StdoutLine: {'line': b'running install_scripts\n'}
[1.753747] (go2_nav) StdoutLine: {'line': b'Installing go2_sport_bridge script to /workspace/install/go2_nav/lib/go2_nav\n'}
[1.754145] (go2_nav) StdoutLine: {'line': b'Installing odom_broadcast script to /workspace/install/go2_nav/lib/go2_nav\n'}
[1.754787] (go2_nav) StdoutLine: {'line': b'Installing restamp_node script to /workspace/install/go2_nav/lib/go2_nav\n'}
[1.754978] (go2_nav) StdoutLine: {'line': b"writing list of installed files to '/workspace/build/go2_nav/install.log'\n"}
[1.770828] (go2_vision) StdoutLine: {'line': b'Installing cameraimg script to /workspace/install/go2_vision/lib/go2_vision\n'}
[1.771598] (go2_vision) StdoutLine: {'line': b"writing list of installed files to '/workspace/build/go2_vision/install.log'\n"}
[1.804980] (-) TimerEvent: {}
[1.820523] (go2_nav) CommandEnded: {'returncode': 0}
[1.829340] (cyclonedds) StdoutLine: {'line': b'-- Looking for inet_ntop - found\n'}
[1.830420] (cyclonedds) StdoutLine: {'line': b'-- Looking for inet_pton\n'}
[1.837092] (go2_nav) JobEnded: {'identifier': 'go2_nav', 'rc': 0}
[1.839604] (go2_vision) CommandEnded: {'returncode': 0}
[1.854843] (go2_vision) JobEnded: {'identifier': 'go2_vision', 'rc': 0}
[1.905145] (-) TimerEvent: {}
[1.936271] (cyclonedds) StdoutLine: {'line': b'-- Looking for inet_pton - found\n'}
[1.937408] (cyclonedds) StdoutLine: {'line': b'-- Looking for getaddrinfo\n'}
[2.005301] (-) TimerEvent: {}
[2.056635] (cyclonedds) StdoutLine: {'line': b'-- Looking for getaddrinfo - found\n'}
[2.057587] (cyclonedds) StdoutLine: {'line': b'-- Looking for gethostbyname_r\n'}
[2.105443] (-) TimerEvent: {}
[2.180271] (cyclonedds) StdoutLine: {'line': b'-- Looking for gethostbyname_r - found\n'}
[2.181038] (cyclonedds) StdoutLine: {'line': b'-- Check size of struct sockaddr_in6\n'}
[2.205591] (-) TimerEvent: {}
[2.303049] (cyclonedds) StdoutLine: {'line': b'-- Check size of struct sockaddr_in6 - done\n'}
[2.305700] (-) TimerEvent: {}
[2.306490] (cyclonedds) StdoutLine: {'line': b'-- Looking for pthread.h\n'}
[2.405878] (-) TimerEvent: {}
[2.423843] (cyclonedds) StdoutLine: {'line': b'-- Looking for pthread.h - found\n'}
[2.424511] (cyclonedds) StdoutLine: {'line': b'-- Performing Test CMAKE_HAVE_LIBC_PTHREAD\n'}
[2.506022] (-) TimerEvent: {}
[2.541952] (cyclonedds) StdoutLine: {'line': b'-- Performing Test CMAKE_HAVE_LIBC_PTHREAD - Success\n'}
[2.545367] (cyclonedds) StdoutLine: {'line': b'-- Found Threads: TRUE  \n'}
[2.546034] (cyclonedds) StdoutLine: {'line': b'-- Looking for clock_gettime in c\n'}
[2.606146] (-) TimerEvent: {}
[2.661282] (cyclonedds) StdoutLine: {'line': b'-- Looking for clock_gettime in c - found\n'}
[2.706247] (-) TimerEvent: {}
[2.806858] (-) TimerEvent: {}
[2.907525] (-) TimerEvent: {}
[3.008136] (-) TimerEvent: {}
[3.092233] (cyclonedds) StdoutLine: {'line': b'-- Configuring done\n'}
[3.108234] (-) TimerEvent: {}
[3.183194] (cyclonedds) StdoutLine: {'line': b'-- Generating done\n'}
[3.200275] (cyclonedds) StdoutLine: {'line': b'-- Build files have been written to: /workspace/build/cyclonedds\n'}
[3.208336] (-) TimerEvent: {}
[3.210752] (cyclonedds) CommandEnded: {'returncode': 0}
[3.211882] (cyclonedds) JobProgress: {'identifier': 'cyclonedds', 'progress': 'build'}
[3.212493] (cyclonedds) Command: {'cmd': ['/usr/bin/cmake', '--build', '/workspace/build/cyclonedds', '--', '-j8', '-l8'], 'cwd': '/workspace/build/cyclonedds', 'env': OrderedDict([('HOSTNAME', 'ubuntu'), ('SHLVL', '2'), ('LD_LIBRARY_PATH', '/opt/ros/humble/opt/rviz_ogre_vendor/lib:/opt/ros/humble/lib/aarch64-linux-gnu:/opt/ros/humble/lib'), ('HOME', '/root'), ('OLDPWD', '/workspace'), ('ROS_PYTHON_VERSION', '3'), ('ROS_DISTRO', 'humble'), ('_', '/usr/bin/colcon'), ('ROS_VERSION', '2'), ('TERM', 'xterm'), ('ROS_LOCALHOST_ONLY', '0'), ('PATH', '/opt/ros/humble/bin:/usr/local/sbin:/usr/local/bin:/usr/sbin:/usr/bin:/sbin:/bin'), ('LANG', 'C.UTF-8'), ('CYCLONEDDS_HOME', '/workspace/cyclonedds/install'), ('LS_COLORS', 'rs=0:di=01;34:ln=01;36:mh=00:pi=40;33:so=01;35:do=01;35:bd=40;33;01:cd=40;33;01:or=40;31;01:mi=00:su=37;41:sg=30;43:ca=30;41:tw=30;42:ow=34;42:st=37;44:ex=01;32:*.tar=01;31:*.tgz=01;31:*.arc=01;31:*.arj=01;31:*.taz=01;31:*.lha=01;31:*.lz4=01;31:*.lzh=01;31:*.lzma=01;31:*.tlz=01;31:*.txz=01;31:*.tzo=01;31:*.t7z=01;31:*.zip=01;31:*.z=01;31:*.dz=01;31:*.gz=01;31:*.lrz=01;31:*.lz=01;31:*.lzo=01;31:*.xz=01;31:*.zst=01;31:*.tzst=01;31:*.bz2=01;31:*.bz=01;31:*.tbz=01;31:*.tbz2=01;31:*.tz=01;31:*.deb=01;31:*.rpm=01;31:*.jar=01;31:*.war=01;31:*.ear=01;31:*.sar=01;31:*.rar=01;31:*.alz=01;31:*.ace=01;31:*.zoo=01;31:*.cpio=01;31:*.7z=01;31:*.rz=01;31:*.cab=01;31:*.wim=01;31:*.swm=01;31:*.dwm=01;31:*.esd=01;31:*.jpg=01;35:*.jpeg=01;35:*.mjpg=01;35:*.mjpeg=01;35:*.gif=01;35:*.bmp=01;35:*.pbm=01;35:*.pgm=01;35:*.ppm=01;35:*.tga=01;35:*.xbm=01;35:*.xpm=01;35:*.tif=01;35:*.tiff=01;35:*.png=01;35:*.svg=01;35:*.svgz=01;35:*.mng=01;35:*.pcx=01;35:*.mov=01;35:*.mpg=01;35:*.mpeg=01;35:*.m2v=01;35:*.mkv=01;35:*.webm=01;35:*.webp=01;35:*.ogm=01;35:*.mp4=01;35:*.m4v=01;35:*.mp4v=01;35:*.vob=01;35:*.qt=01;35:*.nuv=01;35:*.wmv=01;35:*.asf=01;35:*.rm=01;35:*.rmvb=01;35:*.flc=01;35:*.avi=01;35:*.fli=01;35:*.flv=01;35:*.gl=01;35:*.dl=01;35:*.xcf=01;35:*.xwd=01;35:*.yuv=01;35:*.cgm=01;35:*.emf=01;35:*.ogv=01;35:*.ogx=01;35:*.aac=00;36:*.au=00;36:*.flac=00;36:*.m4a=00;36:*.mid=00;36:*.midi=00;36:*.mka=00;36:*.mp3=00;36:*.mpc=00;36:*.ogg=00;36:*.ra=00;36:*.wav=00;36:*.oga=00;36:*.opus=00;36:*.spx=00;36:*.xspf=00;36:'), ('AMENT_PREFIX_PATH', '/opt/ros/humble'), ('PWD', '/workspace/build/cyclonedds'), ('LC_ALL', 'C.UTF-8'), ('PYTHONPATH', '/opt/ros/humble/lib/python3.10/site-packages:/opt/ros/humble/local/lib/python3.10/dist-packages'), ('COLCON', '1'), ('CMAKE_PREFIX_PATH', '/opt/ros/humble')]), 'shell': False}
[3.266946] (cyclonedds) StdoutLine: {'line': b'[  2%] \x1b[34m\x1b[1mGenerating src/md5.c\x1b[0m\n'}
[3.267376] (cyclonedds) StdoutLine: {'line': b'[  2%] \x1b[34m\x1b[1mGenerating include/idl/attributes.h\x1b[0m\n'}
[3.267508] (cyclonedds) StdoutLine: {'line': b'[  2%] \x1b[34m\x1b[1mGenerating include/idl/md5.h\x1b[0m\n'}
[3.267618] (cyclonedds) StdoutLine: {'line': b'[  2%] \x1b[34m\x1b[1mGenerating include/idl/endian.h\x1b[0m\n'}
[3.267722] (cyclonedds) StdoutLine: {'line': b'[  2%] \x1b[34m\x1b[1mGenerating include/idl/misc.h\x1b[0m\n'}
[3.283250] (cyclonedds) StdoutLine: {'line': b'[  3%] Built target _confgen\n'}
[3.283683] (cyclonedds) StdoutLine: {'line': b'[  3%] \x1b[32mBuilding C object src/tools/idlpp/CMakeFiles/idlpp.dir/src/directive.c.o\x1b[0m\n'}
[3.284431] (cyclonedds) StdoutLine: {'line': b'[  4%] \x1b[32mBuilding C object src/ddsrt/CMakeFiles/ddsrt-internal.dir/src/atomics.c.o\x1b[0m\n'}
[3.297566] (cyclonedds) StdoutLine: {'line': b'[  4%] \x1b[32mBuilding C object src/tools/idlpp/CMakeFiles/idlpp.dir/src/eval.c.o\x1b[0m\n'}
[3.298234] (cyclonedds) StdoutLine: {'line': b'[  4%] \x1b[32mBuilding C object src/ddsrt/CMakeFiles/ddsrt-internal.dir/src/avl.c.o\x1b[0m\n'}
[3.298625] (cyclonedds) StdoutLine: {'line': b'[  5%] \x1b[32mBuilding C object src/ddsrt/CMakeFiles/ddsrt-internal.dir/src/io.c.o\x1b[0m\n'}
[3.298881] (cyclonedds) StdoutLine: {'line': b'[  4%] \x1b[32mBuilding C object src/ddsrt/CMakeFiles/ddsrt-internal.dir/src/bswap.c.o\x1b[0m\n'}
[3.308546] (-) TimerEvent: {}
[3.315728] (cyclonedds) StdoutLine: {'line': b'[  5%] \x1b[32mBuilding C object src/idl/CMakeFiles/idl.dir/src/symbol.c.o\x1b[0m\n'}
[3.325953] (cyclonedds) StdoutLine: {'line': b'[  5%] \x1b[32mBuilding C object src/core/CMakeFiles/ddsc.dir/ddsi/src/ddsi_eth.c.o\x1b[0m\n'}
[3.372820] (cyclonedds) StdoutLine: {'line': b'[  5%] \x1b[32mBuilding C object src/ddsrt/CMakeFiles/ddsrt-internal.dir/src/log.c.o\x1b[0m\n'}
[3.378122] (cyclonedds) StdoutLine: {'line': b'[  6%] \x1b[32mBuilding C object src/ddsrt/CMakeFiles/ddsrt-internal.dir/src/retcode.c.o\x1b[0m\n'}
[3.408731] (-) TimerEvent: {}
[3.425615] (cyclonedds) StdoutLine: {'line': b'[  7%] \x1b[32mBuilding C object src/core/CMakeFiles/ddsc.dir/ddsi/src/ddsi_ssl.c.o\x1b[0m\n'}
[3.429728] (cyclonedds) StdoutLine: {'line': b'[  7%] \x1b[32mBuilding C object src/ddsrt/CMakeFiles/ddsrt-internal.dir/src/strtod.c.o\x1b[0m\n'}
[3.480339] (cyclonedds) StdoutLine: {'line': b'[  8%] \x1b[32mBuilding C object src/idl/CMakeFiles/idl.dir/src/directive.c.o\x1b[0m\n'}
[3.491220] (cyclonedds) StdoutLine: {'line': b'[  8%] \x1b[32mBuilding C object src/ddsrt/CMakeFiles/ddsrt-internal.dir/src/strtol.c.o\x1b[0m\n'}
[3.508926] (-) TimerEvent: {}
[3.571936] (cyclonedds) StdoutLine: {'line': b'[  8%] \x1b[32mBuilding C object src/idl/CMakeFiles/idl.dir/src/expression.c.o\x1b[0m\n'}
[3.609124] (-) TimerEvent: {}
[3.612764] (cyclonedds) StdoutLine: {'line': b'[  9%] \x1b[32mBuilding C object src/ddsrt/CMakeFiles/ddsrt-internal.dir/src/mh3.c.o\x1b[0m\n'}
[3.638521] (cyclonedds) StdoutLine: {'line': b'[  9%] \x1b[32mBuilding C object src/ddsrt/CMakeFiles/ddsrt-internal.dir/src/environ.c.o\x1b[0m\n'}
[3.674897] (cyclonedds) StdoutLine: {'line': b'[ 10%] \x1b[32mBuilding C object src/ddsrt/CMakeFiles/ddsrt-internal.dir/src/expand_vars.c.o\x1b[0m\n'}
[3.709356] (-) TimerEvent: {}
[3.744574] (cyclonedds) StdoutLine: {'line': b'[ 10%] \x1b[32mBuilding C object src/ddsrt/CMakeFiles/ddsrt-internal.dir/src/fibheap.c.o\x1b[0m\n'}
[3.809590] (-) TimerEvent: {}
[3.817083] (cyclonedds) StdoutLine: {'line': b'[ 10%] \x1b[32mBuilding C object src/idl/CMakeFiles/idl.dir/src/file.c.o\x1b[0m\n'}
[3.831703] (cyclonedds) StdoutLine: {'line': b'[ 10%] \x1b[32mBuilding C object src/core/CMakeFiles/ddsc.dir/ddsi/src/ddsi_tcp.c.o\x1b[0m\n'}
[3.904564] (cyclonedds) StdoutLine: {'line': b'[ 10%] \x1b[32mBuilding C object src/ddsrt/CMakeFiles/ddsrt-internal.dir/src/hopscotch.c.o\x1b[0m\n'}
[3.909795] (-) TimerEvent: {}
[3.948678] (cyclonedds) StdoutLine: {'line': b'[ 11%] \x1b[32mBuilding C object src/ddsrt/CMakeFiles/ddsrt-internal.dir/src/circlist.c.o\x1b[0m\n'}
[4.010023] (-) TimerEvent: {}
[4.019557] (cyclonedds) StdoutLine: {'line': b'[ 11%] \x1b[32mBuilding C object src/ddsrt/CMakeFiles/ddsrt-internal.dir/src/threads.c.o\x1b[0m\n'}
[4.028980] (cyclonedds) StdoutLine: {'line': b'[ 11%] \x1b[32mBuilding C object src/ddsrt/CMakeFiles/ddsrt-internal.dir/src/string.c.o\x1b[0m\n'}
[4.049923] (cyclonedds) StdoutLine: {'line': b'[ 12%] \x1b[32mBuilding C object src/idl/CMakeFiles/idl.dir/src/processor.c.o\x1b[0m\n'}
[4.073016] (cyclonedds) StdoutLine: {'line': b'[ 13%] \x1b[32mBuilding C object src/ddsrt/CMakeFiles/ddsrt-internal.dir/src/sockets.c.o\x1b[0m\n'}
[4.110251] (-) TimerEvent: {}
[4.138731] (cyclonedds) StdoutLine: {'line': b'[ 14%] \x1b[32mBuilding C object src/tools/idlpp/CMakeFiles/idlpp.dir/src/expand.c.o\x1b[0m\n'}
[4.155637] (cyclonedds) StdoutLine: {'line': b'[ 14%] \x1b[32mBuilding C object src/idl/CMakeFiles/idl.dir/src/scanner.c.o\x1b[0m\n'}
[4.187005] (cyclonedds) StdoutLine: {'line': b'[ 14%] \x1b[32mBuilding C object src/ddsrt/CMakeFiles/ddsrt-internal.dir/src/md5.c.o\x1b[0m\n'}
[4.187457] (cyclonedds) StdoutLine: {'line': b'[ 14%] \x1b[32mBuilding C object src/tools/idlpp/CMakeFiles/idlpp.dir/src/main.c.o\x1b[0m\n'}
[4.210472] (-) TimerEvent: {}
[4.274382] (cyclonedds) StdoutLine: {'line': b'[ 15%] \x1b[32mBuilding C object src/ddsrt/CMakeFiles/ddsrt-internal.dir/src/xmlparser.c.o\x1b[0m\n'}
[4.310697] (-) TimerEvent: {}
[4.370552] (cyclonedds) StdoutLine: {'line': b'[ 15%] \x1b[32mBuilding C object src/ddsrt/CMakeFiles/ddsrt-internal.dir/src/ifaddrs.c.o\x1b[0m\n'}
[4.405514] (cyclonedds) StdoutLine: {'line': b'[ 16%] \x1b[32mBuilding C object src/idl/CMakeFiles/idl.dir/src/string.c.o\x1b[0m\n'}
[4.410884] (-) TimerEvent: {}
[4.414028] (cyclonedds) StdoutLine: {'line': b'[ 16%] \x1b[32mBuilding C object src/ddsrt/CMakeFiles/ddsrt-internal.dir/src/cdtors.c.o\x1b[0m\n'}
[4.446146] (cyclonedds) StdoutLine: {'line': b'[ 17%] \x1b[32mBuilding C object src/ddsrt/CMakeFiles/ddsrt-internal.dir/src/random.c.o\x1b[0m\n'}
[4.509251] (cyclonedds) StdoutLine: {'line': b'[ 17%] \x1b[32mBuilding C object src/tools/idlpp/CMakeFiles/idlpp.dir/src/mbchar.c.o\x1b[0m\n'}
[4.511063] (-) TimerEvent: {}
[4.520811] (cyclonedds) StdoutLine: {'line': b'[ 17%] \x1b[32mBuilding C object src/ddsrt/CMakeFiles/ddsrt-internal.dir/src/time.c.o\x1b[0m\n'}
[4.611296] (-) TimerEvent: {}
[4.624473] (cyclonedds) StdoutLine: {'line': b'[ 18%] \x1b[32mBuilding C object src/ddsrt/CMakeFiles/ddsrt-internal.dir/src/ifaddrs/posix/ifaddrs.c.o\x1b[0m\n'}
[4.629868] (cyclonedds) StdoutLine: {'line': b'[ 18%] \x1b[32mBuilding C object src/ddsrt/CMakeFiles/ddsrt-internal.dir/src/sockets/posix/socket.c.o\x1b[0m\n'}
[4.643784] (cyclonedds) StdoutLine: {'line': b'[ 18%] \x1b[32mBuilding C object src/idl/CMakeFiles/idl.dir/src/annotation.c.o\x1b[0m\n'}
[4.656593] (cyclonedds) StdoutLine: {'line': b'[ 18%] \x1b[32mBuilding C object src/core/CMakeFiles/ddsc.dir/ddsi/src/ddsi_tran.c.o\x1b[0m\n'}
[4.711509] (-) TimerEvent: {}
[4.725343] (cyclonedds) StdoutLine: {'line': b'[ 18%] \x1b[32mBuilding C object src/idl/CMakeFiles/idl.dir/src/scope.c.o\x1b[0m\n'}
[4.763940] (cyclonedds) StdoutLine: {'line': b'[ 18%] \x1b[32mBuilding C object src/ddsrt/CMakeFiles/ddsrt-internal.dir/src/sockets/posix/gethostname.c.o\x1b[0m\n'}
[4.786572] (cyclonedds) StdoutLine: {'line': b'[ 19%] \x1b[32mBuilding C object src/ddsrt/CMakeFiles/ddsrt-internal.dir/src/heap/posix/heap.c.o\x1b[0m\n'}
[4.799730] (cyclonedds) StdoutLine: {'line': b'[ 20%] \x1b[32mBuilding C object src/tools/idlpp/CMakeFiles/idlpp.dir/src/support.c.o\x1b[0m\n'}
[4.811731] (-) TimerEvent: {}
[4.835642] (cyclonedds) StdoutLine: {'line': b'[ 20%] \x1b[32mBuilding C object src/ddsrt/CMakeFiles/ddsrt-internal.dir/src/dynlib/posix/dynlib.c.o\x1b[0m\n'}
[4.846565] (cyclonedds) StdoutLine: {'line': b'[ 20%] \x1b[32mBuilding C object src/ddsrt/CMakeFiles/ddsrt-internal.dir/src/environ/posix/environ.c.o\x1b[0m\n'}
[4.865702] (cyclonedds) StdoutLine: {'line': b'[ 21%] \x1b[32mBuilding C object src/ddsrt/CMakeFiles/ddsrt-internal.dir/src/filesystem/posix/filesystem.c.o\x1b[0m\n'}
[4.911913] (-) TimerEvent: {}
[4.924519] (cyclonedds) StdoutLine: {'line': b'[ 21%] \x1b[32mBuilding C object src/ddsrt/CMakeFiles/ddsrt-internal.dir/src/process/posix/process.c.o\x1b[0m\n'}
[4.930734] (cyclonedds) StdoutLine: {'line': b'[ 22%] \x1b[32mBuilding C object src/ddsrt/CMakeFiles/ddsrt-internal.dir/src/random/posix/random.c.o\x1b[0m\n'}
[4.969636] (cyclonedds) StdoutLine: {'line': b'[ 22%] \x1b[32mBuilding C object src/ddsrt/CMakeFiles/ddsrt-internal.dir/src/sync/posix/sync.c.o\x1b[0m\n'}
[4.993592] (cyclonedds) StdoutLine: {'line': b'[ 22%] \x1b[32mBuilding C object src/ddsrt/CMakeFiles/ddsrt-internal.dir/src/threads/posix/threads.c.o\x1b[0m\n'}
[5.012122] (-) TimerEvent: {}
[5.015722] (cyclonedds) StdoutLine: {'line': b'[ 23%] \x1b[32mBuilding C object src/idl/CMakeFiles/idl.dir/src/tree.c.o\x1b[0m\n'}
[5.021896] (cyclonedds) StdoutLine: {'line': b'[ 24%] \x1b[32mBuilding C object src/ddsrt/CMakeFiles/ddsrt-internal.dir/src/netstat/linux/netstat.c.o\x1b[0m\n'}
[5.058970] (cyclonedds) StdoutLine: {'line': b'[ 25%] \x1b[32mBuilding C object src/core/CMakeFiles/ddsc.dir/ddsi/src/ddsi_udp.c.o\x1b[0m\n'}
[5.112365] (-) TimerEvent: {}
[5.120640] (cyclonedds) StdoutLine: {'line': b'[ 25%] \x1b[32mBuilding C object src/ddsrt/CMakeFiles/ddsrt-internal.dir/src/time/posix/time.c.o\x1b[0m\n'}
[5.150932] (cyclonedds) StdoutLine: {'line': b'[ 26%] \x1b[32mBuilding C object src/idl/CMakeFiles/idl.dir/src/visit.c.o\x1b[0m\n'}
[5.151645] (cyclonedds) StdoutLine: {'line': b'[ 26%] \x1b[32mBuilding C object src/ddsrt/CMakeFiles/ddsrt-internal.dir/src/rusage/posix/rusage.c.o\x1b[0m\n'}
[5.208932] (cyclonedds) StdoutLine: {'line': b'[ 26%] \x1b[32mBuilding C object src/idl/CMakeFiles/idl.dir/src/print.c.o\x1b[0m\n'}
[5.212541] (-) TimerEvent: {}
[5.261495] (cyclonedds) StdoutLine: {'line': b'[ 27%] \x1b[32mBuilding C object src/idl/CMakeFiles/idl.dir/src/keylist.c.o\x1b[0m\n'}
[5.299334] (cyclonedds) StdoutLine: {'line': b'[ 27%] \x1b[32m\x1b[1mLinking C static library ../../lib/libddsrt-internal.a\x1b[0m\n'}
[5.299914] (cyclonedds) StdoutLine: {'line': b'[ 27%] \x1b[32mBuilding C object src/idl/CMakeFiles/idl.dir/src/hashid.c.o\x1b[0m\n'}
[5.309961] (cyclonedds) StdoutLine: {'line': b'[ 28%] \x1b[32mBuilding C object src/idl/CMakeFiles/idl.dir/src/parser.c.o\x1b[0m\n'}
[5.312719] (-) TimerEvent: {}
[5.359670] (cyclonedds) StdoutLine: {'line': b'[ 28%] \x1b[32mBuilding C object src/idl/CMakeFiles/idl.dir/src/md5.c.o\x1b[0m\n'}
[5.379752] (cyclonedds) StdoutLine: {'line': b'[ 28%] Built target ddsrt-internal\n'}
[5.395639] (cyclonedds) StdoutLine: {'line': b'[ 28%] \x1b[32mBuilding C object src/core/CMakeFiles/ddsc.dir/ddsi/src/ddsi_raweth.c.o\x1b[0m\n'}
[5.412913] (-) TimerEvent: {}
[5.479414] (cyclonedds) StdoutLine: {'line': b'[ 29%] \x1b[32mBuilding C object src/core/CMakeFiles/ddsc.dir/ddsi/src/ddsi_vnet.c.o\x1b[0m\n'}
[5.513119] (-) TimerEvent: {}
[5.545534] (cyclonedds) StdoutLine: {'line': b'[ 29%] \x1b[32mBuilding C object src/tools/idlpp/CMakeFiles/idlpp.dir/src/system.c.o\x1b[0m\n'}
[5.546860] (cyclonedds) StdoutLine: {'line': b'[ 29%] \x1b[32mBuilding C object src/core/CMakeFiles/ddsc.dir/ddsi/src/ddsi_ipaddr.c.o\x1b[0m\n'}
[5.602146] (cyclonedds) StdoutLine: {'line': b'[ 29%] \x1b[32mBuilding C object src/core/CMakeFiles/ddsc.dir/ddsi/src/ddsi_mcgroup.c.o\x1b[0m\n'}
[5.613324] (-) TimerEvent: {}
[5.714095] (-) TimerEvent: {}
[5.750320] (cyclonedds) StdoutLine: {'line': b'[ 30%] \x1b[32mBuilding C object src/core/CMakeFiles/ddsc.dir/ddsi/src/ddsi_security_util.c.o\x1b[0m\n'}
[5.754141] (cyclonedds) StdoutLine: {'line': b'[ 30%] \x1b[32mBuilding C object src/core/CMakeFiles/ddsc.dir/ddsi/src/ddsi_security_omg.c.o\x1b[0m\n'}
[5.808473] (cyclonedds) StdoutLine: {'line': b'[ 30%] \x1b[32mBuilding C object src/core/CMakeFiles/ddsc.dir/ddsi/src/ddsi_portmapping.c.o\x1b[0m\n'}
[5.814300] (-) TimerEvent: {}
[5.907708] (cyclonedds) StdoutLine: {'line': b'[ 31%] \x1b[32mBuilding C object src/core/CMakeFiles/ddsc.dir/ddsi/src/ddsi_handshake.c.o\x1b[0m\n'}
[5.914502] (-) TimerEvent: {}
[5.941266] (cyclonedds) StdoutLine: {'line': b'[ 31%] \x1b[32mBuilding C object src/core/CMakeFiles/ddsc.dir/ddsi/src/ddsi_serdata.c.o\x1b[0m\n'}
[6.014747] (-) TimerEvent: {}
[6.061971] (cyclonedds) StdoutLine: {'line': b'[ 32%] \x1b[32mBuilding C object src/core/CMakeFiles/ddsc.dir/ddsi/src/ddsi_serdata_default.c.o\x1b[0m\n'}
[6.114981] (-) TimerEvent: {}
[6.153668] (cyclonedds) StdoutLine: {'line': b'[ 32%] \x1b[32mBuilding C object src/core/CMakeFiles/ddsc.dir/ddsi/src/ddsi_serdata_pserop.c.o\x1b[0m\n'}
[6.215213] (-) TimerEvent: {}
[6.254167] (cyclonedds) StdoutLine: {'line': b'[ 32%] \x1b[32mBuilding C object src/core/CMakeFiles/ddsc.dir/ddsi/src/ddsi_serdata_plist.c.o\x1b[0m\n'}
[6.315442] (-) TimerEvent: {}
[6.416148] (-) TimerEvent: {}
[6.451359] (cyclonedds) StdoutLine: {'line': b'[ 33%] \x1b[32mBuilding C object src/core/CMakeFiles/ddsc.dir/ddsi/src/ddsi_sertype.c.o\x1b[0m\n'}
[6.511680] (cyclonedds) StdoutLine: {'line': b'[ 33%] \x1b[32mBuilding C object src/core/CMakeFiles/ddsc.dir/ddsi/src/ddsi_sertype_default.c.o\x1b[0m\n'}
[6.516427] (-) TimerEvent: {}
[6.539834] (cyclonedds) StdoutLine: {'line': b'[ 34%] \x1b[32mBuilding C object src/core/CMakeFiles/ddsc.dir/ddsi/src/ddsi_sertype_pserop.c.o\x1b[0m\n'}
[6.569141] (cyclonedds) StdoutLine: {'line': b'[ 34%] \x1b[32mBuilding C object src/core/CMakeFiles/ddsc.dir/ddsi/src/ddsi_sertype_plist.c.o\x1b[0m\n'}
[6.614617] (cyclonedds) StdoutLine: {'line': b'[ 34%] \x1b[32mBuilding C object src/core/CMakeFiles/ddsc.dir/ddsi/src/ddsi_sertopic.c.o\x1b[0m\n'}
[6.616565] (-) TimerEvent: {}
[6.717459] (-) TimerEvent: {}
[6.724191] (cyclonedds) StdoutLine: {'line': b'[ 35%] \x1b[32mBuilding C object src/core/CMakeFiles/ddsc.dir/ddsi/src/ddsi_statistics.c.o\x1b[0m\n'}
[6.755778] (cyclonedds) StdoutLine: {'line': b'[ 35%] \x1b[32mBuilding C object src/core/CMakeFiles/ddsc.dir/ddsi/src/ddsi_iid.c.o\x1b[0m\n'}
[6.759863] (cyclonedds) StdoutLine: {'line': b'[ 35%] \x1b[32mBuilding C object src/core/CMakeFiles/ddsc.dir/ddsi/src/ddsi_tkmap.c.o\x1b[0m\n'}
[6.804319] (cyclonedds) StdoutLine: {'line': b'[ 35%] \x1b[32m\x1b[1mLinking C shared library ../../lib/libcycloneddsidl.so\x1b[0m\n'}
[6.817681] (-) TimerEvent: {}
[6.819634] (cyclonedds) StdoutLine: {'line': b'[ 36%] \x1b[32mBuilding C object src/core/CMakeFiles/ddsc.dir/ddsi/src/ddsi_vendor.c.o\x1b[0m\n'}
[6.823146] (cyclonedds) StdoutLine: {'line': b'[ 37%] \x1b[32m\x1b[1mLinking C static library ../../../lib/libidlpp.a\x1b[0m\n'}
[6.859871] (cyclonedds) StdoutLine: {'line': b'[ 37%] \x1b[32mBuilding C object src/core/CMakeFiles/ddsc.dir/ddsi/src/ddsi_threadmon.c.o\x1b[0m\n'}
[6.909945] (cyclonedds) StdoutLine: {'line': b'[ 38%] \x1b[32mBuilding C object src/core/CMakeFiles/ddsc.dir/ddsi/src/ddsi_rhc.c.o\x1b[0m\n'}
[6.911009] (cyclonedds) StdoutLine: {'line': b'[ 38%] Built target idlpp\n'}
[6.913817] (cyclonedds) StdoutLine: {'line': b'[ 38%] \x1b[32mBuilding C object src/core/CMakeFiles/ddsc.dir/ddsi/src/ddsi_pmd.c.o\x1b[0m\n'}
[6.914396] (cyclonedds) StdoutLine: {'line': b'[ 38%] Built target idl\n'}
[6.917846] (-) TimerEvent: {}
[6.925762] (cyclonedds) StdoutLine: {'line': b'[ 38%] \x1b[32mBuilding C object src/core/CMakeFiles/ddsc.dir/ddsi/src/ddsi_entity_index.c.o\x1b[0m\n'}
[6.929345] (cyclonedds) StdoutLine: {'line': b'[ 39%] \x1b[32mBuilding C object src/core/CMakeFiles/ddsc.dir/ddsi/src/ddsi_deadline.c.o\x1b[0m\n'}
[6.979091] (cyclonedds) StdoutLine: {'line': b'[ 39%] \x1b[32mBuilding C object src/core/CMakeFiles/ddsc.dir/ddsi/src/ddsi_deliver_locally.c.o\x1b[0m\n'}
[6.985459] (cyclonedds) StdoutLine: {'line': b'[ 40%] \x1b[32mBuilding C object src/core/CMakeFiles/ddsc.dir/ddsi/src/ddsi_plist.c.o\x1b[0m\n'}
[7.011417] (cyclonedds) StdoutLine: {'line': b'[ 40%] \x1b[32mBuilding C object src/core/CMakeFiles/ddsc.dir/ddsi/src/ddsi_cdrstream.c.o\x1b[0m\n'}
[7.018072] (-) TimerEvent: {}
[7.118769] (-) TimerEvent: {}
[7.131855] (cyclonedds) StdoutLine: {'line': b'[ 40%] \x1b[32mBuilding C object src/core/CMakeFiles/ddsc.dir/ddsi/src/ddsi_config.c.o\x1b[0m\n'}
[7.140856] (cyclonedds) StdoutLine: {'line': b'[ 41%] \x1b[32mBuilding C object src/core/CMakeFiles/ddsc.dir/ddsi/src/ddsi_time.c.o\x1b[0m\n'}
[7.142983] (cyclonedds) StdoutLine: {'line': b'[ 41%] \x1b[32mBuilding C object src/core/CMakeFiles/ddsc.dir/ddsi/src/ddsi_ownip.c.o\x1b[0m\n'}
[7.219009] (-) TimerEvent: {}
[7.226837] (cyclonedds) StdoutLine: {'line': b'[ 41%] \x1b[32mBuilding C object src/core/CMakeFiles/ddsc.dir/ddsi/src/ddsi_acknack.c.o\x1b[0m\n'}
[7.275041] (cyclonedds) StdoutLine: {'line': b'[ 42%] \x1b[32mBuilding C object src/core/CMakeFiles/ddsc.dir/ddsi/src/ddsi_list_genptr.c.o\x1b[0m\n'}
[7.319234] (-) TimerEvent: {}
[7.364885] (cyclonedds) StdoutLine: {'line': b'[ 42%] \x1b[32mBuilding C object src/core/CMakeFiles/ddsc.dir/ddsi/src/ddsi_wraddrset.c.o\x1b[0m\n'}
[7.419473] (-) TimerEvent: {}
[7.469020] (cyclonedds) StdoutLine: {'line': b'[ 43%] \x1b[32mBuilding C object src/core/CMakeFiles/ddsc.dir/ddsi/src/ddsi_typelib.c.o\x1b[0m\n'}
[7.519705] (-) TimerEvent: {}
[7.592134] (cyclonedds) StdoutLine: {'line': b'[ 43%] \x1b[32mBuilding C object src/core/CMakeFiles/ddsc.dir/ddsi/src/ddsi_entity.c.o\x1b[0m\n'}
[7.619957] (-) TimerEvent: {}
[7.629763] (cyclonedds) StdoutLine: {'line': b'[ 43%] \x1b[32mBuilding C object src/core/CMakeFiles/ddsc.dir/ddsi/src/ddsi_entity_match.c.o\x1b[0m\n'}
[7.720182] (-) TimerEvent: {}
[7.822066] (-) TimerEvent: {}
[7.883630] (cyclonedds) StdoutLine: {'line': b'[ 44%] \x1b[32mBuilding C object src/core/CMakeFiles/ddsc.dir/ddsi/src/ddsi_participant.c.o\x1b[0m\n'}
[7.917385] (cyclonedds) StdoutLine: {'line': b'[ 44%] \x1b[32mBuilding C object src/core/CMakeFiles/ddsc.dir/ddsi/src/ddsi_proxy_participant.c.o\x1b[0m\n'}
[7.922267] (-) TimerEvent: {}
[7.962044] (cyclonedds) StdoutLine: {'line': b'[ 45%] \x1b[32mBuilding C object src/core/CMakeFiles/ddsc.dir/ddsi/src/ddsi_topic.c.o\x1b[0m\n'}
[8.022487] (-) TimerEvent: {}
[8.124430] (-) TimerEvent: {}
[8.226268] (-) TimerEvent: {}
[8.328268] (-) TimerEvent: {}
[8.385417] (cyclonedds) StdoutLine: {'line': b'[ 45%] \x1b[32mBuilding C object src/core/CMakeFiles/ddsc.dir/ddsi/src/ddsi_endpoint.c.o\x1b[0m\n'}
[8.401898] (cyclonedds) StdoutLine: {'line': b'[ 45%] \x1b[32mBuilding C object src/core/CMakeFiles/ddsc.dir/ddsi/src/ddsi_proxy_endpoint.c.o\x1b[0m\n'}
[8.428449] (-) TimerEvent: {}
[8.430457] (cyclonedds) StdoutLine: {'line': b'[ 46%] \x1b[32mBuilding C object src/core/CMakeFiles/ddsc.dir/ddsi/src/q_addrset.c.o\x1b[0m\n'}
[8.528630] (-) TimerEvent: {}
[8.568819] (cyclonedds) StdoutLine: {'line': b'[ 46%] \x1b[32mBuilding C object src/core/CMakeFiles/ddsc.dir/ddsi/src/q_bitset_inlines.c.o\x1b[0m\n'}
[8.618246] (cyclonedds) StdoutLine: {'line': b'[ 46%] \x1b[32mBuilding C object src/core/CMakeFiles/ddsc.dir/ddsi/src/q_bswap.c.o\x1b[0m\n'}
[8.628827] (-) TimerEvent: {}
[8.655068] (cyclonedds) StdoutLine: {'line': b'[ 47%] \x1b[32mBuilding C object src/core/CMakeFiles/ddsc.dir/ddsi/src/q_ddsi_discovery.c.o\x1b[0m\n'}
[8.696118] (cyclonedds) StdoutLine: {'line': b'[ 47%] \x1b[32mBuilding C object src/core/CMakeFiles/ddsc.dir/ddsi/src/q_debmon.c.o\x1b[0m\n'}
[8.729033] (-) TimerEvent: {}
[8.765079] (cyclonedds) StdoutLine: {'line': b'[ 48%] \x1b[32mBuilding C object src/core/CMakeFiles/ddsc.dir/ddsi/src/q_gc.c.o\x1b[0m\n'}
[8.829239] (-) TimerEvent: {}
[8.877975] (cyclonedds) StdoutLine: {'line': b'[ 48%] \x1b[32mBuilding C object src/core/CMakeFiles/ddsc.dir/ddsi/src/q_init.c.o\x1b[0m\n'}
[8.929459] (-) TimerEvent: {}
[8.936343] (cyclonedds) StdoutLine: {'line': b'[ 48%] \x1b[32mBuilding C object src/core/CMakeFiles/ddsc.dir/ddsi/src/q_lat_estim.c.o\x1b[0m\n'}
[9.029688] (-) TimerEvent: {}
[9.046854] (cyclonedds) StdoutLine: {'line': b'[ 49%] \x1b[32mBuilding C object src/core/CMakeFiles/ddsc.dir/ddsi/src/q_lease.c.o\x1b[0m\n'}
[9.068517] (cyclonedds) StdoutLine: {'line': b'[ 49%] \x1b[32mBuilding C object src/core/CMakeFiles/ddsc.dir/ddsi/src/q_misc.c.o\x1b[0m\n'}
[9.129917] (-) TimerEvent: {}
[9.230681] (-) TimerEvent: {}
[9.248244] (cyclonedds) StdoutLine: {'line': b'[ 50%] \x1b[32mBuilding C object src/core/CMakeFiles/ddsc.dir/ddsi/src/q_pcap.c.o\x1b[0m\n'}
[9.281649] (cyclonedds) StdoutLine: {'line': b'[ 50%] \x1b[32mBuilding C object src/core/CMakeFiles/ddsc.dir/ddsi/src/q_qosmatch.c.o\x1b[0m\n'}
[9.330918] (-) TimerEvent: {}
[9.348879] (cyclonedds) StdoutLine: {'line': b'[ 50%] \x1b[32mBuilding C object src/core/CMakeFiles/ddsc.dir/ddsi/src/q_radmin.c.o\x1b[0m\n'}
[9.398567] (cyclonedds) StdoutLine: {'line': b'[ 51%] \x1b[32mBuilding C object src/core/CMakeFiles/ddsc.dir/ddsi/src/q_receive.c.o\x1b[0m\n'}
[9.412847] (cyclonedds) StdoutLine: {'line': b'[ 51%] \x1b[32mBuilding C object src/core/CMakeFiles/ddsc.dir/ddsi/src/q_sockwaitset.c.o\x1b[0m\n'}
[9.431136] (-) TimerEvent: {}
[9.455463] (cyclonedds) StdoutLine: {'line': b'[ 51%] \x1b[32mBuilding C object src/core/CMakeFiles/ddsc.dir/ddsi/src/q_thread.c.o\x1b[0m\n'}
[9.531379] (-) TimerEvent: {}
[9.557971] (cyclonedds) StdoutLine: {'line': b'[ 52%] \x1b[32mBuilding C object src/core/CMakeFiles/ddsc.dir/ddsi/src/q_transmit.c.o\x1b[0m\n'}
[9.631612] (-) TimerEvent: {}
[9.659021] (cyclonedds) StdoutLine: {'line': b'[ 52%] \x1b[32mBuilding C object src/core/CMakeFiles/ddsc.dir/ddsi/src/q_inverse_uint32_set.c.o\x1b[0m\n'}
[9.731875] (-) TimerEvent: {}
[9.798862] (cyclonedds) StdoutLine: {'line': b'[ 53%] \x1b[32mBuilding C object src/core/CMakeFiles/ddsc.dir/ddsi/src/q_whc.c.o\x1b[0m\n'}
[9.818986] (cyclonedds) StdoutLine: {'line': b'[ 53%] \x1b[32mBuilding C object src/core/CMakeFiles/ddsc.dir/ddsi/src/q_xevent.c.o\x1b[0m\n'}
[9.832103] (-) TimerEvent: {}
[9.888867] (cyclonedds) StdoutLine: {'line': b'[ 53%] \x1b[32mBuilding C object src/core/CMakeFiles/ddsc.dir/ddsi/src/q_xmsg.c.o\x1b[0m\n'}
[9.932353] (-) TimerEvent: {}
[9.998873] (cyclonedds) StdoutLine: {'line': b'[ 54%] \x1b[32mBuilding C object src/core/CMakeFiles/ddsc.dir/ddsi/src/q_freelist.c.o\x1b[0m\n'}
[10.032535] (-) TimerEvent: {}
[10.133195] (-) TimerEvent: {}
[10.144115] (cyclonedds) StdoutLine: {'line': b'[ 54%] \x1b[32mBuilding C object src/core/CMakeFiles/ddsc.dir/ddsi/src/sysdeps.c.o\x1b[0m\n'}
[10.233424] (-) TimerEvent: {}
[10.280605] (cyclonedds) StdoutLine: {'line': b'[ 55%] \x1b[32mBuilding C object src/core/CMakeFiles/ddsc.dir/ddsi/src/ddsi_lifespan.c.o\x1b[0m\n'}
[10.333643] (-) TimerEvent: {}
[10.341593] (cyclonedds) StdoutLine: {'line': b'[ 55%] \x1b[32mBuilding C object src/core/CMakeFiles/ddsc.dir/ddsi/src/ddsi_xt_typeinfo.c.o\x1b[0m\n'}
[10.382886] (cyclonedds) StdoutLine: {'line': b'[ 55%] \x1b[32mBuilding C object src/core/CMakeFiles/ddsc.dir/ddsi/src/ddsi_xt_typelookup.c.o\x1b[0m\n'}
[10.410033] (cyclonedds) StdoutLine: {'line': b'[ 56%] \x1b[32mBuilding C object src/core/CMakeFiles/ddsc.dir/ddsi/src/ddsi_xt_typemap.c.o\x1b[0m\n'}
[10.433848] (-) TimerEvent: {}
[10.439873] (cyclonedds) StdoutLine: {'line': b'[ 56%] \x1b[32mBuilding C object src/core/CMakeFiles/ddsc.dir/ddsi/src/ddsi_typelookup.c.o\x1b[0m\n'}
[10.458071] (cyclonedds) StdoutLine: {'line': b'[ 56%] \x1b[32mBuilding C object src/core/CMakeFiles/ddsc.dir/ddsi/src/ddsi_typewrap.c.o\x1b[0m\n'}
[10.460550] (cyclonedds) StdoutLine: {'line': b'[ 57%] \x1b[32mBuilding C object src/core/CMakeFiles/ddsc.dir/ddsi/src/ddsi_typebuilder.c.o\x1b[0m\n'}
[10.519338] (cyclonedds) StdoutLine: {'line': b'[ 57%] \x1b[32mBuilding C object src/core/CMakeFiles/ddsc.dir/ddsi/src/ddsi_security_msg.c.o\x1b[0m\n'}
[10.534070] (-) TimerEvent: {}
[10.634796] (-) TimerEvent: {}
[10.652461] (cyclonedds) StdoutLine: {'line': b'[ 58%] \x1b[32mBuilding C object src/core/CMakeFiles/ddsc.dir/ddsi/src/ddsi_security_exchange.c.o\x1b[0m\n'}
[10.671799] (cyclonedds) StdoutLine: {'line': b'[ 58%] \x1b[32mBuilding C object src/core/CMakeFiles/ddsc.dir/ddsi/defconfig.c.o\x1b[0m\n'}
[10.735012] (-) TimerEvent: {}
[10.736790] (cyclonedds) StdoutLine: {'line': b'[ 58%] \x1b[32mBuilding C object src/core/CMakeFiles/ddsc.dir/ddsc/src/dds_alloc.c.o\x1b[0m\n'}
[10.740519] (cyclonedds) StdoutLine: {'line': b'[ 59%] \x1b[32mBuilding C object src/core/CMakeFiles/ddsc.dir/ddsc/src/dds_builtin.c.o\x1b[0m\n'}
[10.765337] (cyclonedds) StdoutLine: {'line': b'[ 59%] \x1b[32mBuilding C object src/core/CMakeFiles/ddsc.dir/ddsc/src/dds_coherent.c.o\x1b[0m\n'}
[10.835240] (-) TimerEvent: {}
[10.916066] (cyclonedds) StdoutLine: {'line': b'[ 60%] \x1b[32mBuilding C object src/core/CMakeFiles/ddsc.dir/ddsc/src/dds_reader.c.o\x1b[0m\n'}
[10.916560] (cyclonedds) StdoutLine: {'line': b'[ 60%] \x1b[32mBuilding C object src/core/CMakeFiles/ddsc.dir/ddsc/src/dds_participant.c.o\x1b[0m\n'}
[10.935460] (-) TimerEvent: {}
[10.956437] (cyclonedds) StdoutLine: {'line': b'[ 60%] \x1b[32mBuilding C object src/core/CMakeFiles/ddsc.dir/ddsc/src/dds_writer.c.o\x1b[0m\n'}
[10.969207] (cyclonedds) StdoutLine: {'line': b'[ 61%] \x1b[32mBuilding C object src/core/CMakeFiles/ddsc.dir/ddsc/src/dds_init.c.o\x1b[0m\n'}
[11.035674] (-) TimerEvent: {}
[11.093977] (cyclonedds) StdoutLine: {'line': b'[ 61%] \x1b[32mBuilding C object src/core/CMakeFiles/ddsc.dir/ddsc/src/dds_publisher.c.o\x1b[0m\n'}
[11.135899] (-) TimerEvent: {}
[11.177601] (cyclonedds) StdoutLine: {'line': b'[ 61%] \x1b[32mBuilding C object src/core/CMakeFiles/ddsc.dir/ddsc/src/dds_rhc.c.o\x1b[0m\n'}
[11.198452] (cyclonedds) StdoutLine: {'line': b'[ 62%] \x1b[32mBuilding C object src/core/CMakeFiles/ddsc.dir/ddsc/src/dds_rhc_default.c.o\x1b[0m\n'}
[11.236133] (-) TimerEvent: {}
[11.275661] (cyclonedds) StderrLine: {'line': b'\x1b[01m\x1b[K/workspace/cyclonedds/src/core/ddsi/src/ddsi_typebuilder.c:\x1b[m\x1b[K In function \xe2\x80\x98\x1b[01m\x1b[Kddsi_topic_descriptor_from_type\x1b[m\x1b[K\xe2\x80\x99:\n'}
[11.276270] (cyclonedds) StderrLine: {'line': b'\x1b[01m\x1b[K/workspace/cyclonedds/src/core/ddsi/src/ddsi_typebuilder.c:1794:32:\x1b[m\x1b[K \x1b[01;35m\x1b[Kwarning: \x1b[m\x1b[K\xe2\x80\x98\x1b[01m\x1b[Kkey_desc\x1b[m\x1b[K\xe2\x80\x99 may be used uninitialized in this function [\x1b[01;35m\x1b[K-Wmaybe-uninitialized\x1b[m\x1b[K]\n'}
[11.276447] (cyclonedds) StderrLine: {'line': b' 1794 |   const dds_topic_descriptor_t \x1b[01;35m\x1b[Kd\x1b[m\x1b[K =\n'}
[11.276591] (cyclonedds) StderrLine: {'line': b'      |                                \x1b[01;35m\x1b[K^\x1b[m\x1b[K\n'}
[11.276780] (cyclonedds) StderrLine: {'line': b'\x1b[01m\x1b[K/workspace/cyclonedds/src/core/ddsi/src/ddsi_typebuilder.c:1785:30:\x1b[m\x1b[K \x1b[01;36m\x1b[Knote: \x1b[m\x1b[K\xe2\x80\x98\x1b[01m\x1b[Kkey_desc\x1b[m\x1b[K\xe2\x80\x99 was declared here\n'}
[11.276894] (cyclonedds) StderrLine: {'line': b' 1785 |   struct dds_key_descriptor *\x1b[01;36m\x1b[Kkey_desc\x1b[m\x1b[K;\n'}
[11.276995] (cyclonedds) StderrLine: {'line': b'      |                              \x1b[01;36m\x1b[K^~~~~~~~\x1b[m\x1b[K\n'}
[11.293219] (cyclonedds) StdoutLine: {'line': b'[ 62%] \x1b[32mBuilding C object src/core/CMakeFiles/ddsc.dir/ddsc/src/dds_domain.c.o\x1b[0m\n'}
[11.308360] (cyclonedds) StdoutLine: {'line': b'[ 63%] \x1b[32mBuilding C object src/core/CMakeFiles/ddsc.dir/ddsc/src/dds_instance.c.o\x1b[0m\n'}
[11.336374] (-) TimerEvent: {}
[11.375536] (cyclonedds) StderrLine: {'line': b'\x1b[01m\x1b[K/workspace/cyclonedds/src/core/ddsi/src/ddsi_typewrap.c:\x1b[m\x1b[K In function \xe2\x80\x98\x1b[01m\x1b[Kddsi_typeid_kind_impl\x1b[m\x1b[K\xe2\x80\x99:\n'}
[11.376077] (cyclonedds) StderrLine: {'line': b'\x1b[01m\x1b[K/workspace/cyclonedds/src/core/ddsi/src/ddsi_typewrap.c:2617:10:\x1b[m\x1b[K \x1b[01;35m\x1b[Kwarning: \x1b[m\x1b[K\xe2\x80\x98\x1b[01m\x1b[Kkind\x1b[m\x1b[K\xe2\x80\x99 may be used uninitialized in this function [\x1b[01;35m\x1b[K-Wmaybe-uninitialized\x1b[m\x1b[K]\n'}
[11.376261] (cyclonedds) StderrLine: {'line': b' 2617 |   return \x1b[01;35m\x1b[Kkind\x1b[m\x1b[K;\n'}
[11.376376] (cyclonedds) StderrLine: {'line': b'      |          \x1b[01;35m\x1b[K^~~~\x1b[m\x1b[K\n'}
[11.436543] (-) TimerEvent: {}
[11.451859] (cyclonedds) StdoutLine: {'line': b'[ 63%] \x1b[32mBuilding C object src/core/CMakeFiles/ddsc.dir/ddsc/src/dds_qos.c.o\x1b[0m\n'}
[11.485769] (cyclonedds) StdoutLine: {'line': b'[ 63%] \x1b[32mBuilding C object src/core/CMakeFiles/ddsc.dir/ddsc/src/dds_handles.c.o\x1b[0m\n'}
[11.536728] (-) TimerEvent: {}
[11.565739] (cyclonedds) StdoutLine: {'line': b'[ 64%] \x1b[32mBuilding C object src/core/CMakeFiles/ddsc.dir/ddsc/src/dds_entity.c.o\x1b[0m\n'}
[11.620887] (cyclonedds) StdoutLine: {'line': b'[ 64%] \x1b[32mBuilding C object src/core/CMakeFiles/ddsc.dir/ddsc/src/dds_matched.c.o\x1b[0m\n'}
[11.636906] (-) TimerEvent: {}
[11.686657] (cyclonedds) StdoutLine: {'line': b'[ 65%] \x1b[32mBuilding C object src/core/CMakeFiles/ddsc.dir/ddsc/src/dds_querycond.c.o\x1b[0m\n'}
[11.737113] (-) TimerEvent: {}
[11.791805] (cyclonedds) StdoutLine: {'line': b'[ 65%] \x1b[32mBuilding C object src/core/CMakeFiles/ddsc.dir/ddsc/src/dds_topic.c.o\x1b[0m\n'}
[11.837322] (-) TimerEvent: {}
[11.846339] (cyclonedds) StdoutLine: {'line': b'[ 65%] \x1b[32mBuilding C object src/core/CMakeFiles/ddsc.dir/ddsc/src/dds_listener.c.o\x1b[0m\n'}
[11.937549] (-) TimerEvent: {}
[11.953275] (cyclonedds) StdoutLine: {'line': b'[ 66%] \x1b[32mBuilding C object src/core/CMakeFiles/ddsc.dir/ddsc/src/dds_read.c.o\x1b[0m\n'}
[12.037770] (-) TimerEvent: {}
[12.039744] (cyclonedds) StdoutLine: {'line': b'[ 66%] \x1b[32mBuilding C object src/core/CMakeFiles/ddsc.dir/ddsc/src/dds_waitset.c.o\x1b[0m\n'}
[12.137999] (-) TimerEvent: {}
[12.178473] (cyclonedds) StdoutLine: {'line': b'[ 66%] \x1b[32mBuilding C object src/core/CMakeFiles/ddsc.dir/ddsc/src/dds_readcond.c.o\x1b[0m\n'}
[12.238230] (-) TimerEvent: {}
[12.282162] (cyclonedds) StdoutLine: {'line': b'[ 67%] \x1b[32mBuilding C object src/core/CMakeFiles/ddsc.dir/ddsc/src/dds_guardcond.c.o\x1b[0m\n'}
[12.332254] (cyclonedds) StdoutLine: {'line': b'[ 67%] \x1b[32mBuilding C object src/core/CMakeFiles/ddsc.dir/ddsc/src/dds_statistics.c.o\x1b[0m\n'}
[12.338434] (-) TimerEvent: {}
[12.357670] (cyclonedds) StdoutLine: {'line': b'[ 68%] \x1b[32mBuilding C object src/core/CMakeFiles/ddsc.dir/ddsc/src/dds_subscriber.c.o\x1b[0m\n'}
[12.374750] (cyclonedds) StdoutLine: {'line': b'[ 68%] \x1b[32mBuilding C object src/core/CMakeFiles/ddsc.dir/ddsc/src/dds_write.c.o\x1b[0m\n'}
[12.386403] (cyclonedds) StdoutLine: {'line': b'[ 68%] \x1b[32mBuilding C object src/core/CMakeFiles/ddsc.dir/ddsc/src/dds_whc.c.o\x1b[0m\n'}
[12.438633] (-) TimerEvent: {}
[12.453148] (cyclonedds) StdoutLine: {'line': b'[ 69%] \x1b[32mBuilding C object src/core/CMakeFiles/ddsc.dir/ddsc/src/dds_whc_builtintopic.c.o\x1b[0m\n'}
[12.472709] (cyclonedds) StdoutLine: {'line': b'[ 69%] \x1b[32mBuilding C object src/core/CMakeFiles/ddsc.dir/ddsc/src/dds_serdata_builtintopic.c.o\x1b[0m\n'}
[12.502031] (cyclonedds) StdoutLine: {'line': b'[ 70%] \x1b[32mBuilding C object src/core/CMakeFiles/ddsc.dir/ddsc/src/dds_sertype_builtintopic.c.o\x1b[0m\n'}
[12.538823] (-) TimerEvent: {}
[12.567106] (cyclonedds) StdoutLine: {'line': b'[ 70%] \x1b[32mBuilding C object src/core/CMakeFiles/ddsc.dir/ddsc/src/dds_data_allocator.c.o\x1b[0m\n'}
[12.599842] (cyclonedds) StdoutLine: {'line': b'[ 70%] \x1b[32mBuilding C object src/core/CMakeFiles/ddsc.dir/ddsc/src/dds_loan.c.o\x1b[0m\n'}
[12.630994] (cyclonedds) StdoutLine: {'line': b'[ 71%] \x1b[32mBuilding C object src/core/CMakeFiles/ddsc.dir/__/security/core/src/dds_security_serialize.c.o\x1b[0m\n'}
[12.639045] (-) TimerEvent: {}
[12.695478] (cyclonedds) StdoutLine: {'line': b'[ 71%] \x1b[32mBuilding C object src/core/CMakeFiles/ddsc.dir/__/security/core/src/dds_security_utils.c.o\x1b[0m\n'}
[12.699303] (cyclonedds) StdoutLine: {'line': b'[ 71%] \x1b[32mBuilding C object src/core/CMakeFiles/ddsc.dir/__/security/core/src/dds_security_plugins.c.o\x1b[0m\n'}
[12.735341] (cyclonedds) StdoutLine: {'line': b'[ 72%] \x1b[32mBuilding C object src/core/CMakeFiles/ddsc.dir/__/security/core/src/shared_secret.c.o\x1b[0m\n'}
[12.739239] (-) TimerEvent: {}
[12.756105] (cyclonedds) StdoutLine: {'line': b'[ 72%] \x1b[32mBuilding C object src/core/CMakeFiles/ddsc.dir/__/security/core/src/dds_security_fsm.c.o\x1b[0m\n'}
[12.761452] (cyclonedds) StdoutLine: {'line': b'[ 73%] \x1b[32mBuilding C object src/core/CMakeFiles/ddsc.dir/__/security/core/src/dds_security_timed_cb.c.o\x1b[0m\n'}
[12.800115] (cyclonedds) StdoutLine: {'line': b'[ 73%] \x1b[32mBuilding C object src/core/CMakeFiles/ddsc.dir/__/ddsrt/src/atomics.c.o\x1b[0m\n'}
[12.839473] (-) TimerEvent: {}
[12.872744] (cyclonedds) StdoutLine: {'line': b'[ 73%] \x1b[32mBuilding C object src/core/CMakeFiles/ddsc.dir/__/ddsrt/src/avl.c.o\x1b[0m\n'}
[12.933467] (cyclonedds) StdoutLine: {'line': b'[ 74%] \x1b[32mBuilding C object src/core/CMakeFiles/ddsc.dir/__/ddsrt/src/bswap.c.o\x1b[0m\n'}
[12.939682] (-) TimerEvent: {}
[12.965543] (cyclonedds) StdoutLine: {'line': b'[ 74%] \x1b[32mBuilding C object src/core/CMakeFiles/ddsc.dir/__/ddsrt/src/io.c.o\x1b[0m\n'}
[13.011046] (cyclonedds) StdoutLine: {'line': b'[ 75%] \x1b[32mBuilding C object src/core/CMakeFiles/ddsc.dir/__/ddsrt/src/log.c.o\x1b[0m\n'}
[13.015374] (cyclonedds) StdoutLine: {'line': b'[ 75%] \x1b[32mBuilding C object src/core/CMakeFiles/ddsc.dir/__/ddsrt/src/retcode.c.o\x1b[0m\n'}
[13.039910] (-) TimerEvent: {}
[13.046912] (cyclonedds) StdoutLine: {'line': b'[ 75%] \x1b[32mBuilding C object src/core/CMakeFiles/ddsc.dir/__/ddsrt/src/strtod.c.o\x1b[0m\n'}
[13.066079] (cyclonedds) StdoutLine: {'line': b'[ 76%] \x1b[32mBuilding C object src/core/CMakeFiles/ddsc.dir/__/ddsrt/src/strtol.c.o\x1b[0m\n'}
[13.071305] (cyclonedds) StdoutLine: {'line': b'[ 76%] \x1b[32mBuilding C object src/core/CMakeFiles/ddsc.dir/__/ddsrt/src/mh3.c.o\x1b[0m\n'}
[13.082534] (cyclonedds) StdoutLine: {'line': b'[ 77%] \x1b[32mBuilding C object src/core/CMakeFiles/ddsc.dir/__/ddsrt/src/environ.c.o\x1b[0m\n'}
[13.083004] (cyclonedds) StdoutLine: {'line': b'[ 77%] \x1b[32mBuilding C object src/core/CMakeFiles/ddsc.dir/__/ddsrt/src/expand_vars.c.o\x1b[0m\n'}
[13.133607] (cyclonedds) StdoutLine: {'line': b'[ 77%] \x1b[32mBuilding C object src/core/CMakeFiles/ddsc.dir/__/ddsrt/src/fibheap.c.o\x1b[0m\n'}
[13.140382] (-) TimerEvent: {}
[13.188666] (cyclonedds) StdoutLine: {'line': b'[ 78%] \x1b[32mBuilding C object src/core/CMakeFiles/ddsc.dir/__/ddsrt/src/circlist.c.o\x1b[0m\n'}
[13.189105] (cyclonedds) StdoutLine: {'line': b'[ 78%] \x1b[32mBuilding C object src/core/CMakeFiles/ddsc.dir/__/ddsrt/src/hopscotch.c.o\x1b[0m\n'}
[13.226930] (cyclonedds) StdoutLine: {'line': b'[ 78%] \x1b[32mBuilding C object src/core/CMakeFiles/ddsc.dir/__/ddsrt/src/threads.c.o\x1b[0m\n'}
[13.240566] (-) TimerEvent: {}
[13.243479] (cyclonedds) StdoutLine: {'line': b'[ 79%] \x1b[32mBuilding C object src/core/CMakeFiles/ddsc.dir/__/ddsrt/src/string.c.o\x1b[0m\n'}
[13.261717] (cyclonedds) StdoutLine: {'line': b'[ 79%] \x1b[32mBuilding C object src/core/CMakeFiles/ddsc.dir/__/ddsrt/src/sockets.c.o\x1b[0m\n'}
[13.285138] (cyclonedds) StdoutLine: {'line': b'[ 80%] \x1b[32mBuilding C object src/core/CMakeFiles/ddsc.dir/__/ddsrt/src/md5.c.o\x1b[0m\n'}
[13.289266] (cyclonedds) StdoutLine: {'line': b'[ 80%] \x1b[32mBuilding C object src/core/CMakeFiles/ddsc.dir/__/ddsrt/src/xmlparser.c.o\x1b[0m\n'}
[13.333623] (cyclonedds) StdoutLine: {'line': b'[ 80%] \x1b[32mBuilding C object src/core/CMakeFiles/ddsc.dir/__/ddsrt/src/ifaddrs.c.o\x1b[0m\n'}
[13.338030] (cyclonedds) StdoutLine: {'line': b'[ 81%] \x1b[32mBuilding C object src/core/CMakeFiles/ddsc.dir/__/ddsrt/src/cdtors.c.o\x1b[0m\n'}
[13.340751] (-) TimerEvent: {}
[13.399747] (cyclonedds) StdoutLine: {'line': b'[ 81%] \x1b[32mBuilding C object src/core/CMakeFiles/ddsc.dir/__/ddsrt/src/random.c.o\x1b[0m\n'}
[13.412959] (cyclonedds) StdoutLine: {'line': b'[ 81%] \x1b[32mBuilding C object src/core/CMakeFiles/ddsc.dir/__/ddsrt/src/time.c.o\x1b[0m\n'}
[13.440948] (-) TimerEvent: {}
[13.443327] (cyclonedds) StdoutLine: {'line': b'[ 82%] \x1b[32mBuilding C object src/core/CMakeFiles/ddsc.dir/__/ddsrt/src/ifaddrs/posix/ifaddrs.c.o\x1b[0m\n'}
[13.462450] (cyclonedds) StdoutLine: {'line': b'[ 82%] \x1b[32mBuilding C object src/core/CMakeFiles/ddsc.dir/__/ddsrt/src/sockets/posix/socket.c.o\x1b[0m\n'}
[13.478798] (cyclonedds) StdoutLine: {'line': b'[ 83%] \x1b[32mBuilding C object src/core/CMakeFiles/ddsc.dir/__/ddsrt/src/sockets/posix/gethostname.c.o\x1b[0m\n'}
[13.514091] (cyclonedds) StdoutLine: {'line': b'[ 83%] \x1b[32mBuilding C object src/core/CMakeFiles/ddsc.dir/__/ddsrt/src/heap/posix/heap.c.o\x1b[0m\n'}
[13.521060] (cyclonedds) StdoutLine: {'line': b'[ 83%] \x1b[32mBuilding C object src/core/CMakeFiles/ddsc.dir/__/ddsrt/src/dynlib/posix/dynlib.c.o\x1b[0m\n'}
[13.541139] (-) TimerEvent: {}
[13.568242] (cyclonedds) StdoutLine: {'line': b'[ 84%] \x1b[32mBuilding C object src/core/CMakeFiles/ddsc.dir/__/ddsrt/src/environ/posix/environ.c.o\x1b[0m\n'}
[13.580773] (cyclonedds) StdoutLine: {'line': b'[ 84%] \x1b[32mBuilding C object src/core/CMakeFiles/ddsc.dir/__/ddsrt/src/filesystem/posix/filesystem.c.o\x1b[0m\n'}
[13.591352] (cyclonedds) StdoutLine: {'line': b'[ 85%] \x1b[32mBuilding C object src/core/CMakeFiles/ddsc.dir/__/ddsrt/src/process/posix/process.c.o\x1b[0m\n'}
[13.611488] (cyclonedds) StdoutLine: {'line': b'[ 85%] \x1b[32mBuilding C object src/core/CMakeFiles/ddsc.dir/__/ddsrt/src/random/posix/random.c.o\x1b[0m\n'}
[13.613736] (cyclonedds) StdoutLine: {'line': b'[ 85%] \x1b[32mBuilding C object src/core/CMakeFiles/ddsc.dir/__/ddsrt/src/sync/posix/sync.c.o\x1b[0m\n'}
[13.641351] (-) TimerEvent: {}
[13.654234] (cyclonedds) StdoutLine: {'line': b'[ 86%] \x1b[32mBuilding C object src/core/CMakeFiles/ddsc.dir/__/ddsrt/src/threads/posix/threads.c.o\x1b[0m\n'}
[13.679478] (cyclonedds) StdoutLine: {'line': b'[ 86%] \x1b[32mBuilding C object src/core/CMakeFiles/ddsc.dir/__/ddsrt/src/netstat/linux/netstat.c.o\x1b[0m\n'}
[13.679914] (cyclonedds) StdoutLine: {'line': b'[ 86%] \x1b[32mBuilding C object src/core/CMakeFiles/ddsc.dir/__/ddsrt/src/time/posix/time.c.o\x1b[0m\n'}
[13.685052] (cyclonedds) StdoutLine: {'line': b'[ 87%] \x1b[32mBuilding C object src/core/CMakeFiles/ddsc.dir/__/ddsrt/src/rusage/posix/rusage.c.o\x1b[0m\n'}
[13.741524] (-) TimerEvent: {}
[13.843122] (-) TimerEvent: {}
[13.886493] (cyclonedds) StdoutLine: {'line': b'[ 87%] \x1b[32m\x1b[1mLinking C shared library ../../lib/libddsc.so\x1b[0m\n'}
[13.943252] (-) TimerEvent: {}
[14.043800] (-) TimerEvent: {}
[14.144576] (-) TimerEvent: {}
[14.231545] (cyclonedds) StdoutLine: {'line': b'[ 87%] Built target ddsc\n'}
[14.244772] (-) TimerEvent: {}
[14.262850] (cyclonedds) StdoutLine: {'line': b'[ 91%] \x1b[32mBuilding C object src/security/builtin_plugins/authentication/CMakeFiles/dds_security_auth.dir/src/authentication.c.o\x1b[0m\n'}
[14.263392] (cyclonedds) StdoutLine: {'line': b'[ 91%] \x1b[32mBuilding C object src/security/builtin_plugins/access_control/CMakeFiles/dds_security_ac.dir/src/access_control_objects.c.o\x1b[0m\n'}
[14.263545] (cyclonedds) StdoutLine: {'line': b'[ 91%] \x1b[32mBuilding C object src/tools/idlc/CMakeFiles/idlc.dir/src/idlc.c.o\x1b[0m\n'}
[14.263661] (cyclonedds) StdoutLine: {'line': b'[ 91%] \x1b[32mBuilding C object src/security/builtin_plugins/access_control/CMakeFiles/dds_security_ac.dir/src/access_control_parser.c.o\x1b[0m\n'}
[14.263768] (cyclonedds) StdoutLine: {'line': b'[ 91%] \x1b[32mBuilding C object src/security/builtin_plugins/authentication/CMakeFiles/dds_security_auth.dir/src/auth_utils.c.o\x1b[0m\n'}
[14.263871] (cyclonedds) StdoutLine: {'line': b'[ 91%] \x1b[32mBuilding C object src/security/builtin_plugins/cryptographic/CMakeFiles/dds_security_crypto.dir/src/crypto_cipher.c.o\x1b[0m\n'}
[14.264079] (cyclonedds) StdoutLine: {'line': b'[ 91%] \x1b[32mBuilding C object src/tools/idlc/CMakeFiles/idlc.dir/src/plugin.c.o\x1b[0m\n'}
[14.264666] (cyclonedds) StdoutLine: {'line': b'[ 91%] \x1b[32mBuilding C object src/security/builtin_plugins/access_control/CMakeFiles/dds_security_ac.dir/src/access_control_utils.c.o\x1b[0m\n'}
[14.344958] (-) TimerEvent: {}
[14.411572] (cyclonedds) StdoutLine: {'line': b'[ 92%] \x1b[32mBuilding C object src/tools/idlc/CMakeFiles/idlc.dir/src/options.c.o\x1b[0m\n'}
[14.445157] (-) TimerEvent: {}
[14.545964] (-) TimerEvent: {}
[14.584958] (cyclonedds) StdoutLine: {'line': b'[ 92%] \x1b[32mBuilding C object src/security/builtin_plugins/cryptographic/CMakeFiles/dds_security_crypto.dir/src/crypto_key_exchange.c.o\x1b[0m\n'}
[14.613846] (cyclonedds) StdoutLine: {'line': b'[ 92%] \x1b[32mBuilding C object src/security/builtin_plugins/access_control/CMakeFiles/dds_security_ac.dir/src/access_control.c.o\x1b[0m\n'}
[14.614476] (cyclonedds) StdoutLine: {'line': b'[ 92%] \x1b[32mBuilding C object src/tools/idlc/CMakeFiles/idlc.dir/src/generator.c.o\x1b[0m\n'}
[14.645280] (cyclonedds) StdoutLine: {'line': b'[ 92%] \x1b[32mBuilding C object src/tools/idlc/CMakeFiles/idlc.dir/src/descriptor.c.o\x1b[0m\n'}
[14.646038] (-) TimerEvent: {}
[14.664918] (cyclonedds) StdoutLine: {'line': b'[ 92%] \x1b[32mBuilding C object src/security/builtin_plugins/access_control/CMakeFiles/dds_security_ac.dir/__/__/openssl/src/openssl_support.c.o\x1b[0m\n'}
[14.746314] (-) TimerEvent: {}
[14.847073] (-) TimerEvent: {}
[14.894381] (cyclonedds) StdoutLine: {'line': b'[ 93%] \x1b[32mBuilding C object src/tools/idlc/CMakeFiles/idlc.dir/src/types.c.o\x1b[0m\n'}
[14.915128] (cyclonedds) StdoutLine: {'line': b'[ 93%] \x1b[32mBuilding C object src/security/builtin_plugins/authentication/CMakeFiles/dds_security_auth.dir/__/__/openssl/src/openssl_support.c.o\x1b[0m\n'}
[14.926191] (cyclonedds) StdoutLine: {'line': b'[ 93%] \x1b[32mBuilding C object src/tools/idlc/CMakeFiles/idlc.dir/src/descriptor_type_meta.c.o\x1b[0m\n'}
[14.946561] (cyclonedds) StdoutLine: {'line': b'[ 94%] \x1b[32mBuilding C object src/security/builtin_plugins/cryptographic/CMakeFiles/dds_security_crypto.dir/src/crypto_key_factory.c.o\x1b[0m\n'}
[14.947143] (-) TimerEvent: {}
[15.021017] (cyclonedds) StdoutLine: {'line': b'[ 94%] \x1b[32mBuilding C object src/security/builtin_plugins/cryptographic/CMakeFiles/dds_security_crypto.dir/src/crypto_objects.c.o\x1b[0m\n'}
[15.047404] (-) TimerEvent: {}
[15.149261] (-) TimerEvent: {}
[15.176430] (cyclonedds) StdoutLine: {'line': b'[ 94%] \x1b[32mBuilding C object src/security/builtin_plugins/cryptographic/CMakeFiles/dds_security_crypto.dir/src/crypto_transform.c.o\x1b[0m\n'}
[15.249487] (-) TimerEvent: {}
[15.310705] (cyclonedds) StdoutLine: {'line': b'[ 95%] \x1b[32mBuilding C object src/security/builtin_plugins/cryptographic/CMakeFiles/dds_security_crypto.dir/src/crypto_utils.c.o\x1b[0m\n'}
[15.349709] (-) TimerEvent: {}
[15.445775] (cyclonedds) StdoutLine: {'line': b'[ 95%] \x1b[32m\x1b[1mLinking C shared library ../../../../lib/libdds_security_auth.so\x1b[0m\n'}
[15.449941] (-) TimerEvent: {}
[15.550598] (-) TimerEvent: {}
[15.581097] (cyclonedds) StdoutLine: {'line': b'[ 95%] \x1b[32mBuilding C object src/security/builtin_plugins/cryptographic/CMakeFiles/dds_security_crypto.dir/src/cryptography.c.o\x1b[0m\n'}
[15.594796] (cyclonedds) StdoutLine: {'line': b'[ 95%] Built target dds_security_auth\n'}
[15.609022] (cyclonedds) StdoutLine: {'line': b'[ 95%] \x1b[32mBuilding C object src/security/builtin_plugins/cryptographic/CMakeFiles/dds_security_crypto.dir/__/__/openssl/src/openssl_support.c.o\x1b[0m\n'}
[15.650808] (-) TimerEvent: {}
[15.675913] (cyclonedds) StdoutLine: {'line': b'[ 96%] \x1b[32m\x1b[1mLinking C shared library ../../../../lib/libdds_security_ac.so\x1b[0m\n'}
[15.751027] (-) TimerEvent: {}
[15.815293] (cyclonedds) StdoutLine: {'line': b'[ 96%] Built target dds_security_ac\n'}
[15.851171] (-) TimerEvent: {}
[15.951768] (-) TimerEvent: {}
[15.991002] (cyclonedds) StdoutLine: {'line': b'[ 97%] \x1b[32m\x1b[1mLinking C shared library ../../../../lib/libdds_security_crypto.so\x1b[0m\n'}
[16.025126] (cyclonedds) StdoutLine: {'line': b'[ 97%] \x1b[32m\x1b[1mLinking C executable ../../../bin/idlc\x1b[0m\n'}
[16.051970] (-) TimerEvent: {}
[16.114605] (cyclonedds) StdoutLine: {'line': b'[ 97%] Built target dds_security_crypto\n'}
[16.141909] (cyclonedds) StdoutLine: {'line': b'[ 97%] Built target idlc\n'}
[16.152019] (-) TimerEvent: {}
[16.171486] (cyclonedds) StdoutLine: {'line': b'[ 97%] \x1b[34m\x1b[1mGenerating ddsperf_types.c, ddsperf_types.h\x1b[0m\n'}
[16.210015] (cyclonedds) StdoutLine: {'line': b'[ 97%] Built target ddsperf_types_generate\n'}
[16.239578] (cyclonedds) StdoutLine: {'line': b'[ 98%] \x1b[32mBuilding C object src/tools/ddsperf/CMakeFiles/ddsperf.dir/ddsperf.c.o\x1b[0m\n'}
[16.240000] (cyclonedds) StdoutLine: {'line': b'[ 98%] \x1b[32mBuilding C object src/tools/ddsperf/CMakeFiles/ddsperf.dir/async_listener.c.o\x1b[0m\n'}
[16.240125] (cyclonedds) StdoutLine: {'line': b'[ 98%] \x1b[32mBuilding C object src/tools/ddsperf/CMakeFiles/ddsperf.dir/cputime.c.o\x1b[0m\n'}
[16.240254] (cyclonedds) StdoutLine: {'line': b'[ 99%] \x1b[32mBuilding C object src/tools/ddsperf/CMakeFiles/ddsperf.dir/ddsperf_types.c.o\x1b[0m\n'}
[16.240360] (cyclonedds) StdoutLine: {'line': b'[ 99%] \x1b[32mBuilding C object src/tools/ddsperf/CMakeFiles/ddsperf.dir/netload.c.o\x1b[0m\n'}
[16.252392] (-) TimerEvent: {}
[16.353061] (-) TimerEvent: {}
[16.453735] (-) TimerEvent: {}
[16.554434] (-) TimerEvent: {}
[16.655145] (-) TimerEvent: {}
[16.755614] (-) TimerEvent: {}
[16.856029] (-) TimerEvent: {}
[16.956707] (-) TimerEvent: {}
[17.057387] (-) TimerEvent: {}
[17.158063] (-) TimerEvent: {}
[17.258760] (-) TimerEvent: {}
[17.359485] (-) TimerEvent: {}
[17.459967] (-) TimerEvent: {}
[17.560316] (-) TimerEvent: {}
[17.565851] (cyclonedds) StdoutLine: {'line': b'[ 99%] \x1b[32m\x1b[1mLinking C executable ../../../bin/ddsperf\x1b[0m\n'}
[17.660509] (-) TimerEvent: {}
[17.661969] (cyclonedds) StdoutLine: {'line': b'[100%] Built target ddsperf\n'}
[17.680446] (cyclonedds) CommandEnded: {'returncode': 0}
[17.682064] (cyclonedds) JobProgress: {'identifier': 'cyclonedds', 'progress': 'install'}
[17.682803] (cyclonedds) Command: {'cmd': ['/usr/bin/cmake', '--install', '/workspace/build/cyclonedds'], 'cwd': '/workspace/build/cyclonedds', 'env': OrderedDict([('HOSTNAME', 'ubuntu'), ('SHLVL', '2'), ('LD_LIBRARY_PATH', '/opt/ros/humble/opt/rviz_ogre_vendor/lib:/opt/ros/humble/lib/aarch64-linux-gnu:/opt/ros/humble/lib'), ('HOME', '/root'), ('OLDPWD', '/workspace'), ('ROS_PYTHON_VERSION', '3'), ('ROS_DISTRO', 'humble'), ('_', '/usr/bin/colcon'), ('ROS_VERSION', '2'), ('TERM', 'xterm'), ('ROS_LOCALHOST_ONLY', '0'), ('PATH', '/opt/ros/humble/bin:/usr/local/sbin:/usr/local/bin:/usr/sbin:/usr/bin:/sbin:/bin'), ('LANG', 'C.UTF-8'), ('CYCLONEDDS_HOME', '/workspace/cyclonedds/install'), ('LS_COLORS', 'rs=0:di=01;34:ln=01;36:mh=00:pi=40;33:so=01;35:do=01;35:bd=40;33;01:cd=40;33;01:or=40;31;01:mi=00:su=37;41:sg=30;43:ca=30;41:tw=30;42:ow=34;42:st=37;44:ex=01;32:*.tar=01;31:*.tgz=01;31:*.arc=01;31:*.arj=01;31:*.taz=01;31:*.lha=01;31:*.lz4=01;31:*.lzh=01;31:*.lzma=01;31:*.tlz=01;31:*.txz=01;31:*.tzo=01;31:*.t7z=01;31:*.zip=01;31:*.z=01;31:*.dz=01;31:*.gz=01;31:*.lrz=01;31:*.lz=01;31:*.lzo=01;31:*.xz=01;31:*.zst=01;31:*.tzst=01;31:*.bz2=01;31:*.bz=01;31:*.tbz=01;31:*.tbz2=01;31:*.tz=01;31:*.deb=01;31:*.rpm=01;31:*.jar=01;31:*.war=01;31:*.ear=01;31:*.sar=01;31:*.rar=01;31:*.alz=01;31:*.ace=01;31:*.zoo=01;31:*.cpio=01;31:*.7z=01;31:*.rz=01;31:*.cab=01;31:*.wim=01;31:*.swm=01;31:*.dwm=01;31:*.esd=01;31:*.jpg=01;35:*.jpeg=01;35:*.mjpg=01;35:*.mjpeg=01;35:*.gif=01;35:*.bmp=01;35:*.pbm=01;35:*.pgm=01;35:*.ppm=01;35:*.tga=01;35:*.xbm=01;35:*.xpm=01;35:*.tif=01;35:*.tiff=01;35:*.png=01;35:*.svg=01;35:*.svgz=01;35:*.mng=01;35:*.pcx=01;35:*.mov=01;35:*.mpg=01;35:*.mpeg=01;35:*.m2v=01;35:*.mkv=01;35:*.webm=01;35:*.webp=01;35:*.ogm=01;35:*.mp4=01;35:*.m4v=01;35:*.mp4v=01;35:*.vob=01;35:*.qt=01;35:*.nuv=01;35:*.wmv=01;35:*.asf=01;35:*.rm=01;35:*.rmvb=01;35:*.flc=01;35:*.avi=01;35:*.fli=01;35:*.flv=01;35:*.gl=01;35:*.dl=01;35:*.xcf=01;35:*.xwd=01;35:*.yuv=01;35:*.cgm=01;35:*.emf=01;35:*.ogv=01;35:*.ogx=01;35:*.aac=00;36:*.au=00;36:*.flac=00;36:*.m4a=00;36:*.mid=00;36:*.midi=00;36:*.mka=00;36:*.mp3=00;36:*.mpc=00;36:*.ogg=00;36:*.ra=00;36:*.wav=00;36:*.oga=00;36:*.opus=00;36:*.spx=00;36:*.xspf=00;36:'), ('AMENT_PREFIX_PATH', '/opt/ros/humble'), ('PWD', '/workspace/build/cyclonedds'), ('LC_ALL', 'C.UTF-8'), ('PYTHONPATH', '/opt/ros/humble/lib/python3.10/site-packages:/opt/ros/humble/local/lib/python3.10/dist-packages'), ('COLCON', '1'), ('CMAKE_PREFIX_PATH', '/opt/ros/humble')]), 'shell': False}
[17.695365] (cyclonedds) StdoutLine: {'line': b'-- Install configuration: "RelWithDebInfo"\n'}
[17.695725] (cyclonedds) StdoutLine: {'line': b'-- Installing: /workspace/install/cyclonedds/lib/cmake/CycloneDDS/CycloneDDSConfig.cmake\n'}
[17.695961] (cyclonedds) StdoutLine: {'line': b'-- Installing: /workspace/install/cyclonedds/lib/cmake/CycloneDDS/CycloneDDSConfigVersion.cmake\n'}
[17.696185] (cyclonedds) StdoutLine: {'line': b'-- Installing: /workspace/install/cyclonedds/lib/cmake/CycloneDDS/CycloneDDSTargets.cmake\n'}
[17.696444] (cyclonedds) StdoutLine: {'line': b'-- Installing: /workspace/install/cyclonedds/lib/cmake/CycloneDDS/CycloneDDSTargets-relwithdebinfo.cmake\n'}
[17.696713] (cyclonedds) StdoutLine: {'line': b'-- Installing: /workspace/install/cyclonedds/lib/pkgconfig/CycloneDDS.pc\n'}
[17.697788] (cyclonedds) StdoutLine: {'line': b'-- Installing: /workspace/install/cyclonedds/include/idlc\n'}
[17.697952] (cyclonedds) StdoutLine: {'line': b'-- Installing: /workspace/install/cyclonedds/include/idlc/generator.h\n'}
[17.698121] (cyclonedds) StdoutLine: {'line': b'-- Installing: /workspace/install/cyclonedds/include/idlc/options.h\n'}
[17.698373] (cyclonedds) StdoutLine: {'line': b'-- Installing: /workspace/install/cyclonedds/bin/idlc\n'}
[17.700104] (cyclonedds) StdoutLine: {'line': b'-- Set runtime path of "/workspace/install/cyclonedds/bin/idlc" to "$ORIGIN/../lib"\n'}
[17.700286] (cyclonedds) StdoutLine: {'line': b'-- Installing: /workspace/install/cyclonedds/lib/cmake/CycloneDDS/idlc/Generate.cmake\n'}
[17.700659] (cyclonedds) StdoutLine: {'line': b'-- Installing: /workspace/install/cyclonedds/bin/ddsperf\n'}
[17.701355] (cyclonedds) StdoutLine: {'line': b'-- Set runtime path of "/workspace/install/cyclonedds/bin/ddsperf" to "$ORIGIN/../lib"\n'}
[17.701577] (cyclonedds) StdoutLine: {'line': b'-- Up-to-date: /workspace/install/cyclonedds/include\n'}
[17.701762] (cyclonedds) StdoutLine: {'line': b'-- Installing: /workspace/install/cyclonedds/include/dds\n'}
[17.701917] (cyclonedds) StdoutLine: {'line': b'-- Installing: /workspace/install/cyclonedds/include/dds/ddsrt\n'}
[17.702064] (cyclonedds) StdoutLine: {'line': b'-- Installing: /workspace/install/cyclonedds/include/dds/ddsrt/threads\n'}
[17.702234] (cyclonedds) StdoutLine: {'line': b'-- Installing: /workspace/install/cyclonedds/include/dds/ddsrt/threads/windows.h\n'}
[17.702384] (cyclonedds) StdoutLine: {'line': b'-- Installing: /workspace/install/cyclonedds/include/dds/ddsrt/threads/posix.h\n'}
[17.702545] (cyclonedds) StdoutLine: {'line': b'-- Installing: /workspace/install/cyclonedds/include/dds/ddsrt/threads/freertos.h\n'}
[17.702720] (cyclonedds) StdoutLine: {'line': b'-- Installing: /workspace/install/cyclonedds/include/dds/ddsrt/iovec.h\n'}
[17.702861] (cyclonedds) StdoutLine: {'line': b'-- Installing: /workspace/install/cyclonedds/include/dds/ddsrt/xmlparser.h\n'}
[17.702969] (cyclonedds) StdoutLine: {'line': b'-- Installing: /workspace/install/cyclonedds/include/dds/ddsrt/io.h\n'}
[17.703112] (cyclonedds) StdoutLine: {'line': b'-- Installing: /workspace/install/cyclonedds/include/dds/ddsrt/sockets.h\n'}
[17.703254] (cyclonedds) StdoutLine: {'line': b'-- Installing: /workspace/install/cyclonedds/include/dds/ddsrt/expand_vars.h\n'}
[17.703400] (cyclonedds) StdoutLine: {'line': b'-- Installing: /workspace/install/cyclonedds/include/dds/ddsrt/arch.h\n'}
[17.703545] (cyclonedds) StdoutLine: {'line': b'-- Installing: /workspace/install/cyclonedds/include/dds/ddsrt/log.h\n'}
[17.703688] (cyclonedds) StdoutLine: {'line': b'-- Installing: /workspace/install/cyclonedds/include/dds/ddsrt/misc.h\n'}
[17.703832] (cyclonedds) StdoutLine: {'line': b'-- Installing: /workspace/install/cyclonedds/include/dds/ddsrt/sched.h\n'}
[17.703999] (cyclonedds) StdoutLine: {'line': b'-- Installing: /workspace/install/cyclonedds/include/dds/ddsrt/process.h\n'}
[17.704111] (cyclonedds) StdoutLine: {'line': b'-- Installing: /workspace/install/cyclonedds/include/dds/ddsrt/sockets\n'}
[17.704359] (cyclonedds) StdoutLine: {'line': b'-- Installing: /workspace/install/cyclonedds/include/dds/ddsrt/sockets/windows.h\n'}
[17.704587] (cyclonedds) StdoutLine: {'line': b'-- Installing: /workspace/install/cyclonedds/include/dds/ddsrt/sockets/posix.h\n'}
[17.704772] (cyclonedds) StdoutLine: {'line': b'-- Installing: /workspace/install/cyclonedds/include/dds/ddsrt/attributes.h\n'}
[17.704940] (cyclonedds) StdoutLine: {'line': b'-- Installing: /workspace/install/cyclonedds/include/dds/ddsrt/time.h\n'}
[17.705090] (cyclonedds) StdoutLine: {'line': b'-- Installing: /workspace/install/cyclonedds/include/dds/ddsrt/cdtors.h\n'}
[17.705252] (cyclonedds) StdoutLine: {'line': b'-- Installing: /workspace/install/cyclonedds/include/dds/ddsrt/countargs.h\n'}
[17.705410] (cyclonedds) StdoutLine: {'line': b'-- Installing: /workspace/install/cyclonedds/include/dds/ddsrt/sync.h\n'}
[17.705594] (cyclonedds) StdoutLine: {'line': b'-- Installing: /workspace/install/cyclonedds/include/dds/ddsrt/netstat.h\n'}
[17.705755] (cyclonedds) StdoutLine: {'line': b'-- Installing: /workspace/install/cyclonedds/include/dds/ddsrt/mh3.h\n'}
[17.705913] (cyclonedds) StdoutLine: {'line': b'-- Installing: /workspace/install/cyclonedds/include/dds/ddsrt/time\n'}
[17.706099] (cyclonedds) StdoutLine: {'line': b'-- Installing: /workspace/install/cyclonedds/include/dds/ddsrt/time/freertos.h\n'}
[17.706257] (cyclonedds) StdoutLine: {'line': b'-- Installing: /workspace/install/cyclonedds/include/dds/ddsrt/filesystem\n'}
[17.706422] (cyclonedds) StdoutLine: {'line': b'-- Installing: /workspace/install/cyclonedds/include/dds/ddsrt/filesystem/windows.h\n'}
[17.706584] (cyclonedds) StdoutLine: {'line': b'-- Installing: /workspace/install/cyclonedds/include/dds/ddsrt/filesystem/posix.h\n'}
[17.706740] (cyclonedds) StdoutLine: {'line': b'-- Installing: /workspace/install/cyclonedds/include/dds/ddsrt/strtod.h\n'}
[17.706905] (cyclonedds) StdoutLine: {'line': b'-- Installing: /workspace/install/cyclonedds/include/dds/ddsrt/fibheap.h\n'}
[17.707064] (cyclonedds) StdoutLine: {'line': b'-- Installing: /workspace/install/cyclonedds/include/dds/ddsrt/md5.h\n'}
[17.707224] (cyclonedds) StdoutLine: {'line': b'-- Installing: /workspace/install/cyclonedds/include/dds/ddsrt/avl.h\n'}
[17.707405] (cyclonedds) StdoutLine: {'line': b'-- Installing: /workspace/install/cyclonedds/include/dds/ddsrt/atomics.h\n'}
[17.707555] (cyclonedds) StdoutLine: {'line': b'-- Installing: /workspace/install/cyclonedds/include/dds/ddsrt/environ.h\n'}
[17.707710] (cyclonedds) StdoutLine: {'line': b'-- Installing: /workspace/install/cyclonedds/include/dds/ddsrt/retcode.h\n'}
[17.707864] (cyclonedds) StdoutLine: {'line': b'-- Installing: /workspace/install/cyclonedds/include/dds/ddsrt/filesystem.h\n'}
[17.708027] (cyclonedds) StdoutLine: {'line': b'-- Installing: /workspace/install/cyclonedds/include/dds/ddsrt/sync\n'}
[17.708189] (cyclonedds) StdoutLine: {'line': b'-- Installing: /workspace/install/cyclonedds/include/dds/ddsrt/sync/windows.h\n'}
[17.708350] (cyclonedds) StdoutLine: {'line': b'-- Installing: /workspace/install/cyclonedds/include/dds/ddsrt/sync/posix.h\n'}
[17.708561] (cyclonedds) StdoutLine: {'line': b'-- Installing: /workspace/install/cyclonedds/include/dds/ddsrt/sync/freertos.h\n'}
[17.708767] (cyclonedds) StdoutLine: {'line': b'-- Installing: /workspace/install/cyclonedds/include/dds/ddsrt/circlist.h\n'}
[17.708948] (cyclonedds) StdoutLine: {'line': b'-- Installing: /workspace/install/cyclonedds/include/dds/ddsrt/types.h\n'}
[17.709121] (cyclonedds) StdoutLine: {'line': b'-- Installing: /workspace/install/cyclonedds/include/dds/ddsrt/random.h\n'}
[17.709295] (cyclonedds) StdoutLine: {'line': b'-- Installing: /workspace/install/cyclonedds/include/dds/ddsrt/hopscotch.h\n'}
[17.709469] (cyclonedds) StdoutLine: {'line': b'-- Installing: /workspace/install/cyclonedds/include/dds/ddsrt/endian.h\n'}
[17.709671] (cyclonedds) StdoutLine: {'line': b'-- Installing: /workspace/install/cyclonedds/include/dds/ddsrt/atomics\n'}
[17.709848] (cyclonedds) StdoutLine: {'line': b'-- Installing: /workspace/install/cyclonedds/include/dds/ddsrt/atomics/gcc.h\n'}
[17.710020] (cyclonedds) StdoutLine: {'line': b'-- Installing: /workspace/install/cyclonedds/include/dds/ddsrt/atomics/sun.h\n'}
[17.710181] (cyclonedds) StdoutLine: {'line': b'-- Installing: /workspace/install/cyclonedds/include/dds/ddsrt/atomics/arm.h\n'}
[17.710375] (cyclonedds) StdoutLine: {'line': b'-- Installing: /workspace/install/cyclonedds/include/dds/ddsrt/atomics/msvc.h\n'}
[17.710548] (cyclonedds) StdoutLine: {'line': b'-- Installing: /workspace/install/cyclonedds/include/dds/ddsrt/threads.h\n'}
[17.710728] (cyclonedds) StdoutLine: {'line': b'-- Installing: /workspace/install/cyclonedds/include/dds/ddsrt/types\n'}
[17.710905] (cyclonedds) StdoutLine: {'line': b'-- Installing: /workspace/install/cyclonedds/include/dds/ddsrt/types/windows.h\n'}
[17.711081] (cyclonedds) StdoutLine: {'line': b'-- Installing: /workspace/install/cyclonedds/include/dds/ddsrt/types/posix.h\n'}
[17.711282] (cyclonedds) StdoutLine: {'line': b'-- Installing: /workspace/install/cyclonedds/include/dds/ddsrt/types/vxworks.h\n'}
[17.711480] (cyclonedds) StdoutLine: {'line': b'-- Installing: /workspace/install/cyclonedds/include/dds/ddsrt/string.h\n'}
[17.711683] (cyclonedds) StdoutLine: {'line': b'-- Installing: /workspace/install/cyclonedds/include/dds/ddsrt/strtol.h\n'}
[17.711861] (cyclonedds) StdoutLine: {'line': b'-- Installing: /workspace/install/cyclonedds/include/dds/ddsrt/heap.h\n'}
[17.712009] (cyclonedds) StdoutLine: {'line': b'-- Installing: /workspace/install/cyclonedds/include/dds/ddsrt/rusage.h\n'}
[17.712138] (cyclonedds) StdoutLine: {'line': b'-- Installing: /workspace/install/cyclonedds/include/dds/ddsrt/ifaddrs.h\n'}
[17.712363] (cyclonedds) StdoutLine: {'line': b'-- Installing: /workspace/install/cyclonedds/include/dds/ddsrt/bswap.h\n'}
[17.712541] (cyclonedds) StdoutLine: {'line': b'-- Installing: /workspace/install/cyclonedds/include/dds/ddsrt/static_assert.h\n'}
[17.712721] (cyclonedds) StdoutLine: {'line': b'-- Installing: /workspace/install/cyclonedds/include/dds/ddsrt/align.h\n'}
[17.712895] (cyclonedds) StdoutLine: {'line': b'-- Installing: /workspace/install/cyclonedds/include/dds/ddsrt/dynlib.h\n'}
[17.713067] (cyclonedds) StdoutLine: {'line': b'-- Up-to-date: /workspace/install/cyclonedds/include\n'}
[17.713264] (cyclonedds) StdoutLine: {'line': b'-- Up-to-date: /workspace/install/cyclonedds/include/dds\n'}
[17.713448] (cyclonedds) StdoutLine: {'line': b'-- Installing: /workspace/install/cyclonedds/include/dds/config.h\n'}
[17.713624] (cyclonedds) StdoutLine: {'line': b'-- Installing: /workspace/install/cyclonedds/include/dds/features.h\n'}
[17.713795] (cyclonedds) StdoutLine: {'line': b'-- Installing: /workspace/install/cyclonedds/include/dds/version.h\n'}
[17.713991] (cyclonedds) StdoutLine: {'line': b'-- Installing: /workspace/install/cyclonedds/include/idl\n'}
[17.714165] (cyclonedds) StdoutLine: {'line': b'-- Installing: /workspace/install/cyclonedds/include/idl/file.h\n'}
[17.714364] (cyclonedds) StdoutLine: {'line': b'-- Installing: /workspace/install/cyclonedds/include/idl/visit.h\n'}
[17.714539] (cyclonedds) StdoutLine: {'line': b'-- Installing: /workspace/install/cyclonedds/include/idl/stream.h\n'}
[17.714716] (cyclonedds) StdoutLine: {'line': b'-- Installing: /workspace/install/cyclonedds/include/idl/retcode.h\n'}
[17.714886] (cyclonedds) StdoutLine: {'line': b'-- Installing: /workspace/install/cyclonedds/include/idl/processor.h\n'}
[17.715044] (cyclonedds) StdoutLine: {'line': b'-- Installing: /workspace/install/cyclonedds/include/idl/scope.h\n'}
[17.715177] (cyclonedds) StdoutLine: {'line': b'-- Installing: /workspace/install/cyclonedds/include/idl/string.h\n'}
[17.715305] (cyclonedds) StdoutLine: {'line': b'-- Installing: /workspace/install/cyclonedds/include/idl/tree.h\n'}
[17.715433] (cyclonedds) StdoutLine: {'line': b'-- Installing: /workspace/install/cyclonedds/include/idl/symbol.h\n'}
[17.715559] (cyclonedds) StdoutLine: {'line': b'-- Installing: /workspace/install/cyclonedds/include/idl/expression.h\n'}
[17.715684] (cyclonedds) StdoutLine: {'line': b'-- Installing: /workspace/install/cyclonedds/include/idl/print.h\n'}
[17.715810] (cyclonedds) StdoutLine: {'line': b'-- Up-to-date: /workspace/install/cyclonedds/include/idl\n'}
[17.715951] (cyclonedds) StdoutLine: {'line': b'-- Installing: /workspace/install/cyclonedds/include/idl/misc.h\n'}
[17.716079] (cyclonedds) StdoutLine: {'line': b'-- Installing: /workspace/install/cyclonedds/include/idl/attributes.h\n'}
[17.716260] (cyclonedds) StdoutLine: {'line': b'-- Installing: /workspace/install/cyclonedds/include/idl/md5.h\n'}
[17.716427] (cyclonedds) StdoutLine: {'line': b'-- Installing: /workspace/install/cyclonedds/include/idl/version.h\n'}
[17.716651] (cyclonedds) StdoutLine: {'line': b'-- Installing: /workspace/install/cyclonedds/include/idl/endian.h\n'}
[17.716799] (cyclonedds) StdoutLine: {'line': b'-- Installing: /workspace/install/cyclonedds/include/idl/export.h\n'}
[17.716944] (cyclonedds) StdoutLine: {'line': b'-- Installing: /workspace/install/cyclonedds/lib/libcycloneddsidl.so.0.10.2\n'}
[17.717169] (cyclonedds) StdoutLine: {'line': b'-- Installing: /workspace/install/cyclonedds/lib/libcycloneddsidl.so.0\n'}
[17.717364] (cyclonedds) StdoutLine: {'line': b'-- Set runtime path of "/workspace/install/cyclonedds/lib/libcycloneddsidl.so.0.10.2" to "$ORIGIN/../lib"\n'}
[17.717582] (cyclonedds) StdoutLine: {'line': b'-- Installing: /workspace/install/cyclonedds/lib/libcycloneddsidl.so\n'}
[17.717772] (cyclonedds) StdoutLine: {'line': b'-- Up-to-date: /workspace/install/cyclonedds/include\n'}
[17.717970] (cyclonedds) StdoutLine: {'line': b'-- Up-to-date: /workspace/install/cyclonedds/include/dds\n'}
[17.718164] (cyclonedds) StdoutLine: {'line': b'-- Installing: /workspace/install/cyclonedds/include/dds/security\n'}
[17.718351] (cyclonedds) StdoutLine: {'line': b'-- Installing: /workspace/install/cyclonedds/include/dds/security/dds_security_api_types.h\n'}
[17.718510] (cyclonedds) StdoutLine: {'line': b'-- Installing: /workspace/install/cyclonedds/include/dds/security/dds_security_api_err.h\n'}
[17.718729] (cyclonedds) StdoutLine: {'line': b'-- Installing: /workspace/install/cyclonedds/include/dds/security/dds_security_api_access_control.h\n'}
[17.718929] (cyclonedds) StdoutLine: {'line': b'-- Installing: /workspace/install/cyclonedds/include/dds/security/dds_security_api_defs.h\n'}
[17.719125] (cyclonedds) StdoutLine: {'line': b'-- Installing: /workspace/install/cyclonedds/include/dds/security/dds_security_api.h\n'}
[17.719333] (cyclonedds) StdoutLine: {'line': b'-- Installing: /workspace/install/cyclonedds/include/dds/security/dds_security_api_authentication.h\n'}
[17.719529] (cyclonedds) StdoutLine: {'line': b'-- Installing: /workspace/install/cyclonedds/include/dds/security/dds_security_api_cryptography.h\n'}
[17.719718] (cyclonedds) StdoutLine: {'line': b'-- Installing: /workspace/install/cyclonedds/include/dds/security/core/\n'}
[17.719870] (cyclonedds) StdoutLine: {'line': b'-- Installing: /workspace/install/cyclonedds/include/dds/security/core//dds_security_fsm.h\n'}
[17.720014] (cyclonedds) StdoutLine: {'line': b'-- Installing: /workspace/install/cyclonedds/include/dds/security/core//dds_security_types.h\n'}
[17.720157] (cyclonedds) StdoutLine: {'line': b'-- Installing: /workspace/install/cyclonedds/include/dds/security/core//dds_security_serialize.h\n'}
[17.720356] (cyclonedds) StdoutLine: {'line': b'-- Installing: /workspace/install/cyclonedds/include/dds/security/core//dds_security_timed_cb.h\n'}
[17.720510] (cyclonedds) StdoutLine: {'line': b'-- Installing: /workspace/install/cyclonedds/include/dds/security/core//shared_secret.h\n'}
[17.720657] (cyclonedds) StdoutLine: {'line': b'-- Installing: /workspace/install/cyclonedds/include/dds/security/core//dds_security_utils.h\n'}
[17.720801] (cyclonedds) StdoutLine: {'line': b'-- Installing: /workspace/install/cyclonedds/include/dds/security/core//dds_security_plugins.h\n'}
[17.720943] (cyclonedds) StdoutLine: {'line': b'-- Installing: /workspace/install/cyclonedds/lib/libdds_security_ac.so\n'}
[17.721146] (cyclonedds) StdoutLine: {'line': b'-- Set runtime path of "/workspace/install/cyclonedds/lib/libdds_security_ac.so" to "$ORIGIN/../lib"\n'}
[17.721407] (cyclonedds) StdoutLine: {'line': b'-- Installing: /workspace/install/cyclonedds/lib/libdds_security_auth.so\n'}
[17.722096] (cyclonedds) StdoutLine: {'line': b'-- Set runtime path of "/workspace/install/cyclonedds/lib/libdds_security_auth.so" to "$ORIGIN/../lib"\n'}
[17.722362] (cyclonedds) StdoutLine: {'line': b'-- Installing: /workspace/install/cyclonedds/lib/libdds_security_crypto.so\n'}
[17.723313] (cyclonedds) StdoutLine: {'line': b'-- Set runtime path of "/workspace/install/cyclonedds/lib/libdds_security_crypto.so" to "$ORIGIN/../lib"\n'}
[17.723593] (cyclonedds) StdoutLine: {'line': b'-- Up-to-date: /workspace/install/cyclonedds/include\n'}
[17.723822] (cyclonedds) StdoutLine: {'line': b'-- Up-to-date: /workspace/install/cyclonedds/include/dds\n'}
[17.724044] (cyclonedds) StdoutLine: {'line': b'-- Installing: /workspace/install/cyclonedds/include/dds/ddsi\n'}
[17.724258] (cyclonedds) StdoutLine: {'line': b'-- Installing: /workspace/install/cyclonedds/include/dds/ddsi/ddsi_guid.h\n'}
[17.724430] (cyclonedds) StdoutLine: {'line': b'-- Installing: /workspace/install/cyclonedds/include/dds/ddsi/q_misc.h\n'}
[17.724667] (cyclonedds) StdoutLine: {'line': b'-- Installing: /workspace/install/cyclonedds/include/dds/ddsi/ddsi_proxy_participant.h\n'}
[17.724872] (cyclonedds) StdoutLine: {'line': b'-- Installing: /workspace/install/cyclonedds/include/dds/ddsi/ddsi_entity.h\n'}
[17.725097] (cyclonedds) StdoutLine: {'line': b'-- Installing: /workspace/install/cyclonedds/include/dds/ddsi/ddsi_xt_impl.h\n'}
[17.725300] (cyclonedds) StdoutLine: {'line': b'-- Installing: /workspace/install/cyclonedds/include/dds/ddsi/q_xevent.h\n'}
[17.725495] (cyclonedds) StdoutLine: {'line': b'-- Installing: /workspace/install/cyclonedds/include/dds/ddsi/ddsi_ownip.h\n'}
[17.725725] (cyclonedds) StdoutLine: {'line': b'-- Installing: /workspace/install/cyclonedds/include/dds/ddsi/ddsi_vnet.h\n'}
[17.725933] (cyclonedds) StdoutLine: {'line': b'-- Installing: /workspace/install/cyclonedds/include/dds/ddsi/q_debmon.h\n'}
[17.726194] (cyclonedds) StdoutLine: {'line': b'-- Installing: /workspace/install/cyclonedds/include/dds/ddsi/ddsi_entity_match.h\n'}
[17.726401] (cyclonedds) StdoutLine: {'line': b'-- Installing: /workspace/install/cyclonedds/include/dds/ddsi/ddsi_security_msg.h\n'}
[17.726637] (cyclonedds) StdoutLine: {'line': b'-- Installing: /workspace/install/cyclonedds/include/dds/ddsi/ddsi_typelib.h\n'}
[17.726842] (cyclonedds) StdoutLine: {'line': b'-- Installing: /workspace/install/cyclonedds/include/dds/ddsi/ddsi_tcp.h\n'}
[17.727077] (cyclonedds) StdoutLine: {'line': b'-- Installing: /workspace/install/cyclonedds/include/dds/ddsi/ddsi_statistics.h\n'}
[17.727283] (cyclonedds) StdoutLine: {'line': b'-- Installing: /workspace/install/cyclonedds/include/dds/ddsi/ddsi_endpoint.h\n'}
[17.727489] (cyclonedds) StdoutLine: {'line': b'-- Installing: /workspace/install/cyclonedds/include/dds/ddsi/ddsi_vendor.h\n'}
[17.727692] (cyclonedds) StdoutLine: {'line': b'-- Installing: /workspace/install/cyclonedds/include/dds/ddsi/q_inverse_uint32_set.h\n'}
[17.727933] (cyclonedds) StdoutLine: {'line': b'-- Installing: /workspace/install/cyclonedds/include/dds/ddsi/q_qosmatch.h\n'}
[17.728135] (cyclonedds) StdoutLine: {'line': b'-- Installing: /workspace/install/cyclonedds/include/dds/ddsi/ddsi_proxy_endpoint.h\n'}
[17.728358] (cyclonedds) StdoutLine: {'line': b'-- Installing: /workspace/install/cyclonedds/include/dds/ddsi/ddsi_plist_generic.h\n'}
[17.728579] (cyclonedds) StdoutLine: {'line': b'-- Installing: /workspace/install/cyclonedds/include/dds/ddsi/q_log.h\n'}
[17.728777] (cyclonedds) StdoutLine: {'line': b'-- Installing: /workspace/install/cyclonedds/include/dds/ddsi/ddsi_list_tmpl.h\n'}
[17.728971] (cyclonedds) StdoutLine: {'line': b'-- Installing: /workspace/install/cyclonedds/include/dds/ddsi/ddsi_locator.h\n'}
[17.729164] (cyclonedds) StdoutLine: {'line': b'-- Installing: /workspace/install/cyclonedds/include/dds/ddsi/ddsi_xt_typeinfo.h\n'}
[17.729386] (cyclonedds) StdoutLine: {'line': b'-- Installing: /workspace/install/cyclonedds/include/dds/ddsi/ddsi_typebuilder.h\n'}
[17.729580] (cyclonedds) StdoutLine: {'line': b'-- Installing: /workspace/install/cyclonedds/include/dds/ddsi/q_radmin.h\n'}
[17.729778] (cyclonedds) StdoutLine: {'line': b'-- Installing: /workspace/install/cyclonedds/include/dds/ddsi/ddsi_lifespan.h\n'}
[17.730000] (cyclonedds) StdoutLine: {'line': b'-- Installing: /workspace/install/cyclonedds/include/dds/ddsi/q_freelist.h\n'}
[17.730201] (cyclonedds) StdoutLine: {'line': b'-- Installing: /workspace/install/cyclonedds/include/dds/ddsi/ddsi_sertype.h\n'}
[17.730395] (cyclonedds) StdoutLine: {'line': b'-- Installing: /workspace/install/cyclonedds/include/dds/ddsi/q_rtps.h\n'}
[17.730618] (cyclonedds) StdoutLine: {'line': b'-- Installing: /workspace/install/cyclonedds/include/dds/ddsi/ddsi_xt_typelookup.h\n'}
[17.730812] (cyclonedds) StdoutLine: {'line': b'-- Installing: /workspace/install/cyclonedds/include/dds/ddsi/q_protocol.h\n'}
[17.731003] (cyclonedds) StdoutLine: {'line': b'-- Installing: /workspace/install/cyclonedds/include/dds/ddsi/ddsi_builtin_topic_if.h\n'}
[17.731232] (cyclonedds) StdoutLine: {'line': b'-- Installing: /workspace/install/cyclonedds/include/dds/ddsi/ddsi_pmd.h\n'}
[17.731419] (cyclonedds) StdoutLine: {'line': b'-- Installing: /workspace/install/cyclonedds/include/dds/ddsi/ddsi_domaingv.h\n'}
[17.731604] (cyclonedds) StdoutLine: {'line': b'-- Installing: /workspace/install/cyclonedds/include/dds/ddsi/ddsi_config_impl.h\n'}
[17.731783] (cyclonedds) StdoutLine: {'line': b'-- Installing: /workspace/install/cyclonedds/include/dds/ddsi/ddsi_serdata.h\n'}
[17.731921] (cyclonedds) StdoutLine: {'line': b'-- Installing: /workspace/install/cyclonedds/include/dds/ddsi/q_lat_estim.h\n'}
[17.732133] (cyclonedds) StdoutLine: {'line': b'-- Installing: /workspace/install/cyclonedds/include/dds/ddsi/ddsi_security_exchange.h\n'}
[17.732350] (cyclonedds) StdoutLine: {'line': b'-- Installing: /workspace/install/cyclonedds/include/dds/ddsi/ddsi_participant.h\n'}
[17.732538] (cyclonedds) StdoutLine: {'line': b'-- Installing: /workspace/install/cyclonedds/include/dds/ddsi/ddsi_xt_typelookup.idl\n'}
[17.732709] (cyclonedds) StdoutLine: {'line': b'-- Installing: /workspace/install/cyclonedds/include/dds/ddsi/ddsi_portmapping.h\n'}
[17.732917] (cyclonedds) StdoutLine: {'line': b'-- Installing: /workspace/install/cyclonedds/include/dds/ddsi/ddsi_config.h\n'}
[17.733105] (cyclonedds) StdoutLine: {'line': b'-- Installing: /workspace/install/cyclonedds/include/dds/ddsi/ddsi_cdrstream.h\n'}
[17.733288] (cyclonedds) StdoutLine: {'line': b'-- Installing: /workspace/install/cyclonedds/include/dds/ddsi/q_addrset.h\n'}
[17.733495] (cyclonedds) StdoutLine: {'line': b'-- Installing: /workspace/install/cyclonedds/include/dds/ddsi/ddsi_threadmon.h\n'}
[17.733690] (cyclonedds) StdoutLine: {'line': b'-- Installing: /workspace/install/cyclonedds/include/dds/ddsi/ddsi_sertopic.h\n'}
[17.733866] (cyclonedds) StdoutLine: {'line': b'-- Installing: /workspace/install/cyclonedds/include/dds/ddsi/q_hbcontrol.h\n'}
[17.734081] (cyclonedds) StdoutLine: {'line': b'-- Installing: /workspace/install/cyclonedds/include/dds/ddsi/ddsi_ssl.h\n'}
[17.734304] (cyclonedds) StdoutLine: {'line': b'-- Installing: /workspace/install/cyclonedds/include/dds/ddsi/ddsi_cfgelems.h\n'}
[17.734518] (cyclonedds) StdoutLine: {'line': b'-- Installing: /workspace/install/cyclonedds/include/dds/ddsi/ddsi_deliver_locally.h\n'}
[17.734698] (cyclonedds) StdoutLine: {'line': b'-- Installing: /workspace/install/cyclonedds/include/dds/ddsi/ddsi_tkmap.h\n'}
[17.734881] (cyclonedds) StdoutLine: {'line': b'-- Installing: /workspace/install/cyclonedds/include/dds/ddsi/q_xmsg.h\n'}
[17.735062] (cyclonedds) StdoutLine: {'line': b'-- Installing: /workspace/install/cyclonedds/include/dds/ddsi/q_feature_check.h\n'}
[17.735242] (cyclonedds) StdoutLine: {'line': b'-- Installing: /workspace/install/cyclonedds/include/dds/ddsi/ddsi_iid.h\n'}
[17.735417] (cyclonedds) StdoutLine: {'line': b'-- Installing: /workspace/install/cyclonedds/include/dds/ddsi/ddsi_raweth.h\n'}
[17.735616] (cyclonedds) StdoutLine: {'line': b'-- Installing: /workspace/install/cyclonedds/include/dds/ddsi/ddsi_xt_typemap.h\n'}
[17.735806] (cyclonedds) StdoutLine: {'line': b'-- Installing: /workspace/install/cyclonedds/include/dds/ddsi/q_bswap.h\n'}
[17.735974] (cyclonedds) StdoutLine: {'line': b'-- Installing: /workspace/install/cyclonedds/include/dds/ddsi/ddsi_mcgroup.h\n'}
[17.736146] (cyclonedds) StdoutLine: {'line': b'-- Installing: /workspace/install/cyclonedds/include/dds/ddsi/ddsi_rhc.h\n'}
[17.736342] (cyclonedds) StdoutLine: {'line': b'-- Installing: /workspace/install/cyclonedds/include/dds/ddsi/ddsi_xt_typemap.idl\n'}
[17.736545] (cyclonedds) StdoutLine: {'line': b'-- Installing: /workspace/install/cyclonedds/include/dds/ddsi/q_init.h\n'}
[17.736739] (cyclonedds) StdoutLine: {'line': b'-- Installing: /workspace/install/cyclonedds/include/dds/ddsi/q_whc.h\n'}
[17.736900] (cyclonedds) StdoutLine: {'line': b'-- Installing: /workspace/install/cyclonedds/include/dds/ddsi/sysdeps.h\n'}
[17.737064] (cyclonedds) StdoutLine: {'line': b'-- Installing: /workspace/install/cyclonedds/include/dds/ddsi/ddsi_udp.h\n'}
[17.737231] (cyclonedds) StdoutLine: {'line': b'-- Installing: /workspace/install/cyclonedds/include/dds/ddsi/ddsi_acknack.h\n'}
[17.737407] (cyclonedds) StdoutLine: {'line': b'-- Installing: /workspace/install/cyclonedds/include/dds/ddsi/ddsi_keyhash.h\n'}
[17.737584] (cyclonedds) StdoutLine: {'line': b'-- Installing: /workspace/install/cyclonedds/include/dds/ddsi/ddsi_ipaddr.h\n'}
[17.737757] (cyclonedds) StdoutLine: {'line': b'-- Installing: /workspace/install/cyclonedds/include/dds/ddsi/q_bitset.h\n'}
[17.737924] (cyclonedds) StdoutLine: {'line': b'-- Installing: /workspace/install/cyclonedds/include/dds/ddsi/ddsi_plist.h\n'}
[17.738090] (cyclonedds) StdoutLine: {'line': b'-- Installing: /workspace/install/cyclonedds/include/dds/ddsi/ddsi_handshake.h\n'}
[17.738280] (cyclonedds) StdoutLine: {'line': b'-- Installing: /workspace/install/cyclonedds/include/dds/ddsi/q_transmit.h\n'}
[17.738446] (cyclonedds) StdoutLine: {'line': b'-- Installing: /workspace/install/cyclonedds/include/dds/ddsi/ddsi_list_genptr.h\n'}
[17.738642] (cyclonedds) StdoutLine: {'line': b'-- Installing: /workspace/install/cyclonedds/include/dds/ddsi/ddsi_wraddrset.h\n'}
[17.738815] (cyclonedds) StdoutLine: {'line': b'-- Installing: /workspace/install/cyclonedds/include/dds/ddsi/q_pcap.h\n'}
[17.738941] (cyclonedds) StdoutLine: {'line': b'-- Installing: /workspace/install/cyclonedds/include/dds/ddsi/q_sockwaitset.h\n'}
[17.739105] (cyclonedds) StdoutLine: {'line': b'-- Installing: /workspace/install/cyclonedds/include/dds/ddsi/ddsi_entity_index.h\n'}
[17.739292] (cyclonedds) StdoutLine: {'line': b'-- Installing: /workspace/install/cyclonedds/include/dds/ddsi/q_receive.h\n'}
[17.739418] (cyclonedds) StdoutLine: {'line': b'-- Installing: /workspace/install/cyclonedds/include/dds/ddsi/ddsi_serdata_pserop.h\n'}
[17.739618] (cyclonedds) StdoutLine: {'line': b'-- Installing: /workspace/install/cyclonedds/include/dds/ddsi/ddsi_typewrap.h\n'}
[17.739783] (cyclonedds) StdoutLine: {'line': b'-- Installing: /workspace/install/cyclonedds/include/dds/ddsi/ddsi_typelookup.h\n'}
[17.739946] (cyclonedds) StdoutLine: {'line': b'-- Installing: /workspace/install/cyclonedds/include/dds/ddsi/ddsi_xt_typeinfo.idl\n'}
[17.740108] (cyclonedds) StdoutLine: {'line': b'-- Installing: /workspace/install/cyclonedds/include/dds/ddsi/q_thread.h\n'}
[17.740287] (cyclonedds) StdoutLine: {'line': b'-- Installing: /workspace/install/cyclonedds/include/dds/ddsi/ddsi_deadline.h\n'}
[17.740410] (cyclonedds) StdoutLine: {'line': b'-- Installing: /workspace/install/cyclonedds/include/dds/ddsi/q_lease.h\n'}
[17.740527] (cyclonedds) StdoutLine: {'line': b'-- Installing: /workspace/install/cyclonedds/include/dds/ddsi/q_ddsi_discovery.h\n'}
[17.740683] (cyclonedds) StdoutLine: {'line': b'-- Installing: /workspace/install/cyclonedds/include/dds/ddsi/ddsi_time.h\n'}
[17.740808] (cyclonedds) StdoutLine: {'line': b'-- Installing: /workspace/install/cyclonedds/include/dds/ddsi/q_gc.h\n'}
[17.740969] (cyclonedds) StdoutLine: {'line': b'-- Installing: /workspace/install/cyclonedds/include/dds/ddsi/ddsi_serdata_plist.h\n'}
[17.741116] (cyclonedds) StdoutLine: {'line': b'-- Installing: /workspace/install/cyclonedds/include/dds/ddsi/ddsi_tran.h\n'}
[17.741275] (cyclonedds) StdoutLine: {'line': b'-- Installing: /workspace/install/cyclonedds/include/dds/ddsi/ddsi_cfgunits.h\n'}
[17.741434] (cyclonedds) StdoutLine: {'line': b'-- Installing: /workspace/install/cyclonedds/include/dds/ddsi/ddsi_security_util.h\n'}
[17.741597] (cyclonedds) StdoutLine: {'line': b'-- Installing: /workspace/install/cyclonedds/include/dds/ddsi/ddsi_topic.h\n'}
[17.741764] (cyclonedds) StdoutLine: {'line': b'-- Installing: /workspace/install/cyclonedds/include/dds/ddsi/ddsi_serdata_default.h\n'}
[17.741923] (cyclonedds) StdoutLine: {'line': b'-- Installing: /workspace/install/cyclonedds/include/dds/ddsi/ddsi_security_omg.h\n'}
[17.742074] (cyclonedds) StdoutLine: {'line': b'-- Installing: /workspace/install/cyclonedds/include/dds/ddsi/q_unused.h\n'}
[17.742229] (cyclonedds) StdoutLine: {'line': b'-- Installing: /workspace/install/cyclonedds/include/dds/ddsi/ddsi_shm_transport.h\n'}
[17.742377] (cyclonedds) StdoutLine: {'line': b'-- Installing: /workspace/install/cyclonedds/include/dds/ddsi/ddsi_xqos.h\n'}
[17.742528] (cyclonedds) StdoutLine: {'line': b'-- Up-to-date: /workspace/install/cyclonedds/include\n'}
[17.742681] (cyclonedds) StdoutLine: {'line': b'-- Installing: /workspace/install/cyclonedds/include/ddsc\n'}
[17.742812] (cyclonedds) StdoutLine: {'line': b'-- Installing: /workspace/install/cyclonedds/include/ddsc/dds.h\n'}
[17.742926] (cyclonedds) StdoutLine: {'line': b'-- Up-to-date: /workspace/install/cyclonedds/include/dds\n'}
[17.743073] (cyclonedds) StdoutLine: {'line': b'-- Installing: /workspace/install/cyclonedds/include/dds/ddsc\n'}
[17.743239] (cyclonedds) StdoutLine: {'line': b'-- Installing: /workspace/install/cyclonedds/include/dds/ddsc/dds_public_qos.h\n'}
[17.743353] (cyclonedds) StdoutLine: {'line': b'-- Installing: /workspace/install/cyclonedds/include/dds/ddsc/dds_internal_api.h\n'}
[17.743504] (cyclonedds) StdoutLine: {'line': b'-- Installing: /workspace/install/cyclonedds/include/dds/ddsc/dds_opcodes.h\n'}
[17.743619] (cyclonedds) StdoutLine: {'line': b'-- Installing: /workspace/install/cyclonedds/include/dds/ddsc/dds_public_alloc.h\n'}
[17.743730] (cyclonedds) StdoutLine: {'line': b'-- Installing: /workspace/install/cyclonedds/include/dds/ddsc/dds_data_allocator.h\n'}
[17.743841] (cyclonedds) StdoutLine: {'line': b'-- Installing: /workspace/install/cyclonedds/include/dds/ddsc/dds_loan_api.h\n'}
[17.743953] (cyclonedds) StdoutLine: {'line': b'-- Installing: /workspace/install/cyclonedds/include/dds/ddsc/dds_public_listener.h\n'}
[17.744062] (cyclonedds) StdoutLine: {'line': b'-- Installing: /workspace/install/cyclonedds/include/dds/ddsc/dds_rhc.h\n'}
[17.744172] (cyclonedds) StdoutLine: {'line': b'-- Installing: /workspace/install/cyclonedds/include/dds/ddsc/dds_statistics.h\n'}
[17.744318] (cyclonedds) StdoutLine: {'line': b'-- Installing: /workspace/install/cyclonedds/include/dds/ddsc/dds_public_impl.h\n'}
[17.744430] (cyclonedds) StdoutLine: {'line': b'-- Installing: /workspace/install/cyclonedds/include/dds/ddsc/dds_public_qosdefs.h\n'}
[17.744537] (cyclonedds) StdoutLine: {'line': b'-- Installing: /workspace/install/cyclonedds/include/dds/ddsc/dds_basic_types.h\n'}
[17.744641] (cyclonedds) StdoutLine: {'line': b'-- Installing: /workspace/install/cyclonedds/include/dds/ddsc/dds_public_error.h\n'}
[17.744762] (cyclonedds) StdoutLine: {'line': b'-- Installing: /workspace/install/cyclonedds/include/dds/ddsc/dds_public_status.h\n'}
[17.744868] (cyclonedds) StdoutLine: {'line': b'-- Installing: /workspace/install/cyclonedds/include/dds/dds.h\n'}
[17.744975] (cyclonedds) StdoutLine: {'line': b'-- Up-to-date: /workspace/install/cyclonedds/include\n'}
[17.745081] (cyclonedds) StdoutLine: {'line': b'-- Up-to-date: /workspace/install/cyclonedds/include/dds\n'}
[17.745187] (cyclonedds) StdoutLine: {'line': b'-- Installing: /workspace/install/cyclonedds/include/dds/export.h\n'}
[17.745303] (cyclonedds) StdoutLine: {'line': b'-- Installing: /workspace/install/cyclonedds/lib/libddsc.so.0.10.2\n'}
[17.754375] (cyclonedds) StdoutLine: {'line': b'-- Installing: /workspace/install/cyclonedds/lib/libddsc.so.0\n'}
[17.754590] (cyclonedds) StdoutLine: {'line': b'-- Set runtime path of "/workspace/install/cyclonedds/lib/libddsc.so.0.10.2" to "$ORIGIN/../lib"\n'}
[17.754713] (cyclonedds) StdoutLine: {'line': b'-- Installing: /workspace/install/cyclonedds/lib/libddsc.so\n'}
[17.755067] (cyclonedds) StdoutLine: {'line': b'-- Installing: /workspace/install/cyclonedds/share/doc/CycloneDDS/CONTRIBUTING.md\n'}
[17.755246] (cyclonedds) StdoutLine: {'line': b'-- Installing: /workspace/install/cyclonedds/share/doc/CycloneDDS/CYCLONEDDS_QUALITY_DECLARATION.md\n'}
[17.755430] (cyclonedds) StdoutLine: {'line': b'-- Installing: /workspace/install/cyclonedds/share/doc/CycloneDDS/LICENSE\n'}
[17.755601] (cyclonedds) StdoutLine: {'line': b'-- Installing: /workspace/install/cyclonedds/share/doc/CycloneDDS/NOTICE.md\n'}
[17.755775] (cyclonedds) StdoutLine: {'line': b'-- Installing: /workspace/install/cyclonedds/share/doc/CycloneDDS/README.md\n'}
[17.755940] (cyclonedds) StdoutLine: {'line': b'-- Installing: /workspace/install/cyclonedds/share/doc/CycloneDDS/CHANGELOG.rst\n'}
[17.759133] (cyclonedds) CommandEnded: {'returncode': 0}
[17.760722] (-) TimerEvent: {}
[17.801915] (cyclonedds) JobEnded: {'identifier': 'cyclonedds', 'rc': 0}
[17.804002] (unitree_sdk2py) JobStarted: {'identifier': 'unitree_sdk2py'}
[17.860857] (-) TimerEvent: {}
[17.961328] (-) TimerEvent: {}
[18.061718] (-) TimerEvent: {}
[18.162087] (-) TimerEvent: {}
[18.263435] (-) TimerEvent: {}
[18.363869] (-) TimerEvent: {}
[18.464285] (-) TimerEvent: {}
[18.564764] (-) TimerEvent: {}
[18.637830] (unitree_sdk2py) Command: {'cmd': ['/usr/bin/python3', '-W', 'ignore:setup.py install is deprecated', '-W', 'ignore:easy_install command is deprecated', 'setup.py', 'egg_info', '--egg-base', '../../build/unitree_sdk2py', 'build', '--build-base', '/workspace/build/unitree_sdk2py/build', 'install', '--record', '/workspace/build/unitree_sdk2py/install.log', '--single-version-externally-managed'], 'cwd': '/workspace/sdk/unitree_sdk2_python', 'env': {'HOSTNAME': 'ubuntu', 'SHLVL': '2', 'LD_LIBRARY_PATH': '/workspace/install/cyclonedds/lib:/opt/ros/humble/opt/rviz_ogre_vendor/lib:/opt/ros/humble/lib/aarch64-linux-gnu:/opt/ros/humble/lib', 'HOME': '/root', 'OLDPWD': '/workspace', 'ROS_PYTHON_VERSION': '3', 'ROS_DISTRO': 'humble', '_': '/usr/bin/colcon', 'ROS_VERSION': '2', 'PKG_CONFIG_PATH': '/workspace/install/cyclonedds/lib/aarch64-linux-gnu/pkgconfig:/workspace/install/cyclonedds/lib/pkgconfig', 'TERM': 'xterm', 'ROS_LOCALHOST_ONLY': '0', 'PATH': '/workspace/install/cyclonedds/bin:/opt/ros/humble/bin:/usr/local/sbin:/usr/local/bin:/usr/sbin:/usr/bin:/sbin:/bin', 'LANG': 'C.UTF-8', 'CYCLONEDDS_HOME': '/workspace/cyclonedds/install', 'LS_COLORS': 'rs=0:di=01;34:ln=01;36:mh=00:pi=40;33:so=01;35:do=01;35:bd=40;33;01:cd=40;33;01:or=40;31;01:mi=00:su=37;41:sg=30;43:ca=30;41:tw=30;42:ow=34;42:st=37;44:ex=01;32:*.tar=01;31:*.tgz=01;31:*.arc=01;31:*.arj=01;31:*.taz=01;31:*.lha=01;31:*.lz4=01;31:*.lzh=01;31:*.lzma=01;31:*.tlz=01;31:*.txz=01;31:*.tzo=01;31:*.t7z=01;31:*.zip=01;31:*.z=01;31:*.dz=01;31:*.gz=01;31:*.lrz=01;31:*.lz=01;31:*.lzo=01;31:*.xz=01;31:*.zst=01;31:*.tzst=01;31:*.bz2=01;31:*.bz=01;31:*.tbz=01;31:*.tbz2=01;31:*.tz=01;31:*.deb=01;31:*.rpm=01;31:*.jar=01;31:*.war=01;31:*.ear=01;31:*.sar=01;31:*.rar=01;31:*.alz=01;31:*.ace=01;31:*.zoo=01;31:*.cpio=01;31:*.7z=01;31:*.rz=01;31:*.cab=01;31:*.wim=01;31:*.swm=01;31:*.dwm=01;31:*.esd=01;31:*.jpg=01;35:*.jpeg=01;35:*.mjpg=01;35:*.mjpeg=01;35:*.gif=01;35:*.bmp=01;35:*.pbm=01;35:*.pgm=01;35:*.ppm=01;35:*.tga=01;35:*.xbm=01;35:*.xpm=01;35:*.tif=01;35:*.tiff=01;35:*.png=01;35:*.svg=01;35:*.svgz=01;35:*.mng=01;35:*.pcx=01;35:*.mov=01;35:*.mpg=01;35:*.mpeg=01;35:*.m2v=01;35:*.mkv=01;35:*.webm=01;35:*.webp=01;35:*.ogm=01;35:*.mp4=01;35:*.m4v=01;35:*.mp4v=01;35:*.vob=01;35:*.qt=01;35:*.nuv=01;35:*.wmv=01;35:*.asf=01;35:*.rm=01;35:*.rmvb=01;35:*.flc=01;35:*.avi=01;35:*.fli=01;35:*.flv=01;35:*.gl=01;35:*.dl=01;35:*.xcf=01;35:*.xwd=01;35:*.yuv=01;35:*.cgm=01;35:*.emf=01;35:*.ogv=01;35:*.ogx=01;35:*.aac=00;36:*.au=00;36:*.flac=00;36:*.m4a=00;36:*.mid=00;36:*.midi=00;36:*.mka=00;36:*.mp3=00;36:*.mpc=00;36:*.ogg=00;36:*.ra=00;36:*.wav=00;36:*.oga=00;36:*.opus=00;36:*.spx=00;36:*.xspf=00;36:', 'AMENT_PREFIX_PATH': '/opt/ros/humble', 'PWD': '/workspace/build/unitree_sdk2py', 'LC_ALL': 'C.UTF-8', 'PYTHONPATH': '/workspace/build/unitree_sdk2py/prefix_override:/usr/lib/python3/dist-packages/colcon_core/task/python/colcon_distutils_commands:/workspace/install/unitree_sdk2py/lib/python3.10/site-packages:/opt/ros/humble/lib/python3.10/site-packages:/opt/ros/humble/local/lib/python3.10/dist-packages', 'COLCON': '1', 'CMAKE_PREFIX_PATH': '/workspace/install/cyclonedds'}, 'shell': False}
[18.664843] (-) TimerEvent: {}
[18.765263] (-) TimerEvent: {}
[18.865755] (-) TimerEvent: {}
[18.946221] (unitree_sdk2py) StdoutLine: {'line': b'running egg_info\n'}
[18.946736] (unitree_sdk2py) StdoutLine: {'line': b'writing ../../build/unitree_sdk2py/unitree_sdk2py.egg-info/PKG-INFO\n'}
[18.947127] (unitree_sdk2py) StdoutLine: {'line': b'writing dependency_links to ../../build/unitree_sdk2py/unitree_sdk2py.egg-info/dependency_links.txt\n'}
[18.947504] (unitree_sdk2py) StdoutLine: {'line': b'writing requirements to ../../build/unitree_sdk2py/unitree_sdk2py.egg-info/requires.txt\n'}
[18.947617] (unitree_sdk2py) StdoutLine: {'line': b'writing top-level names to ../../build/unitree_sdk2py/unitree_sdk2py.egg-info/top_level.txt\n'}
[18.957571] (unitree_sdk2py) StdoutLine: {'line': b"reading manifest file '../../build/unitree_sdk2py/unitree_sdk2py.egg-info/SOURCES.txt'\n"}
[18.958526] (unitree_sdk2py) StdoutLine: {'line': b"adding license file 'LICENSE'\n"}
[18.961990] (unitree_sdk2py) StdoutLine: {'line': b"writing manifest file '../../build/unitree_sdk2py/unitree_sdk2py.egg-info/SOURCES.txt'\n"}
[18.962244] (unitree_sdk2py) StdoutLine: {'line': b'running build\n'}
[18.962372] (unitree_sdk2py) StdoutLine: {'line': b'running build_py\n'}
[18.965803] (-) TimerEvent: {}
[18.983907] (unitree_sdk2py) StdoutLine: {'line': b'running install\n'}
[18.984402] (unitree_sdk2py) StdoutLine: {'line': b'running install_lib\n'}
[18.999766] (unitree_sdk2py) StdoutLine: {'line': b'running install_egg_info\n'}
[19.002290] (unitree_sdk2py) StdoutLine: {'line': b"removing '/workspace/install/unitree_sdk2py/lib/python3.10/site-packages/unitree_sdk2py-1.0.1-py3.10.egg-info' (and everything under it)\n"}
[19.002765] (unitree_sdk2py) StdoutLine: {'line': b'Copying ../../build/unitree_sdk2py/unitree_sdk2py.egg-info to /workspace/install/unitree_sdk2py/lib/python3.10/site-packages/unitree_sdk2py-1.0.1-py3.10.egg-info\n'}
[19.003943] (unitree_sdk2py) StdoutLine: {'line': b'running install_scripts\n'}
[19.044394] (unitree_sdk2py) StdoutLine: {'line': b"writing list of installed files to '/workspace/build/unitree_sdk2py/install.log'\n"}
[19.065966] (-) TimerEvent: {}
[19.102796] (unitree_sdk2py) CommandEnded: {'returncode': 0}
[19.120659] (unitree_sdk2py) JobEnded: {'identifier': 'unitree_sdk2py', 'rc': 0}
[19.122786] (-) EventReactorShutdown: {}
