[0.000000] (-) TimerEvent: {}
[0.001206] (cyclonedds) JobQueued: {'identifier': 'cyclonedds', 'dependencies': OrderedDict()}
[0.001523] (explore_lite_msgs) JobQueued: {'identifier': 'explore_lite_msgs', 'dependencies': OrderedDict()}
[0.001862] (go2_nav) JobQueued: {'identifier': 'go2_nav', 'dependencies': OrderedDict()}
[0.001959] (go2_vision) JobQueued: {'identifier': 'go2_vision', 'dependencies': OrderedDict()}
[0.002028] (multirobot_map_merge) JobQueued: {'identifier': 'multirobot_map_merge', 'dependencies': OrderedDict()}
[0.002107] (explore_lite) JobQueued: {'identifier': 'explore_lite', 'dependencies': OrderedDict([('explore_lite_msgs', '/workspace/install/explore_lite_msgs')])}
[0.002179] (unitree_sdk2py) JobQueued: {'identifier': 'unitree_sdk2py', 'dependencies': OrderedDict([('cyclonedds', '/workspace/install/cyclonedds')])}
[0.002252] (cyclonedds) JobStarted: {'identifier': 'cyclonedds'}
[0.014732] (explore_lite_msgs) JobStarted: {'identifier': 'explore_lite_msgs'}
[0.021181] (go2_nav) JobStarted: {'identifier': 'go2_nav'}
[0.030453] (go2_vision) JobStarted: {'identifier': 'go2_vision'}
[0.038624] (multirobot_map_merge) JobStarted: {'identifier': 'multirobot_map_merge'}
[0.047313] (cyclonedds) JobProgress: {'identifier': 'cyclonedds', 'progress': 'cmake'}
[0.048292] (cyclonedds) JobProgress: {'identifier': 'cyclonedds', 'progress': 'build'}
[0.049271] (cyclonedds) Command: {'cmd': ['/usr/bin/cmake', '--build', '/workspace/build/cyclonedds', '--', '-j8', '-l8'], 'cwd': '/workspace/build/cyclonedds', 'env': OrderedDict([('HOSTNAME', 'ubuntu'), ('SHLVL', '1'), ('LD_LIBRARY_PATH', '/workspace/install/multirobot_map_merge/lib:/workspace/install/explore_lite_msgs/lib:/workspace/install/cyclonedds/lib:/opt/ros/humble/opt/rviz_ogre_vendor/lib:/opt/ros/humble/lib/aarch64-linux-gnu:/opt/ros/humble/lib'), ('HOME', '/root'), ('OLDPWD', '/'), ('ROS_PYTHON_VERSION', '3'), ('COLCON_PREFIX_PATH', '/workspace/install'), ('ROS_DISTRO', 'humble'), ('_', '/usr/bin/colcon'), ('ROS_VERSION', '2'), ('PKG_CONFIG_PATH', '/workspace/install/cyclonedds/lib/aarch64-linux-gnu/pkgconfig:/workspace/install/cyclonedds/lib/pkgconfig'), ('TERM', 'xterm'), ('ROS_LOCALHOST_ONLY', '0'), ('PATH', '/workspace/install/cyclonedds/bin:/opt/ros/humble/bin:/usr/local/sbin:/usr/local/bin:/usr/sbin:/usr/bin:/sbin:/bin'), ('LANG', 'C.UTF-8'), ('RMW_IMPLEMENTATION', 'rmw_cyclonedds_cpp'), ('CYCLONEDDS_HOME', '/workspace/cyclonedds/install'), ('LS_COLORS', 'rs=0:di=01;34:ln=01;36:mh=00:pi=40;33:so=01;35:do=01;35:bd=40;33;01:cd=40;33;01:or=40;31;01:mi=00:su=37;41:sg=30;43:ca=30;41:tw=30;42:ow=34;42:st=37;44:ex=01;32:*.tar=01;31:*.tgz=01;31:*.arc=01;31:*.arj=01;31:*.taz=01;31:*.lha=01;31:*.lz4=01;31:*.lzh=01;31:*.lzma=01;31:*.tlz=01;31:*.txz=01;31:*.tzo=01;31:*.t7z=01;31:*.zip=01;31:*.z=01;31:*.dz=01;31:*.gz=01;31:*.lrz=01;31:*.lz=01;31:*.lzo=01;31:*.xz=01;31:*.zst=01;31:*.tzst=01;31:*.bz2=01;31:*.bz=01;31:*.tbz=01;31:*.tbz2=01;31:*.tz=01;31:*.deb=01;31:*.rpm=01;31:*.jar=01;31:*.war=01;31:*.ear=01;31:*.sar=01;31:*.rar=01;31:*.alz=01;31:*.ace=01;31:*.zoo=01;31:*.cpio=01;31:*.7z=01;31:*.rz=01;31:*.cab=01;31:*.wim=01;31:*.swm=01;31:*.dwm=01;31:*.esd=01;31:*.jpg=01;35:*.jpeg=01;35:*.mjpg=01;35:*.mjpeg=01;35:*.gif=01;35:*.bmp=01;35:*.pbm=01;35:*.pgm=01;35:*.ppm=01;35:*.tga=01;35:*.xbm=01;35:*.xpm=01;35:*.tif=01;35:*.tiff=01;35:*.png=01;35:*.svg=01;35:*.svgz=01;35:*.mng=01;35:*.pcx=01;35:*.mov=01;35:*.mpg=01;35:*.mpeg=01;35:*.m2v=01;35:*.mkv=01;35:*.webm=01;35:*.webp=01;35:*.ogm=01;35:*.mp4=01;35:*.m4v=01;35:*.mp4v=01;35:*.vob=01;35:*.qt=01;35:*.nuv=01;35:*.wmv=01;35:*.asf=01;35:*.rm=01;35:*.rmvb=01;35:*.flc=01;35:*.avi=01;35:*.fli=01;35:*.flv=01;35:*.gl=01;35:*.dl=01;35:*.xcf=01;35:*.xwd=01;35:*.yuv=01;35:*.cgm=01;35:*.emf=01;35:*.ogv=01;35:*.ogx=01;35:*.aac=00;36:*.au=00;36:*.flac=00;36:*.m4a=00;36:*.mid=00;36:*.midi=00;36:*.mka=00;36:*.mp3=00;36:*.mpc=00;36:*.ogg=00;36:*.ra=00;36:*.wav=00;36:*.oga=00;36:*.opus=00;36:*.spx=00;36:*.xspf=00;36:'), ('AMENT_PREFIX_PATH', '/workspace/install/multirobot_map_merge:/workspace/install/go2_vision:/workspace/install/go2_nav:/workspace/install/explore_lite:/workspace/install/explore_lite_msgs:/opt/ros/humble'), ('PWD', '/workspace/build/cyclonedds'), ('LC_ALL', 'C.UTF-8'), ('PYTHONPATH', '/workspace/install/unitree_sdk2py/lib/python3.10/site-packages:/workspace/install/go2_vision/lib/python3.10/site-packages:/workspace/install/go2_nav/lib/python3.10/site-packages:/workspace/install/explore_lite_msgs/local/lib/python3.10/dist-packages:/opt/ros/humble/lib/python3.10/site-packages:/opt/ros/humble/local/lib/python3.10/dist-packages'), ('COLCON', '1'), ('CMAKE_PREFIX_PATH', '/workspace/install/multirobot_map_merge:/workspace/install/explore_lite:/workspace/install/explore_lite_msgs:/workspace/install/cyclonedds:/workspace/install/go2_vision:/workspace/install/go2_nav:/opt/ros/humble')]), 'shell': False}
[0.053393] (explore_lite_msgs) JobProgress: {'identifier': 'explore_lite_msgs', 'progress': 'cmake'}
[0.054306] (explore_lite_msgs) JobProgress: {'identifier': 'explore_lite_msgs', 'progress': 'build'}
[0.054670] (explore_lite_msgs) Command: {'cmd': ['/usr/bin/cmake', '--build', '/workspace/build/explore_lite_msgs', '--', '-j8', '-l8'], 'cwd': '/workspace/build/explore_lite_msgs', 'env': OrderedDict([('HOSTNAME', 'ubuntu'), ('SHLVL', '1'), ('LD_LIBRARY_PATH', '/workspace/install/multirobot_map_merge/lib:/workspace/install/explore_lite_msgs/lib:/workspace/install/cyclonedds/lib:/opt/ros/humble/opt/rviz_ogre_vendor/lib:/opt/ros/humble/lib/aarch64-linux-gnu:/opt/ros/humble/lib'), ('HOME', '/root'), ('OLDPWD', '/'), ('ROS_PYTHON_VERSION', '3'), ('COLCON_PREFIX_PATH', '/workspace/install'), ('ROS_DISTRO', 'humble'), ('_', '/usr/bin/colcon'), ('ROS_VERSION', '2'), ('PKG_CONFIG_PATH', '/workspace/install/cyclonedds/lib/aarch64-linux-gnu/pkgconfig:/workspace/install/cyclonedds/lib/pkgconfig'), ('TERM', 'xterm'), ('ROS_LOCALHOST_ONLY', '0'), ('PATH', '/workspace/install/cyclonedds/bin:/opt/ros/humble/bin:/usr/local/sbin:/usr/local/bin:/usr/sbin:/usr/bin:/sbin:/bin'), ('LANG', 'C.UTF-8'), ('RMW_IMPLEMENTATION', 'rmw_cyclonedds_cpp'), ('CYCLONEDDS_HOME', '/workspace/cyclonedds/install'), ('LS_COLORS', 'rs=0:di=01;34:ln=01;36:mh=00:pi=40;33:so=01;35:do=01;35:bd=40;33;01:cd=40;33;01:or=40;31;01:mi=00:su=37;41:sg=30;43:ca=30;41:tw=30;42:ow=34;42:st=37;44:ex=01;32:*.tar=01;31:*.tgz=01;31:*.arc=01;31:*.arj=01;31:*.taz=01;31:*.lha=01;31:*.lz4=01;31:*.lzh=01;31:*.lzma=01;31:*.tlz=01;31:*.txz=01;31:*.tzo=01;31:*.t7z=01;31:*.zip=01;31:*.z=01;31:*.dz=01;31:*.gz=01;31:*.lrz=01;31:*.lz=01;31:*.lzo=01;31:*.xz=01;31:*.zst=01;31:*.tzst=01;31:*.bz2=01;31:*.bz=01;31:*.tbz=01;31:*.tbz2=01;31:*.tz=01;31:*.deb=01;31:*.rpm=01;31:*.jar=01;31:*.war=01;31:*.ear=01;31:*.sar=01;31:*.rar=01;31:*.alz=01;31:*.ace=01;31:*.zoo=01;31:*.cpio=01;31:*.7z=01;31:*.rz=01;31:*.cab=01;31:*.wim=01;31:*.swm=01;31:*.dwm=01;31:*.esd=01;31:*.jpg=01;35:*.jpeg=01;35:*.mjpg=01;35:*.mjpeg=01;35:*.gif=01;35:*.bmp=01;35:*.pbm=01;35:*.pgm=01;35:*.ppm=01;35:*.tga=01;35:*.xbm=01;35:*.xpm=01;35:*.tif=01;35:*.tiff=01;35:*.png=01;35:*.svg=01;35:*.svgz=01;35:*.mng=01;35:*.pcx=01;35:*.mov=01;35:*.mpg=01;35:*.mpeg=01;35:*.m2v=01;35:*.mkv=01;35:*.webm=01;35:*.webp=01;35:*.ogm=01;35:*.mp4=01;35:*.m4v=01;35:*.mp4v=01;35:*.vob=01;35:*.qt=01;35:*.nuv=01;35:*.wmv=01;35:*.asf=01;35:*.rm=01;35:*.rmvb=01;35:*.flc=01;35:*.avi=01;35:*.fli=01;35:*.flv=01;35:*.gl=01;35:*.dl=01;35:*.xcf=01;35:*.xwd=01;35:*.yuv=01;35:*.cgm=01;35:*.emf=01;35:*.ogv=01;35:*.ogx=01;35:*.aac=00;36:*.au=00;36:*.flac=00;36:*.m4a=00;36:*.mid=00;36:*.midi=00;36:*.mka=00;36:*.mp3=00;36:*.mpc=00;36:*.ogg=00;36:*.ra=00;36:*.wav=00;36:*.oga=00;36:*.opus=00;36:*.spx=00;36:*.xspf=00;36:'), ('AMENT_PREFIX_PATH', '/workspace/install/multirobot_map_merge:/workspace/install/go2_vision:/workspace/install/go2_nav:/workspace/install/explore_lite:/workspace/install/explore_lite_msgs:/opt/ros/humble'), ('PWD', '/workspace/build/explore_lite_msgs'), ('LC_ALL', 'C.UTF-8'), ('PYTHONPATH', '/workspace/install/unitree_sdk2py/lib/python3.10/site-packages:/workspace/install/go2_vision/lib/python3.10/site-packages:/workspace/install/go2_nav/lib/python3.10/site-packages:/workspace/install/explore_lite_msgs/local/lib/python3.10/dist-packages:/opt/ros/humble/lib/python3.10/site-packages:/opt/ros/humble/local/lib/python3.10/dist-packages'), ('COLCON', '1'), ('CMAKE_PREFIX_PATH', '/workspace/install/multirobot_map_merge:/workspace/install/explore_lite:/workspace/install/explore_lite_msgs:/workspace/install/cyclonedds:/workspace/install/go2_vision:/workspace/install/go2_nav:/opt/ros/humble')]), 'shell': False}
[0.099338] (-) TimerEvent: {}
[0.199979] (-) TimerEvent: {}
[0.300609] (-) TimerEvent: {}
[0.401441] (-) TimerEvent: {}
[0.502041] (-) TimerEvent: {}
[0.602697] (-) TimerEvent: {}
[0.703481] (-) TimerEvent: {}
[0.804117] (-) TimerEvent: {}
[0.828516] (cyclonedds) StdoutLine: {'line': b'[  0%] Built target _confgen\n'}
[0.829865] (cyclonedds) StdoutLine: {'line': b'[  8%] Built target idl\n'}
[0.830351] (cyclonedds) StdoutLine: {'line': b'[ 12%] Built target idlpp\n'}
[0.831547] (cyclonedds) StdoutLine: {'line': b'[ 27%] Built target ddsrt-internal\n'}
[0.831964] (cyclonedds) StdoutLine: {'line': b'[ 87%] Built target ddsc\n'}
[0.832280] (cyclonedds) StdoutLine: {'line': b'[ 93%] Built target dds_security_ac\n'}
[0.832594] (cyclonedds) StdoutLine: {'line': b'[ 93%] Built target idlc\n'}
[0.832765] (cyclonedds) StdoutLine: {'line': b'[ 91%] Built target dds_security_auth\n'}
[0.833294] (cyclonedds) StdoutLine: {'line': b'[ 97%] Built target dds_security_crypto\n'}
[0.833563] (cyclonedds) StdoutLine: {'line': b'[ 97%] Built target ddsperf_types_generate\n'}
[0.833724] (cyclonedds) StdoutLine: {'line': b'[100%] Built target ddsperf\n'}
[0.833935] (explore_lite_msgs) StdoutLine: {'line': b'[  3%] Built target explore_lite_msgs__rs\n'}
[0.834374] (explore_lite_msgs) StdoutLine: {'line': b'[ 12%] Built target explore_lite_msgs__rosidl_generator_c\n'}
[0.834567] (explore_lite_msgs) StdoutLine: {'line': b'[ 15%] Built target explore_lite_msgs__cpp\n'}
[0.835466] (explore_lite_msgs) StdoutLine: {'line': b'[ 15%] Built target ament_cmake_python_copy_explore_lite_msgs\n'}
[0.836475] (explore_lite_msgs) StdoutLine: {'line': b'[ 28%] Built target explore_lite_msgs__rosidl_typesupport_fastrtps_c\n'}
[0.836769] (explore_lite_msgs) StdoutLine: {'line': b'[ 34%] Built target explore_lite_msgs__rosidl_typesupport_introspection_c\n'}
[0.837272] (explore_lite_msgs) StdoutLine: {'line': b'[ 43%] Built target explore_lite_msgs__rosidl_typesupport_c\n'}
[0.838801] (explore_lite_msgs) StdoutLine: {'line': b'[ 53%] Built target explore_lite_msgs__rosidl_typesupport_introspection_cpp\n'}
[0.839515] (explore_lite_msgs) StdoutLine: {'line': b'[ 62%] Built target explore_lite_msgs__rosidl_typesupport_fastrtps_cpp\n'}
[0.839848] (explore_lite_msgs) StdoutLine: {'line': b'[ 71%] Built target explore_lite_msgs__rosidl_typesupport_cpp\n'}
[0.840518] (explore_lite_msgs) StdoutLine: {'line': b'[ 71%] Built target explore_lite_msgs\n'}
[0.841376] (explore_lite_msgs) StdoutLine: {'line': b'[ 75%] Built target explore_lite_msgs__py\n'}
[0.841549] (explore_lite_msgs) StdoutLine: {'line': b'[ 81%] Built target explore_lite_msgs__rosidl_generator_py\n'}
[0.841676] (explore_lite_msgs) StdoutLine: {'line': b'[100%] Built target explore_lite_msgs__rosidl_typesupport_c__pyext\n'}
[0.841794] (explore_lite_msgs) StdoutLine: {'line': b'[100%] Built target explore_lite_msgs__rosidl_typesupport_introspection_c__pyext\n'}
[0.841913] (explore_lite_msgs) StdoutLine: {'line': b'[100%] Built target explore_lite_msgs__rosidl_typesupport_fastrtps_c__pyext\n'}
[0.842024] (explore_lite_msgs) StdoutLine: {'line': b'running egg_info\n'}
[0.842153] (explore_lite_msgs) StdoutLine: {'line': b'writing explore_lite_msgs.egg-info/PKG-INFO\n'}
[0.842265] (explore_lite_msgs) StdoutLine: {'line': b'writing dependency_links to explore_lite_msgs.egg-info/dependency_links.txt\n'}
[0.842373] (explore_lite_msgs) StdoutLine: {'line': b'writing top-level names to explore_lite_msgs.egg-info/top_level.txt\n'}
[0.842477] (explore_lite_msgs) StdoutLine: {'line': b"reading manifest file 'explore_lite_msgs.egg-info/SOURCES.txt'\n"}
[0.842581] (explore_lite_msgs) StdoutLine: {'line': b"writing manifest file 'explore_lite_msgs.egg-info/SOURCES.txt'\n"}
[0.842717] (explore_lite_msgs) StdoutLine: {'line': b'[100%] Built target ament_cmake_python_build_explore_lite_msgs_egg\n'}
[0.842830] (multirobot_map_merge) JobProgress: {'identifier': 'multirobot_map_merge', 'progress': 'cmake'}
[0.842868] (multirobot_map_merge) JobProgress: {'identifier': 'multirobot_map_merge', 'progress': 'build'}
[0.842905] (multirobot_map_merge) Command: {'cmd': ['/usr/bin/cmake', '--build', '/workspace/build/multirobot_map_merge', '--', '-j8', '-l8'], 'cwd': '/workspace/build/multirobot_map_merge', 'env': OrderedDict([('HOSTNAME', 'ubuntu'), ('SHLVL', '1'), ('LD_LIBRARY_PATH', '/workspace/install/multirobot_map_merge/lib:/workspace/install/explore_lite_msgs/lib:/workspace/install/cyclonedds/lib:/opt/ros/humble/opt/rviz_ogre_vendor/lib:/opt/ros/humble/lib/aarch64-linux-gnu:/opt/ros/humble/lib'), ('HOME', '/root'), ('OLDPWD', '/'), ('ROS_PYTHON_VERSION', '3'), ('COLCON_PREFIX_PATH', '/workspace/install'), ('ROS_DISTRO', 'humble'), ('_', '/usr/bin/colcon'), ('ROS_VERSION', '2'), ('PKG_CONFIG_PATH', '/workspace/install/cyclonedds/lib/aarch64-linux-gnu/pkgconfig:/workspace/install/cyclonedds/lib/pkgconfig'), ('TERM', 'xterm'), ('ROS_LOCALHOST_ONLY', '0'), ('PATH', '/workspace/install/cyclonedds/bin:/opt/ros/humble/bin:/usr/local/sbin:/usr/local/bin:/usr/sbin:/usr/bin:/sbin:/bin'), ('LANG', 'C.UTF-8'), ('RMW_IMPLEMENTATION', 'rmw_cyclonedds_cpp'), ('CYCLONEDDS_HOME', '/workspace/cyclonedds/install'), ('LS_COLORS', 'rs=0:di=01;34:ln=01;36:mh=00:pi=40;33:so=01;35:do=01;35:bd=40;33;01:cd=40;33;01:or=40;31;01:mi=00:su=37;41:sg=30;43:ca=30;41:tw=30;42:ow=34;42:st=37;44:ex=01;32:*.tar=01;31:*.tgz=01;31:*.arc=01;31:*.arj=01;31:*.taz=01;31:*.lha=01;31:*.lz4=01;31:*.lzh=01;31:*.lzma=01;31:*.tlz=01;31:*.txz=01;31:*.tzo=01;31:*.t7z=01;31:*.zip=01;31:*.z=01;31:*.dz=01;31:*.gz=01;31:*.lrz=01;31:*.lz=01;31:*.lzo=01;31:*.xz=01;31:*.zst=01;31:*.tzst=01;31:*.bz2=01;31:*.bz=01;31:*.tbz=01;31:*.tbz2=01;31:*.tz=01;31:*.deb=01;31:*.rpm=01;31:*.jar=01;31:*.war=01;31:*.ear=01;31:*.sar=01;31:*.rar=01;31:*.alz=01;31:*.ace=01;31:*.zoo=01;31:*.cpio=01;31:*.7z=01;31:*.rz=01;31:*.cab=01;31:*.wim=01;31:*.swm=01;31:*.dwm=01;31:*.esd=01;31:*.jpg=01;35:*.jpeg=01;35:*.mjpg=01;35:*.mjpeg=01;35:*.gif=01;35:*.bmp=01;35:*.pbm=01;35:*.pgm=01;35:*.ppm=01;35:*.tga=01;35:*.xbm=01;35:*.xpm=01;35:*.tif=01;35:*.tiff=01;35:*.png=01;35:*.svg=01;35:*.svgz=01;35:*.mng=01;35:*.pcx=01;35:*.mov=01;35:*.mpg=01;35:*.mpeg=01;35:*.m2v=01;35:*.mkv=01;35:*.webm=01;35:*.webp=01;35:*.ogm=01;35:*.mp4=01;35:*.m4v=01;35:*.mp4v=01;35:*.vob=01;35:*.qt=01;35:*.nuv=01;35:*.wmv=01;35:*.asf=01;35:*.rm=01;35:*.rmvb=01;35:*.flc=01;35:*.avi=01;35:*.fli=01;35:*.flv=01;35:*.gl=01;35:*.dl=01;35:*.xcf=01;35:*.xwd=01;35:*.yuv=01;35:*.cgm=01;35:*.emf=01;35:*.ogv=01;35:*.ogx=01;35:*.aac=00;36:*.au=00;36:*.flac=00;36:*.m4a=00;36:*.mid=00;36:*.midi=00;36:*.mka=00;36:*.mp3=00;36:*.mpc=00;36:*.ogg=00;36:*.ra=00;36:*.wav=00;36:*.oga=00;36:*.opus=00;36:*.spx=00;36:*.xspf=00;36:'), ('AMENT_PREFIX_PATH', '/workspace/install/multirobot_map_merge:/workspace/install/go2_vision:/workspace/install/go2_nav:/workspace/install/explore_lite:/workspace/install/explore_lite_msgs:/opt/ros/humble'), ('PWD', '/workspace/build/multirobot_map_merge'), ('LC_ALL', 'C.UTF-8'), ('PYTHONPATH', '/workspace/install/unitree_sdk2py/lib/python3.10/site-packages:/workspace/install/go2_vision/lib/python3.10/site-packages:/workspace/install/go2_nav/lib/python3.10/site-packages:/workspace/install/explore_lite_msgs/local/lib/python3.10/dist-packages:/opt/ros/humble/lib/python3.10/site-packages:/opt/ros/humble/local/lib/python3.10/dist-packages'), ('COLCON', '1'), ('CMAKE_PREFIX_PATH', '/workspace/install/multirobot_map_merge:/workspace/install/explore_lite:/workspace/install/explore_lite_msgs:/workspace/install/cyclonedds:/workspace/install/go2_vision:/workspace/install/go2_nav:/opt/ros/humble')]), 'shell': False}
[0.843985] (cyclonedds) CommandEnded: {'returncode': 0}
[0.844302] (cyclonedds) JobProgress: {'identifier': 'cyclonedds', 'progress': 'install'}
[0.853897] (cyclonedds) Command: {'cmd': ['/usr/bin/cmake', '--install', '/workspace/build/cyclonedds'], 'cwd': '/workspace/build/cyclonedds', 'env': OrderedDict([('HOSTNAME', 'ubuntu'), ('SHLVL', '1'), ('LD_LIBRARY_PATH', '/workspace/install/multirobot_map_merge/lib:/workspace/install/explore_lite_msgs/lib:/workspace/install/cyclonedds/lib:/opt/ros/humble/opt/rviz_ogre_vendor/lib:/opt/ros/humble/lib/aarch64-linux-gnu:/opt/ros/humble/lib'), ('HOME', '/root'), ('OLDPWD', '/'), ('ROS_PYTHON_VERSION', '3'), ('COLCON_PREFIX_PATH', '/workspace/install'), ('ROS_DISTRO', 'humble'), ('_', '/usr/bin/colcon'), ('ROS_VERSION', '2'), ('PKG_CONFIG_PATH', '/workspace/install/cyclonedds/lib/aarch64-linux-gnu/pkgconfig:/workspace/install/cyclonedds/lib/pkgconfig'), ('TERM', 'xterm'), ('ROS_LOCALHOST_ONLY', '0'), ('PATH', '/workspace/install/cyclonedds/bin:/opt/ros/humble/bin:/usr/local/sbin:/usr/local/bin:/usr/sbin:/usr/bin:/sbin:/bin'), ('LANG', 'C.UTF-8'), ('RMW_IMPLEMENTATION', 'rmw_cyclonedds_cpp'), ('CYCLONEDDS_HOME', '/workspace/cyclonedds/install'), ('LS_COLORS', 'rs=0:di=01;34:ln=01;36:mh=00:pi=40;33:so=01;35:do=01;35:bd=40;33;01:cd=40;33;01:or=40;31;01:mi=00:su=37;41:sg=30;43:ca=30;41:tw=30;42:ow=34;42:st=37;44:ex=01;32:*.tar=01;31:*.tgz=01;31:*.arc=01;31:*.arj=01;31:*.taz=01;31:*.lha=01;31:*.lz4=01;31:*.lzh=01;31:*.lzma=01;31:*.tlz=01;31:*.txz=01;31:*.tzo=01;31:*.t7z=01;31:*.zip=01;31:*.z=01;31:*.dz=01;31:*.gz=01;31:*.lrz=01;31:*.lz=01;31:*.lzo=01;31:*.xz=01;31:*.zst=01;31:*.tzst=01;31:*.bz2=01;31:*.bz=01;31:*.tbz=01;31:*.tbz2=01;31:*.tz=01;31:*.deb=01;31:*.rpm=01;31:*.jar=01;31:*.war=01;31:*.ear=01;31:*.sar=01;31:*.rar=01;31:*.alz=01;31:*.ace=01;31:*.zoo=01;31:*.cpio=01;31:*.7z=01;31:*.rz=01;31:*.cab=01;31:*.wim=01;31:*.swm=01;31:*.dwm=01;31:*.esd=01;31:*.jpg=01;35:*.jpeg=01;35:*.mjpg=01;35:*.mjpeg=01;35:*.gif=01;35:*.bmp=01;35:*.pbm=01;35:*.pgm=01;35:*.ppm=01;35:*.tga=01;35:*.xbm=01;35:*.xpm=01;35:*.tif=01;35:*.tiff=01;35:*.png=01;35:*.svg=01;35:*.svgz=01;35:*.mng=01;35:*.pcx=01;35:*.mov=01;35:*.mpg=01;35:*.mpeg=01;35:*.m2v=01;35:*.mkv=01;35:*.webm=01;35:*.webp=01;35:*.ogm=01;35:*.mp4=01;35:*.m4v=01;35:*.mp4v=01;35:*.vob=01;35:*.qt=01;35:*.nuv=01;35:*.wmv=01;35:*.asf=01;35:*.rm=01;35:*.rmvb=01;35:*.flc=01;35:*.avi=01;35:*.fli=01;35:*.flv=01;35:*.gl=01;35:*.dl=01;35:*.xcf=01;35:*.xwd=01;35:*.yuv=01;35:*.cgm=01;35:*.emf=01;35:*.ogv=01;35:*.ogx=01;35:*.aac=00;36:*.au=00;36:*.flac=00;36:*.m4a=00;36:*.mid=00;36:*.midi=00;36:*.mka=00;36:*.mp3=00;36:*.mpc=00;36:*.ogg=00;36:*.ra=00;36:*.wav=00;36:*.oga=00;36:*.opus=00;36:*.spx=00;36:*.xspf=00;36:'), ('AMENT_PREFIX_PATH', '/workspace/install/multirobot_map_merge:/workspace/install/go2_vision:/workspace/install/go2_nav:/workspace/install/explore_lite:/workspace/install/explore_lite_msgs:/opt/ros/humble'), ('PWD', '/workspace/build/cyclonedds'), ('LC_ALL', 'C.UTF-8'), ('PYTHONPATH', '/workspace/install/unitree_sdk2py/lib/python3.10/site-packages:/workspace/install/go2_vision/lib/python3.10/site-packages:/workspace/install/go2_nav/lib/python3.10/site-packages:/workspace/install/explore_lite_msgs/local/lib/python3.10/dist-packages:/opt/ros/humble/lib/python3.10/site-packages:/opt/ros/humble/local/lib/python3.10/dist-packages'), ('COLCON', '1'), ('CMAKE_PREFIX_PATH', '/workspace/install/multirobot_map_merge:/workspace/install/explore_lite:/workspace/install/explore_lite_msgs:/workspace/install/cyclonedds:/workspace/install/go2_vision:/workspace/install/go2_nav:/opt/ros/humble')]), 'shell': False}
[0.856490] (explore_lite_msgs) CommandEnded: {'returncode': 0}
[0.857373] (explore_lite_msgs) JobProgress: {'identifier': 'explore_lite_msgs', 'progress': 'install'}
[0.857693] (explore_lite_msgs) Command: {'cmd': ['/usr/bin/cmake', '--install', '/workspace/build/explore_lite_msgs'], 'cwd': '/workspace/build/explore_lite_msgs', 'env': OrderedDict([('HOSTNAME', 'ubuntu'), ('SHLVL', '1'), ('LD_LIBRARY_PATH', '/workspace/install/multirobot_map_merge/lib:/workspace/install/explore_lite_msgs/lib:/workspace/install/cyclonedds/lib:/opt/ros/humble/opt/rviz_ogre_vendor/lib:/opt/ros/humble/lib/aarch64-linux-gnu:/opt/ros/humble/lib'), ('HOME', '/root'), ('OLDPWD', '/'), ('ROS_PYTHON_VERSION', '3'), ('COLCON_PREFIX_PATH', '/workspace/install'), ('ROS_DISTRO', 'humble'), ('_', '/usr/bin/colcon'), ('ROS_VERSION', '2'), ('PKG_CONFIG_PATH', '/workspace/install/cyclonedds/lib/aarch64-linux-gnu/pkgconfig:/workspace/install/cyclonedds/lib/pkgconfig'), ('TERM', 'xterm'), ('ROS_LOCALHOST_ONLY', '0'), ('PATH', '/workspace/install/cyclonedds/bin:/opt/ros/humble/bin:/usr/local/sbin:/usr/local/bin:/usr/sbin:/usr/bin:/sbin:/bin'), ('LANG', 'C.UTF-8'), ('RMW_IMPLEMENTATION', 'rmw_cyclonedds_cpp'), ('CYCLONEDDS_HOME', '/workspace/cyclonedds/install'), ('LS_COLORS', 'rs=0:di=01;34:ln=01;36:mh=00:pi=40;33:so=01;35:do=01;35:bd=40;33;01:cd=40;33;01:or=40;31;01:mi=00:su=37;41:sg=30;43:ca=30;41:tw=30;42:ow=34;42:st=37;44:ex=01;32:*.tar=01;31:*.tgz=01;31:*.arc=01;31:*.arj=01;31:*.taz=01;31:*.lha=01;31:*.lz4=01;31:*.lzh=01;31:*.lzma=01;31:*.tlz=01;31:*.txz=01;31:*.tzo=01;31:*.t7z=01;31:*.zip=01;31:*.z=01;31:*.dz=01;31:*.gz=01;31:*.lrz=01;31:*.lz=01;31:*.lzo=01;31:*.xz=01;31:*.zst=01;31:*.tzst=01;31:*.bz2=01;31:*.bz=01;31:*.tbz=01;31:*.tbz2=01;31:*.tz=01;31:*.deb=01;31:*.rpm=01;31:*.jar=01;31:*.war=01;31:*.ear=01;31:*.sar=01;31:*.rar=01;31:*.alz=01;31:*.ace=01;31:*.zoo=01;31:*.cpio=01;31:*.7z=01;31:*.rz=01;31:*.cab=01;31:*.wim=01;31:*.swm=01;31:*.dwm=01;31:*.esd=01;31:*.jpg=01;35:*.jpeg=01;35:*.mjpg=01;35:*.mjpeg=01;35:*.gif=01;35:*.bmp=01;35:*.pbm=01;35:*.pgm=01;35:*.ppm=01;35:*.tga=01;35:*.xbm=01;35:*.xpm=01;35:*.tif=01;35:*.tiff=01;35:*.png=01;35:*.svg=01;35:*.svgz=01;35:*.mng=01;35:*.pcx=01;35:*.mov=01;35:*.mpg=01;35:*.mpeg=01;35:*.m2v=01;35:*.mkv=01;35:*.webm=01;35:*.webp=01;35:*.ogm=01;35:*.mp4=01;35:*.m4v=01;35:*.mp4v=01;35:*.vob=01;35:*.qt=01;35:*.nuv=01;35:*.wmv=01;35:*.asf=01;35:*.rm=01;35:*.rmvb=01;35:*.flc=01;35:*.avi=01;35:*.fli=01;35:*.flv=01;35:*.gl=01;35:*.dl=01;35:*.xcf=01;35:*.xwd=01;35:*.yuv=01;35:*.cgm=01;35:*.emf=01;35:*.ogv=01;35:*.ogx=01;35:*.aac=00;36:*.au=00;36:*.flac=00;36:*.m4a=00;36:*.mid=00;36:*.midi=00;36:*.mka=00;36:*.mp3=00;36:*.mpc=00;36:*.ogg=00;36:*.ra=00;36:*.wav=00;36:*.oga=00;36:*.opus=00;36:*.spx=00;36:*.xspf=00;36:'), ('AMENT_PREFIX_PATH', '/workspace/install/multirobot_map_merge:/workspace/install/go2_vision:/workspace/install/go2_nav:/workspace/install/explore_lite:/workspace/install/explore_lite_msgs:/opt/ros/humble'), ('PWD', '/workspace/build/explore_lite_msgs'), ('LC_ALL', 'C.UTF-8'), ('PYTHONPATH', '/workspace/install/unitree_sdk2py/lib/python3.10/site-packages:/workspace/install/go2_vision/lib/python3.10/site-packages:/workspace/install/go2_nav/lib/python3.10/site-packages:/workspace/install/explore_lite_msgs/local/lib/python3.10/dist-packages:/opt/ros/humble/lib/python3.10/site-packages:/opt/ros/humble/local/lib/python3.10/dist-packages'), ('COLCON', '1'), ('CMAKE_PREFIX_PATH', '/workspace/install/multirobot_map_merge:/workspace/install/explore_lite:/workspace/install/explore_lite_msgs:/workspace/install/cyclonedds:/workspace/install/go2_vision:/workspace/install/go2_nav:/opt/ros/humble')]), 'shell': False}
[0.866811] (cyclonedds) StdoutLine: {'line': b'-- Install configuration: "RelWithDebInfo"\n'}
[0.867531] (cyclonedds) StdoutLine: {'line': b'-- Up-to-date: /workspace/install/cyclonedds/lib/cmake/CycloneDDS/CycloneDDSConfig.cmake\n'}
[0.868073] (cyclonedds) StdoutLine: {'line': b'-- Up-to-date: /workspace/install/cyclonedds/lib/cmake/CycloneDDS/CycloneDDSConfigVersion.cmake\n'}
[0.868301] (cyclonedds) StdoutLine: {'line': b'-- Up-to-date: /workspace/install/cyclonedds/lib/cmake/CycloneDDS/CycloneDDSTargets.cmake\n'}
[0.868525] (cyclonedds) StdoutLine: {'line': b'-- Up-to-date: /workspace/install/cyclonedds/lib/cmake/CycloneDDS/CycloneDDSTargets-relwithdebinfo.cmake\n'}
[0.868747] (cyclonedds) StdoutLine: {'line': b'-- Up-to-date: /workspace/install/cyclonedds/lib/pkgconfig/CycloneDDS.pc\n'}
[0.869370] (cyclonedds) StdoutLine: {'line': b'-- Up-to-date: /workspace/install/cyclonedds/include/idlc\n'}
[0.869767] (cyclonedds) StdoutLine: {'line': b'-- Up-to-date: /workspace/install/cyclonedds/include/idlc/generator.h\n'}
[0.869951] (cyclonedds) StdoutLine: {'line': b'-- Up-to-date: /workspace/install/cyclonedds/include/idlc/options.h\n'}
[0.870266] (cyclonedds) StdoutLine: {'line': b'-- Up-to-date: /workspace/install/cyclonedds/bin/idlc\n'}
[0.870596] (cyclonedds) StdoutLine: {'line': b'-- Up-to-date: /workspace/install/cyclonedds/lib/cmake/CycloneDDS/idlc/Generate.cmake\n'}
[0.872201] (cyclonedds) StdoutLine: {'line': b'-- Up-to-date: /workspace/install/cyclonedds/bin/ddsperf\n'}
[0.872849] (explore_lite_msgs) StdoutLine: {'line': b'-- Install configuration: ""\n'}
[0.874114] (explore_lite_msgs) StdoutLine: {'line': b'-- Up-to-date: /workspace/install/explore_lite_msgs/share/ament_index/resource_index/rosidl_interfaces/explore_lite_msgs\n'}
[0.875070] (cyclonedds) StdoutLine: {'line': b'-- Up-to-date: /workspace/install/cyclonedds/include\n'}
[0.875427] (cyclonedds) StdoutLine: {'line': b'-- Up-to-date: /workspace/install/cyclonedds/include/dds\n'}
[0.875559] (explore_lite_msgs) StdoutLine: {'line': b'-- Up-to-date: /workspace/install/explore_lite_msgs/include/explore_lite_msgs/explore_lite_msgs\n'}
[0.875867] (cyclonedds) StdoutLine: {'line': b'-- Up-to-date: /workspace/install/cyclonedds/include/dds/ddsrt\n'}
[0.876012] (cyclonedds) StdoutLine: {'line': b'-- Up-to-date: /workspace/install/cyclonedds/include/dds/ddsrt/threads\n'}
[0.876133] (explore_lite_msgs) StdoutLine: {'line': b'-- Up-to-date: /workspace/install/explore_lite_msgs/include/explore_lite_msgs/explore_lite_msgs/msg\n'}
[0.876252] (explore_lite_msgs) StdoutLine: {'line': b'-- Up-to-date: /workspace/install/explore_lite_msgs/include/explore_lite_msgs/explore_lite_msgs/msg/explore_status.h\n'}
[0.876365] (cyclonedds) StdoutLine: {'line': b'-- Up-to-date: /workspace/install/cyclonedds/include/dds/ddsrt/threads/windows.h\n'}
[0.876469] (cyclonedds) StdoutLine: {'line': b'-- Up-to-date: /workspace/install/cyclonedds/include/dds/ddsrt/threads/posix.h\n'}
[0.876569] (cyclonedds) StdoutLine: {'line': b'-- Up-to-date: /workspace/install/cyclonedds/include/dds/ddsrt/threads/freertos.h\n'}
[0.876669] (cyclonedds) StdoutLine: {'line': b'-- Up-to-date: /workspace/install/cyclonedds/include/dds/ddsrt/iovec.h\n'}
[0.876766] (explore_lite_msgs) StdoutLine: {'line': b'-- Up-to-date: /workspace/install/explore_lite_msgs/include/explore_lite_msgs/explore_lite_msgs/msg/rosidl_generator_c__visibility_control.h\n'}
[0.876870] (explore_lite_msgs) StdoutLine: {'line': b'-- Up-to-date: /workspace/install/explore_lite_msgs/include/explore_lite_msgs/explore_lite_msgs/msg/detail\n'}
[0.876970] (explore_lite_msgs) StdoutLine: {'line': b'-- Up-to-date: /workspace/install/explore_lite_msgs/include/explore_lite_msgs/explore_lite_msgs/msg/detail/explore_status__functions.h\n'}
[0.877070] (explore_lite_msgs) StdoutLine: {'line': b'-- Up-to-date: /workspace/install/explore_lite_msgs/include/explore_lite_msgs/explore_lite_msgs/msg/detail/explore_status__functions.c\n'}
[0.877167] (explore_lite_msgs) StdoutLine: {'line': b'-- Up-to-date: /workspace/install/explore_lite_msgs/include/explore_lite_msgs/explore_lite_msgs/msg/detail/explore_status__struct.h\n'}
[0.877272] (explore_lite_msgs) StdoutLine: {'line': b'-- Up-to-date: /workspace/install/explore_lite_msgs/include/explore_lite_msgs/explore_lite_msgs/msg/detail/explore_status__type_support.h\n'}
[0.877371] (explore_lite_msgs) StdoutLine: {'line': b'-- Up-to-date: /workspace/install/explore_lite_msgs/share/explore_lite_msgs/environment/library_path.sh\n'}
[0.877465] (explore_lite_msgs) StdoutLine: {'line': b'-- Up-to-date: /workspace/install/explore_lite_msgs/share/explore_lite_msgs/environment/library_path.dsv\n'}
[0.877557] (explore_lite_msgs) StdoutLine: {'line': b'-- Up-to-date: /workspace/install/explore_lite_msgs/lib/libexplore_lite_msgs__rosidl_generator_c.so\n'}
[0.877649] (explore_lite_msgs) StdoutLine: {'line': b'-- Up-to-date: /workspace/install/explore_lite_msgs/include/explore_lite_msgs/explore_lite_msgs\n'}
[0.877767] (explore_lite_msgs) StdoutLine: {'line': b'-- Up-to-date: /workspace/install/explore_lite_msgs/include/explore_lite_msgs/explore_lite_msgs/msg\n'}
[0.877885] (explore_lite_msgs) StdoutLine: {'line': b'-- Up-to-date: /workspace/install/explore_lite_msgs/include/explore_lite_msgs/explore_lite_msgs/msg/rosidl_typesupport_fastrtps_c__visibility_control.h\n'}
[0.877988] (explore_lite_msgs) StdoutLine: {'line': b'-- Up-to-date: /workspace/install/explore_lite_msgs/include/explore_lite_msgs/explore_lite_msgs/msg/detail\n'}
[0.878110] (explore_lite_msgs) StdoutLine: {'line': b'-- Up-to-date: /workspace/install/explore_lite_msgs/include/explore_lite_msgs/explore_lite_msgs/msg/detail/explore_status__rosidl_typesupport_fastrtps_c.h\n'}
[0.878223] (explore_lite_msgs) StdoutLine: {'line': b'-- Up-to-date: /workspace/install/explore_lite_msgs/lib/libexplore_lite_msgs__rosidl_typesupport_fastrtps_c.so\n'}
[0.878324] (cyclonedds) StdoutLine: {'line': b'-- Up-to-date: /workspace/install/cyclonedds/include/dds/ddsrt/xmlparser.h\n'}
[0.878434] (explore_lite_msgs) StdoutLine: {'line': b'-- Up-to-date: /workspace/install/explore_lite_msgs/include/explore_lite_msgs/explore_lite_msgs\n'}
[0.878538] (explore_lite_msgs) StdoutLine: {'line': b'-- Up-to-date: /workspace/install/explore_lite_msgs/include/explore_lite_msgs/explore_lite_msgs/msg\n'}
[0.878641] (explore_lite_msgs) StdoutLine: {'line': b'-- Up-to-date: /workspace/install/explore_lite_msgs/include/explore_lite_msgs/explore_lite_msgs/msg/rosidl_typesupport_introspection_c__visibility_control.h\n'}
[0.878743] (explore_lite_msgs) StdoutLine: {'line': b'-- Up-to-date: /workspace/install/explore_lite_msgs/include/explore_lite_msgs/explore_lite_msgs/msg/detail\n'}
[0.878879] (explore_lite_msgs) StdoutLine: {'line': b'-- Up-to-date: /workspace/install/explore_lite_msgs/include/explore_lite_msgs/explore_lite_msgs/msg/detail/explore_status__rosidl_typesupport_introspection_c.h\n'}
[0.878990] (cyclonedds) StdoutLine: {'line': b'-- Up-to-date: /workspace/install/cyclonedds/include/dds/ddsrt/io.h\n'}
[0.879096] (cyclonedds) StdoutLine: {'line': b'-- Up-to-date: /workspace/install/cyclonedds/include/dds/ddsrt/sockets.h\n'}
[0.879197] (cyclonedds) StdoutLine: {'line': b'-- Up-to-date: /workspace/install/cyclonedds/include/dds/ddsrt/expand_vars.h\n'}
[0.879297] (cyclonedds) StdoutLine: {'line': b'-- Up-to-date: /workspace/install/cyclonedds/include/dds/ddsrt/arch.h\n'}
[0.879390] (cyclonedds) StdoutLine: {'line': b'-- Up-to-date: /workspace/install/cyclonedds/include/dds/ddsrt/log.h\n'}
[0.879489] (cyclonedds) StdoutLine: {'line': b'-- Up-to-date: /workspace/install/cyclonedds/include/dds/ddsrt/misc.h\n'}
[0.879586] (cyclonedds) StdoutLine: {'line': b'-- Up-to-date: /workspace/install/cyclonedds/include/dds/ddsrt/sched.h\n'}
[0.879681] (cyclonedds) StdoutLine: {'line': b'-- Up-to-date: /workspace/install/cyclonedds/include/dds/ddsrt/process.h\n'}
[0.879782] (cyclonedds) StdoutLine: {'line': b'-- Up-to-date: /workspace/install/cyclonedds/include/dds/ddsrt/sockets\n'}
[0.879883] (cyclonedds) StdoutLine: {'line': b'-- Up-to-date: /workspace/install/cyclonedds/include/dds/ddsrt/sockets/windows.h\n'}
[0.879983] (cyclonedds) StdoutLine: {'line': b'-- Up-to-date: /workspace/install/cyclonedds/include/dds/ddsrt/sockets/posix.h\n'}
[0.880086] (cyclonedds) StdoutLine: {'line': b'-- Up-to-date: /workspace/install/cyclonedds/include/dds/ddsrt/attributes.h\n'}
[0.880181] (cyclonedds) StdoutLine: {'line': b'-- Up-to-date: /workspace/install/cyclonedds/include/dds/ddsrt/time.h\n'}
[0.880276] (cyclonedds) StdoutLine: {'line': b'-- Up-to-date: /workspace/install/cyclonedds/include/dds/ddsrt/cdtors.h\n'}
[0.880371] (cyclonedds) StdoutLine: {'line': b'-- Up-to-date: /workspace/install/cyclonedds/include/dds/ddsrt/countargs.h\n'}
[0.880462] (cyclonedds) StdoutLine: {'line': b'-- Up-to-date: /workspace/install/cyclonedds/include/dds/ddsrt/sync.h\n'}
[0.880582] (cyclonedds) StdoutLine: {'line': b'-- Up-to-date: /workspace/install/cyclonedds/include/dds/ddsrt/netstat.h\n'}
[0.880691] (cyclonedds) StdoutLine: {'line': b'-- Up-to-date: /workspace/install/cyclonedds/include/dds/ddsrt/mh3.h\n'}
[0.880796] (cyclonedds) StdoutLine: {'line': b'-- Up-to-date: /workspace/install/cyclonedds/include/dds/ddsrt/time\n'}
[0.880913] (cyclonedds) StdoutLine: {'line': b'-- Up-to-date: /workspace/install/cyclonedds/include/dds/ddsrt/time/freertos.h\n'}
[0.881008] (cyclonedds) StdoutLine: {'line': b'-- Up-to-date: /workspace/install/cyclonedds/include/dds/ddsrt/filesystem\n'}
[0.881102] (cyclonedds) StdoutLine: {'line': b'-- Up-to-date: /workspace/install/cyclonedds/include/dds/ddsrt/filesystem/windows.h\n'}
[0.881197] (cyclonedds) StdoutLine: {'line': b'-- Up-to-date: /workspace/install/cyclonedds/include/dds/ddsrt/filesystem/posix.h\n'}
[0.881293] (cyclonedds) StdoutLine: {'line': b'-- Up-to-date: /workspace/install/cyclonedds/include/dds/ddsrt/strtod.h\n'}
[0.881387] (cyclonedds) StdoutLine: {'line': b'-- Up-to-date: /workspace/install/cyclonedds/include/dds/ddsrt/fibheap.h\n'}
[0.881478] (cyclonedds) StdoutLine: {'line': b'-- Up-to-date: /workspace/install/cyclonedds/include/dds/ddsrt/md5.h\n'}
[0.881571] (cyclonedds) StdoutLine: {'line': b'-- Up-to-date: /workspace/install/cyclonedds/include/dds/ddsrt/avl.h\n'}
[0.881666] (cyclonedds) StdoutLine: {'line': b'-- Up-to-date: /workspace/install/cyclonedds/include/dds/ddsrt/atomics.h\n'}
[0.881760] (cyclonedds) StdoutLine: {'line': b'-- Up-to-date: /workspace/install/cyclonedds/include/dds/ddsrt/environ.h\n'}
[0.881859] (cyclonedds) StdoutLine: {'line': b'-- Up-to-date: /workspace/install/cyclonedds/include/dds/ddsrt/retcode.h\n'}
[0.881957] (cyclonedds) StdoutLine: {'line': b'-- Up-to-date: /workspace/install/cyclonedds/include/dds/ddsrt/filesystem.h\n'}
[0.882330] (cyclonedds) StdoutLine: {'line': b'-- Up-to-date: /workspace/install/cyclonedds/include/dds/ddsrt/sync\n'}
[0.885550] (cyclonedds) StdoutLine: {'line': b'-- Up-to-date: /workspace/install/cyclonedds/include/dds/ddsrt/sync/windows.h\n'}
[0.885720] (cyclonedds) StdoutLine: {'line': b'-- Up-to-date: /workspace/install/cyclonedds/include/dds/ddsrt/sync/posix.h\n'}
[0.885831] (cyclonedds) StdoutLine: {'line': b'-- Up-to-date: /workspace/install/cyclonedds/include/dds/ddsrt/sync/freertos.h\n'}
[0.885940] (cyclonedds) StdoutLine: {'line': b'-- Up-to-date: /workspace/install/cyclonedds/include/dds/ddsrt/circlist.h\n'}
[0.886045] (cyclonedds) StdoutLine: {'line': b'-- Up-to-date: /workspace/install/cyclonedds/include/dds/ddsrt/types.h\n'}
[0.886181] (cyclonedds) StdoutLine: {'line': b'-- Up-to-date: /workspace/install/cyclonedds/include/dds/ddsrt/random.h\n'}
[0.886285] (cyclonedds) StdoutLine: {'line': b'-- Up-to-date: /workspace/install/cyclonedds/include/dds/ddsrt/hopscotch.h\n'}
[0.886388] (cyclonedds) StdoutLine: {'line': b'-- Up-to-date: /workspace/install/cyclonedds/include/dds/ddsrt/endian.h\n'}
[0.886490] (cyclonedds) StdoutLine: {'line': b'-- Up-to-date: /workspace/install/cyclonedds/include/dds/ddsrt/atomics\n'}
[0.886594] (cyclonedds) StdoutLine: {'line': b'-- Up-to-date: /workspace/install/cyclonedds/include/dds/ddsrt/atomics/gcc.h\n'}
[0.886695] (cyclonedds) StdoutLine: {'line': b'-- Up-to-date: /workspace/install/cyclonedds/include/dds/ddsrt/atomics/sun.h\n'}
[0.886796] (cyclonedds) StdoutLine: {'line': b'-- Up-to-date: /workspace/install/cyclonedds/include/dds/ddsrt/atomics/arm.h\n'}
[0.886898] (cyclonedds) StdoutLine: {'line': b'-- Up-to-date: /workspace/install/cyclonedds/include/dds/ddsrt/atomics/msvc.h\n'}
[0.886998] (cyclonedds) StdoutLine: {'line': b'-- Up-to-date: /workspace/install/cyclonedds/include/dds/ddsrt/threads.h\n'}
[0.887097] (cyclonedds) StdoutLine: {'line': b'-- Up-to-date: /workspace/install/cyclonedds/include/dds/ddsrt/types\n'}
[0.887197] (cyclonedds) StdoutLine: {'line': b'-- Up-to-date: /workspace/install/cyclonedds/include/dds/ddsrt/types/windows.h\n'}
[0.887298] (cyclonedds) StdoutLine: {'line': b'-- Up-to-date: /workspace/install/cyclonedds/include/dds/ddsrt/types/posix.h\n'}
[0.887398] (cyclonedds) StdoutLine: {'line': b'-- Up-to-date: /workspace/install/cyclonedds/include/dds/ddsrt/types/vxworks.h\n'}
[0.887499] (cyclonedds) StdoutLine: {'line': b'-- Up-to-date: /workspace/install/cyclonedds/include/dds/ddsrt/string.h\n'}
[0.887635] (cyclonedds) StdoutLine: {'line': b'-- Up-to-date: /workspace/install/cyclonedds/include/dds/ddsrt/strtol.h\n'}
[0.887738] (cyclonedds) StdoutLine: {'line': b'-- Up-to-date: /workspace/install/cyclonedds/include/dds/ddsrt/heap.h\n'}
[0.887841] (cyclonedds) StdoutLine: {'line': b'-- Up-to-date: /workspace/install/cyclonedds/include/dds/ddsrt/rusage.h\n'}
[0.887945] (cyclonedds) StdoutLine: {'line': b'-- Up-to-date: /workspace/install/cyclonedds/include/dds/ddsrt/ifaddrs.h\n'}
[0.888049] (cyclonedds) StdoutLine: {'line': b'-- Up-to-date: /workspace/install/cyclonedds/include/dds/ddsrt/bswap.h\n'}
[0.888148] (cyclonedds) StdoutLine: {'line': b'-- Up-to-date: /workspace/install/cyclonedds/include/dds/ddsrt/static_assert.h\n'}
[0.888645] (cyclonedds) StdoutLine: {'line': b'-- Up-to-date: /workspace/install/cyclonedds/include/dds/ddsrt/align.h\n'}
[0.889139] (cyclonedds) StdoutLine: {'line': b'-- Up-to-date: /workspace/install/cyclonedds/include/dds/ddsrt/dynlib.h\n'}
[0.889825] (cyclonedds) StdoutLine: {'line': b'-- Up-to-date: /workspace/install/cyclonedds/include\n'}
[0.891889] (cyclonedds) StdoutLine: {'line': b'-- Up-to-date: /workspace/install/cyclonedds/include/dds\n'}
[0.892746] (cyclonedds) StdoutLine: {'line': b'-- Up-to-date: /workspace/install/cyclonedds/include/dds/config.h\n'}
[0.893024] (cyclonedds) StdoutLine: {'line': b'-- Up-to-date: /workspace/install/cyclonedds/include/dds/features.h\n'}
[0.893153] (cyclonedds) StdoutLine: {'line': b'-- Up-to-date: /workspace/install/cyclonedds/include/dds/version.h\n'}
[0.893406] (explore_lite_msgs) StdoutLine: {'line': b'-- Up-to-date: /workspace/install/explore_lite_msgs/include/explore_lite_msgs/explore_lite_msgs/msg/detail/explore_status__type_support.c\n'}
[0.894586] (explore_lite_msgs) StdoutLine: {'line': b'-- Up-to-date: /workspace/install/explore_lite_msgs/lib/libexplore_lite_msgs__rosidl_typesupport_introspection_c.so\n'}
[0.897136] (explore_lite_msgs) StdoutLine: {'line': b'-- Up-to-date: /workspace/install/explore_lite_msgs/lib/libexplore_lite_msgs__rosidl_typesupport_c.so\n'}
[0.897332] (explore_lite_msgs) StdoutLine: {'line': b'-- Up-to-date: /workspace/install/explore_lite_msgs/include/explore_lite_msgs/explore_lite_msgs\n'}
[0.897467] (explore_lite_msgs) StdoutLine: {'line': b'-- Up-to-date: /workspace/install/explore_lite_msgs/include/explore_lite_msgs/explore_lite_msgs/msg\n'}
[0.897589] (explore_lite_msgs) StdoutLine: {'line': b'-- Up-to-date: /workspace/install/explore_lite_msgs/include/explore_lite_msgs/explore_lite_msgs/msg/explore_status.hpp\n'}
[0.897707] (explore_lite_msgs) StdoutLine: {'line': b'-- Up-to-date: /workspace/install/explore_lite_msgs/include/explore_lite_msgs/explore_lite_msgs/msg/detail\n'}
[0.897816] (explore_lite_msgs) StdoutLine: {'line': b'-- Up-to-date: /workspace/install/explore_lite_msgs/include/explore_lite_msgs/explore_lite_msgs/msg/detail/explore_status__traits.hpp\n'}
[0.897924] (cyclonedds) StdoutLine: {'line': b'-- Up-to-date: /workspace/install/cyclonedds/include/idl\n'}
[0.898054] (cyclonedds) StdoutLine: {'line': b'-- Up-to-date: /workspace/install/cyclonedds/include/idl/file.h\n'}
[0.898299] (cyclonedds) StdoutLine: {'line': b'-- Up-to-date: /workspace/install/cyclonedds/include/idl/visit.h\n'}
[0.898423] (cyclonedds) StdoutLine: {'line': b'-- Up-to-date: /workspace/install/cyclonedds/include/idl/stream.h\n'}
[0.898530] (cyclonedds) StdoutLine: {'line': b'-- Up-to-date: /workspace/install/cyclonedds/include/idl/retcode.h\n'}
[0.898635] (cyclonedds) StdoutLine: {'line': b'-- Up-to-date: /workspace/install/cyclonedds/include/idl/processor.h\n'}
[0.898738] (cyclonedds) StdoutLine: {'line': b'-- Up-to-date: /workspace/install/cyclonedds/include/idl/scope.h\n'}
[0.898843] (cyclonedds) StdoutLine: {'line': b'-- Up-to-date: /workspace/install/cyclonedds/include/idl/string.h\n'}
[0.898951] (cyclonedds) StdoutLine: {'line': b'-- Up-to-date: /workspace/install/cyclonedds/include/idl/tree.h\n'}
[0.899057] (cyclonedds) StdoutLine: {'line': b'-- Up-to-date: /workspace/install/cyclonedds/include/idl/symbol.h\n'}
[0.899188] (cyclonedds) StdoutLine: {'line': b'-- Up-to-date: /workspace/install/cyclonedds/include/idl/expression.h\n'}
[0.899292] (cyclonedds) StdoutLine: {'line': b'-- Up-to-date: /workspace/install/cyclonedds/include/idl/print.h\n'}
[0.899394] (cyclonedds) StdoutLine: {'line': b'-- Up-to-date: /workspace/install/cyclonedds/include/idl\n'}
[0.899497] (cyclonedds) StdoutLine: {'line': b'-- Up-to-date: /workspace/install/cyclonedds/include/idl/misc.h\n'}
[0.899599] (cyclonedds) StdoutLine: {'line': b'-- Up-to-date: /workspace/install/cyclonedds/include/idl/attributes.h\n'}
[0.899703] (cyclonedds) StdoutLine: {'line': b'-- Up-to-date: /workspace/install/cyclonedds/include/idl/md5.h\n'}
[0.899804] (cyclonedds) StdoutLine: {'line': b'-- Up-to-date: /workspace/install/cyclonedds/include/idl/version.h\n'}
[0.899906] (cyclonedds) StdoutLine: {'line': b'-- Up-to-date: /workspace/install/cyclonedds/include/idl/endian.h\n'}
[0.900010] (cyclonedds) StdoutLine: {'line': b'-- Up-to-date: /workspace/install/cyclonedds/include/idl/export.h\n'}
[0.900111] (cyclonedds) StdoutLine: {'line': b'-- Up-to-date: /workspace/install/cyclonedds/lib/libcycloneddsidl.so.0.10.2\n'}
[0.900217] (cyclonedds) StdoutLine: {'line': b'-- Up-to-date: /workspace/install/cyclonedds/lib/libcycloneddsidl.so.0\n'}
[0.900324] (explore_lite_msgs) StdoutLine: {'line': b'-- Up-to-date: /workspace/install/explore_lite_msgs/include/explore_lite_msgs/explore_lite_msgs/msg/detail/explore_status__builder.hpp\n'}
[0.900451] (explore_lite_msgs) StdoutLine: {'line': b'-- Up-to-date: /workspace/install/explore_lite_msgs/include/explore_lite_msgs/explore_lite_msgs/msg/detail/explore_status__struct.hpp\n'}
[0.900558] (explore_lite_msgs) StdoutLine: {'line': b'-- Up-to-date: /workspace/install/explore_lite_msgs/include/explore_lite_msgs/explore_lite_msgs/msg/detail/explore_status__type_support.hpp\n'}
[0.900665] (explore_lite_msgs) StdoutLine: {'line': b'-- Up-to-date: /workspace/install/explore_lite_msgs/include/explore_lite_msgs/explore_lite_msgs/msg/rosidl_generator_cpp__visibility_control.hpp\n'}
[0.900771] (explore_lite_msgs) StdoutLine: {'line': b'-- Up-to-date: /workspace/install/explore_lite_msgs/include/explore_lite_msgs/explore_lite_msgs\n'}
[0.900877] (explore_lite_msgs) StdoutLine: {'line': b'-- Up-to-date: /workspace/install/explore_lite_msgs/include/explore_lite_msgs/explore_lite_msgs/msg\n'}
[0.900978] (explore_lite_msgs) StdoutLine: {'line': b'-- Up-to-date: /workspace/install/explore_lite_msgs/include/explore_lite_msgs/explore_lite_msgs/msg/rosidl_typesupport_fastrtps_cpp__visibility_control.h\n'}
[0.901089] (explore_lite_msgs) StdoutLine: {'line': b'-- Up-to-date: /workspace/install/explore_lite_msgs/include/explore_lite_msgs/explore_lite_msgs/msg/detail\n'}
[0.901188] (explore_lite_msgs) StdoutLine: {'line': b'-- Up-to-date: /workspace/install/explore_lite_msgs/include/explore_lite_msgs/explore_lite_msgs/msg/detail/explore_status__rosidl_typesupport_fastrtps_cpp.hpp\n'}
[0.901293] (explore_lite_msgs) StdoutLine: {'line': b'-- Up-to-date: /workspace/install/explore_lite_msgs/include/explore_lite_msgs/explore_lite_msgs/msg/detail/dds_fastrtps\n'}
[0.901398] (explore_lite_msgs) StdoutLine: {'line': b'-- Up-to-date: /workspace/install/explore_lite_msgs/lib/libexplore_lite_msgs__rosidl_typesupport_fastrtps_cpp.so\n'}
[0.901500] (explore_lite_msgs) StdoutLine: {'line': b'-- Up-to-date: /workspace/install/explore_lite_msgs/include/explore_lite_msgs/explore_lite_msgs\n'}
[0.901603] (explore_lite_msgs) StdoutLine: {'line': b'-- Up-to-date: /workspace/install/explore_lite_msgs/include/explore_lite_msgs/explore_lite_msgs/msg\n'}
[0.901704] (explore_lite_msgs) StdoutLine: {'line': b'-- Up-to-date: /workspace/install/explore_lite_msgs/include/explore_lite_msgs/explore_lite_msgs/msg/detail\n'}
[0.901844] (explore_lite_msgs) StdoutLine: {'line': b'-- Up-to-date: /workspace/install/explore_lite_msgs/include/explore_lite_msgs/explore_lite_msgs/msg/detail/explore_status__rosidl_typesupport_introspection_cpp.hpp\n'}
[0.901954] (explore_lite_msgs) StdoutLine: {'line': b'-- Up-to-date: /workspace/install/explore_lite_msgs/include/explore_lite_msgs/explore_lite_msgs/msg/detail/explore_status__type_support.cpp\n'}
[0.902121] (cyclonedds) StdoutLine: {'line': b'-- Up-to-date: /workspace/install/cyclonedds/lib/libcycloneddsidl.so\n'}
[0.902251] (explore_lite_msgs) StdoutLine: {'line': b'-- Up-to-date: /workspace/install/explore_lite_msgs/lib/libexplore_lite_msgs__rosidl_typesupport_introspection_cpp.so\n'}
[0.902362] (cyclonedds) StdoutLine: {'line': b'-- Up-to-date: /workspace/install/cyclonedds/include\n'}
[0.902471] (cyclonedds) StdoutLine: {'line': b'-- Up-to-date: /workspace/install/cyclonedds/include/dds\n'}
[0.902578] (cyclonedds) StdoutLine: {'line': b'-- Up-to-date: /workspace/install/cyclonedds/include/dds/security\n'}
[0.902681] (cyclonedds) StdoutLine: {'line': b'-- Up-to-date: /workspace/install/cyclonedds/include/dds/security/dds_security_api_types.h\n'}
[0.902836] (explore_lite_msgs) StdoutLine: {'line': b'-- Up-to-date: /workspace/install/explore_lite_msgs/lib/libexplore_lite_msgs__rosidl_typesupport_cpp.so\n'}
[0.902950] (explore_lite_msgs) StdoutLine: {'line': b'-- Up-to-date: /workspace/install/explore_lite_msgs/share/explore_lite_msgs/environment/pythonpath.sh\n'}
[0.903054] (explore_lite_msgs) StdoutLine: {'line': b'-- Up-to-date: /workspace/install/explore_lite_msgs/share/explore_lite_msgs/environment/pythonpath.dsv\n'}
[0.903157] (explore_lite_msgs) StdoutLine: {'line': b'-- Up-to-date: /workspace/install/explore_lite_msgs/local/lib/python3.10/dist-packages/explore_lite_msgs-1.0.0-py3.10.egg-info\n'}
[0.903262] (explore_lite_msgs) StdoutLine: {'line': b'-- Installing: /workspace/install/explore_lite_msgs/local/lib/python3.10/dist-packages/explore_lite_msgs-1.0.0-py3.10.egg-info/dependency_links.txt\n'}
[0.903368] (explore_lite_msgs) StdoutLine: {'line': b'-- Installing: /workspace/install/explore_lite_msgs/local/lib/python3.10/dist-packages/explore_lite_msgs-1.0.0-py3.10.egg-info/top_level.txt\n'}
[0.903475] (explore_lite_msgs) StdoutLine: {'line': b'-- Installing: /workspace/install/explore_lite_msgs/local/lib/python3.10/dist-packages/explore_lite_msgs-1.0.0-py3.10.egg-info/PKG-INFO\n'}
[0.903577] (explore_lite_msgs) StdoutLine: {'line': b'-- Installing: /workspace/install/explore_lite_msgs/local/lib/python3.10/dist-packages/explore_lite_msgs-1.0.0-py3.10.egg-info/SOURCES.txt\n'}
[0.903721] (explore_lite_msgs) StdoutLine: {'line': b'-- Up-to-date: /workspace/install/explore_lite_msgs/local/lib/python3.10/dist-packages/explore_lite_msgs\n'}
[0.903824] (explore_lite_msgs) StdoutLine: {'line': b'-- Up-to-date: /workspace/install/explore_lite_msgs/local/lib/python3.10/dist-packages/explore_lite_msgs/libexplore_lite_msgs__rosidl_generator_py.so\n'}
[0.903928] (explore_lite_msgs) StdoutLine: {'line': b'-- Up-to-date: /workspace/install/explore_lite_msgs/local/lib/python3.10/dist-packages/explore_lite_msgs/_explore_lite_msgs_s.ep.rosidl_typesupport_fastrtps_c.c\n'}
[0.904035] (explore_lite_msgs) StdoutLine: {'line': b'-- Up-to-date: /workspace/install/explore_lite_msgs/local/lib/python3.10/dist-packages/explore_lite_msgs/explore_lite_msgs_s__rosidl_typesupport_fastrtps_c.cpython-310-aarch64-linux-gnu.so\n'}
[0.904140] (-) TimerEvent: {}
[0.904395] (explore_lite_msgs) StdoutLine: {'line': b'-- Up-to-date: /workspace/install/explore_lite_msgs/local/lib/python3.10/dist-packages/explore_lite_msgs/_explore_lite_msgs_s.ep.rosidl_typesupport_introspection_c.c\n'}
[0.904543] (explore_lite_msgs) StdoutLine: {'line': b'-- Up-to-date: /workspace/install/explore_lite_msgs/local/lib/python3.10/dist-packages/explore_lite_msgs/__init__.py\n'}
[0.904654] (explore_lite_msgs) StdoutLine: {'line': b'-- Up-to-date: /workspace/install/explore_lite_msgs/local/lib/python3.10/dist-packages/explore_lite_msgs/explore_lite_msgs_s__rosidl_typesupport_c.cpython-310-aarch64-linux-gnu.so\n'}
[0.904762] (explore_lite_msgs) StdoutLine: {'line': b'-- Up-to-date: /workspace/install/explore_lite_msgs/local/lib/python3.10/dist-packages/explore_lite_msgs/_explore_lite_msgs_s.ep.rosidl_typesupport_c.c\n'}
[0.904899] (explore_lite_msgs) StdoutLine: {'line': b'-- Up-to-date: /workspace/install/explore_lite_msgs/local/lib/python3.10/dist-packages/explore_lite_msgs/msg\n'}
[0.905003] (explore_lite_msgs) StdoutLine: {'line': b'-- Up-to-date: /workspace/install/explore_lite_msgs/local/lib/python3.10/dist-packages/explore_lite_msgs/msg/_explore_status.py\n'}
[0.905098] (explore_lite_msgs) StdoutLine: {'line': b'-- Up-to-date: /workspace/install/explore_lite_msgs/local/lib/python3.10/dist-packages/explore_lite_msgs/msg/__init__.py\n'}
[0.905194] (explore_lite_msgs) StdoutLine: {'line': b'-- Up-to-date: /workspace/install/explore_lite_msgs/local/lib/python3.10/dist-packages/explore_lite_msgs/msg/_explore_status_s.c\n'}
[0.905293] (explore_lite_msgs) StdoutLine: {'line': b'-- Up-to-date: /workspace/install/explore_lite_msgs/local/lib/python3.10/dist-packages/explore_lite_msgs/explore_lite_msgs_s__rosidl_typesupport_introspection_c.cpython-310-aarch64-linux-gnu.so\n'}
[0.905397] (cyclonedds) StdoutLine: {'line': b'-- Up-to-date: /workspace/install/cyclonedds/include/dds/security/dds_security_api_err.h\n'}
[0.905512] (cyclonedds) StdoutLine: {'line': b'-- Up-to-date: /workspace/install/cyclonedds/include/dds/security/dds_security_api_access_control.h\n'}
[0.905616] (cyclonedds) StdoutLine: {'line': b'-- Up-to-date: /workspace/install/cyclonedds/include/dds/security/dds_security_api_defs.h\n'}
[0.905719] (cyclonedds) StdoutLine: {'line': b'-- Up-to-date: /workspace/install/cyclonedds/include/dds/security/dds_security_api.h\n'}
[0.905826] (cyclonedds) StdoutLine: {'line': b'-- Up-to-date: /workspace/install/cyclonedds/include/dds/security/dds_security_api_authentication.h\n'}
[0.905931] (cyclonedds) StdoutLine: {'line': b'-- Up-to-date: /workspace/install/cyclonedds/include/dds/security/dds_security_api_cryptography.h\n'}
[0.906034] (cyclonedds) StdoutLine: {'line': b'-- Up-to-date: /workspace/install/cyclonedds/include/dds/security/core/\n'}
[0.906166] (cyclonedds) StdoutLine: {'line': b'-- Up-to-date: /workspace/install/cyclonedds/include/dds/security/core//dds_security_fsm.h\n'}
[0.906271] (cyclonedds) StdoutLine: {'line': b'-- Up-to-date: /workspace/install/cyclonedds/include/dds/security/core//dds_security_types.h\n'}
[0.906374] (cyclonedds) StdoutLine: {'line': b'-- Up-to-date: /workspace/install/cyclonedds/include/dds/security/core//dds_security_serialize.h\n'}
[0.906479] (cyclonedds) StdoutLine: {'line': b'-- Up-to-date: /workspace/install/cyclonedds/include/dds/security/core//dds_security_timed_cb.h\n'}
[0.906735] (cyclonedds) StdoutLine: {'line': b'-- Up-to-date: /workspace/install/cyclonedds/include/dds/security/core//shared_secret.h\n'}
[0.906940] (cyclonedds) StdoutLine: {'line': b'-- Up-to-date: /workspace/install/cyclonedds/include/dds/security/core//dds_security_utils.h\n'}
[0.908144] (cyclonedds) StdoutLine: {'line': b'-- Up-to-date: /workspace/install/cyclonedds/include/dds/security/core//dds_security_plugins.h\n'}
[0.908689] (cyclonedds) StdoutLine: {'line': b'-- Up-to-date: /workspace/install/cyclonedds/lib/libdds_security_ac.so\n'}
[0.909423] (cyclonedds) StdoutLine: {'line': b'-- Up-to-date: /workspace/install/cyclonedds/lib/libdds_security_auth.so\n'}
[0.909803] (cyclonedds) StdoutLine: {'line': b'-- Up-to-date: /workspace/install/cyclonedds/lib/libdds_security_crypto.so\n'}
[0.910001] (cyclonedds) StdoutLine: {'line': b'-- Up-to-date: /workspace/install/cyclonedds/include\n'}
[0.910349] (cyclonedds) StdoutLine: {'line': b'-- Up-to-date: /workspace/install/cyclonedds/include/dds\n'}
[0.910556] (cyclonedds) StdoutLine: {'line': b'-- Up-to-date: /workspace/install/cyclonedds/include/dds/ddsi\n'}
[0.910965] (cyclonedds) StdoutLine: {'line': b'-- Up-to-date: /workspace/install/cyclonedds/include/dds/ddsi/ddsi_guid.h\n'}
[0.911385] (cyclonedds) StdoutLine: {'line': b'-- Up-to-date: /workspace/install/cyclonedds/include/dds/ddsi/q_misc.h\n'}
[0.912078] (cyclonedds) StdoutLine: {'line': b'-- Up-to-date: /workspace/install/cyclonedds/include/dds/ddsi/ddsi_proxy_participant.h\n'}
[0.912491] (cyclonedds) StdoutLine: {'line': b'-- Up-to-date: /workspace/install/cyclonedds/include/dds/ddsi/ddsi_entity.h\n'}
[0.912818] (cyclonedds) StdoutLine: {'line': b'-- Up-to-date: /workspace/install/cyclonedds/include/dds/ddsi/ddsi_xt_impl.h\n'}
[0.913042] (cyclonedds) StdoutLine: {'line': b'-- Up-to-date: /workspace/install/cyclonedds/include/dds/ddsi/q_xevent.h\n'}
[0.913425] (cyclonedds) StdoutLine: {'line': b'-- Up-to-date: /workspace/install/cyclonedds/include/dds/ddsi/ddsi_ownip.h\n'}
[0.913798] (cyclonedds) StdoutLine: {'line': b'-- Up-to-date: /workspace/install/cyclonedds/include/dds/ddsi/ddsi_vnet.h\n'}
[0.914059] (cyclonedds) StdoutLine: {'line': b'-- Up-to-date: /workspace/install/cyclonedds/include/dds/ddsi/q_debmon.h\n'}
[0.914845] (cyclonedds) StdoutLine: {'line': b'-- Up-to-date: /workspace/install/cyclonedds/include/dds/ddsi/ddsi_entity_match.h\n'}
[0.915051] (cyclonedds) StdoutLine: {'line': b'-- Up-to-date: /workspace/install/cyclonedds/include/dds/ddsi/ddsi_security_msg.h\n'}
[0.915183] (cyclonedds) StdoutLine: {'line': b'-- Up-to-date: /workspace/install/cyclonedds/include/dds/ddsi/ddsi_typelib.h\n'}
[0.915887] (cyclonedds) StdoutLine: {'line': b'-- Up-to-date: /workspace/install/cyclonedds/include/dds/ddsi/ddsi_tcp.h\n'}
[0.916120] (cyclonedds) StdoutLine: {'line': b'-- Up-to-date: /workspace/install/cyclonedds/include/dds/ddsi/ddsi_statistics.h\n'}
[0.916343] (cyclonedds) StdoutLine: {'line': b'-- Up-to-date: /workspace/install/cyclonedds/include/dds/ddsi/ddsi_endpoint.h\n'}
[0.916569] (cyclonedds) StdoutLine: {'line': b'-- Up-to-date: /workspace/install/cyclonedds/include/dds/ddsi/ddsi_vendor.h\n'}
[0.916866] (cyclonedds) StdoutLine: {'line': b'-- Up-to-date: /workspace/install/cyclonedds/include/dds/ddsi/q_inverse_uint32_set.h\n'}
[0.917137] (cyclonedds) StdoutLine: {'line': b'-- Up-to-date: /workspace/install/cyclonedds/include/dds/ddsi/q_qosmatch.h\n'}
[0.917334] (cyclonedds) StdoutLine: {'line': b'-- Up-to-date: /workspace/install/cyclonedds/include/dds/ddsi/ddsi_proxy_endpoint.h\n'}
[0.917500] (cyclonedds) StdoutLine: {'line': b'-- Up-to-date: /workspace/install/cyclonedds/include/dds/ddsi/ddsi_plist_generic.h\n'}
[0.917767] (cyclonedds) StdoutLine: {'line': b'-- Up-to-date: /workspace/install/cyclonedds/include/dds/ddsi/q_log.h\n'}
[0.917955] (cyclonedds) StdoutLine: {'line': b'-- Up-to-date: /workspace/install/cyclonedds/include/dds/ddsi/ddsi_list_tmpl.h\n'}
[0.918236] (cyclonedds) StdoutLine: {'line': b'-- Up-to-date: /workspace/install/cyclonedds/include/dds/ddsi/ddsi_locator.h\n'}
[0.918400] (cyclonedds) StdoutLine: {'line': b'-- Up-to-date: /workspace/install/cyclonedds/include/dds/ddsi/ddsi_xt_typeinfo.h\n'}
[0.918659] (cyclonedds) StdoutLine: {'line': b'-- Up-to-date: /workspace/install/cyclonedds/include/dds/ddsi/ddsi_typebuilder.h\n'}
[0.918822] (cyclonedds) StdoutLine: {'line': b'-- Up-to-date: /workspace/install/cyclonedds/include/dds/ddsi/q_radmin.h\n'}
[0.919308] (cyclonedds) StdoutLine: {'line': b'-- Up-to-date: /workspace/install/cyclonedds/include/dds/ddsi/ddsi_lifespan.h\n'}
[0.919553] (cyclonedds) StdoutLine: {'line': b'-- Up-to-date: /workspace/install/cyclonedds/include/dds/ddsi/q_freelist.h\n'}
[0.919664] (cyclonedds) StdoutLine: {'line': b'-- Up-to-date: /workspace/install/cyclonedds/include/dds/ddsi/ddsi_sertype.h\n'}
[0.919768] (cyclonedds) StdoutLine: {'line': b'-- Up-to-date: /workspace/install/cyclonedds/include/dds/ddsi/q_rtps.h\n'}
[0.919874] (cyclonedds) StdoutLine: {'line': b'-- Up-to-date: /workspace/install/cyclonedds/include/dds/ddsi/ddsi_xt_typelookup.h\n'}
[0.920028] (cyclonedds) StdoutLine: {'line': b'-- Up-to-date: /workspace/install/cyclonedds/include/dds/ddsi/q_protocol.h\n'}
[0.920137] (cyclonedds) StdoutLine: {'line': b'-- Up-to-date: /workspace/install/cyclonedds/include/dds/ddsi/ddsi_builtin_topic_if.h\n'}
[0.920247] (cyclonedds) StdoutLine: {'line': b'-- Up-to-date: /workspace/install/cyclonedds/include/dds/ddsi/ddsi_pmd.h\n'}
[0.920353] (cyclonedds) StdoutLine: {'line': b'-- Up-to-date: /workspace/install/cyclonedds/include/dds/ddsi/ddsi_domaingv.h\n'}
[0.920457] (cyclonedds) StdoutLine: {'line': b'-- Up-to-date: /workspace/install/cyclonedds/include/dds/ddsi/ddsi_config_impl.h\n'}
[0.920584] (cyclonedds) StdoutLine: {'line': b'-- Up-to-date: /workspace/install/cyclonedds/include/dds/ddsi/ddsi_serdata.h\n'}
[0.920695] (cyclonedds) StdoutLine: {'line': b'-- Up-to-date: /workspace/install/cyclonedds/include/dds/ddsi/q_lat_estim.h\n'}
[0.920803] (cyclonedds) StdoutLine: {'line': b'-- Up-to-date: /workspace/install/cyclonedds/include/dds/ddsi/ddsi_security_exchange.h\n'}
[0.920907] (cyclonedds) StdoutLine: {'line': b'-- Up-to-date: /workspace/install/cyclonedds/include/dds/ddsi/ddsi_participant.h\n'}
[0.921008] (cyclonedds) StdoutLine: {'line': b'-- Up-to-date: /workspace/install/cyclonedds/include/dds/ddsi/ddsi_xt_typelookup.idl\n'}
[0.921115] (cyclonedds) StdoutLine: {'line': b'-- Up-to-date: /workspace/install/cyclonedds/include/dds/ddsi/ddsi_portmapping.h\n'}
[0.921216] (cyclonedds) StdoutLine: {'line': b'-- Up-to-date: /workspace/install/cyclonedds/include/dds/ddsi/ddsi_config.h\n'}
[0.921320] (cyclonedds) StdoutLine: {'line': b'-- Up-to-date: /workspace/install/cyclonedds/include/dds/ddsi/ddsi_cdrstream.h\n'}
[0.921422] (cyclonedds) StdoutLine: {'line': b'-- Up-to-date: /workspace/install/cyclonedds/include/dds/ddsi/q_addrset.h\n'}
[0.921522] (cyclonedds) StdoutLine: {'line': b'-- Up-to-date: /workspace/install/cyclonedds/include/dds/ddsi/ddsi_threadmon.h\n'}
[0.921625] (cyclonedds) StdoutLine: {'line': b'-- Up-to-date: /workspace/install/cyclonedds/include/dds/ddsi/ddsi_sertopic.h\n'}
[0.921727] (cyclonedds) StdoutLine: {'line': b'-- Up-to-date: /workspace/install/cyclonedds/include/dds/ddsi/q_hbcontrol.h\n'}
[0.921828] (cyclonedds) StdoutLine: {'line': b'-- Up-to-date: /workspace/install/cyclonedds/include/dds/ddsi/ddsi_ssl.h\n'}
[0.921928] (cyclonedds) StdoutLine: {'line': b'-- Up-to-date: /workspace/install/cyclonedds/include/dds/ddsi/ddsi_cfgelems.h\n'}
[0.922029] (cyclonedds) StdoutLine: {'line': b'-- Up-to-date: /workspace/install/cyclonedds/include/dds/ddsi/ddsi_deliver_locally.h\n'}
[0.922166] (cyclonedds) StdoutLine: {'line': b'-- Up-to-date: /workspace/install/cyclonedds/include/dds/ddsi/ddsi_tkmap.h\n'}
[0.922450] (cyclonedds) StdoutLine: {'line': b'-- Up-to-date: /workspace/install/cyclonedds/include/dds/ddsi/q_xmsg.h\n'}
[0.922661] (cyclonedds) StdoutLine: {'line': b'-- Up-to-date: /workspace/install/cyclonedds/include/dds/ddsi/q_feature_check.h\n'}
[0.922938] (cyclonedds) StdoutLine: {'line': b'-- Up-to-date: /workspace/install/cyclonedds/include/dds/ddsi/ddsi_iid.h\n'}
[0.923093] (cyclonedds) StdoutLine: {'line': b'-- Up-to-date: /workspace/install/cyclonedds/include/dds/ddsi/ddsi_raweth.h\n'}
[0.923622] (cyclonedds) StdoutLine: {'line': b'-- Up-to-date: /workspace/install/cyclonedds/include/dds/ddsi/ddsi_xt_typemap.h\n'}
[0.923774] (cyclonedds) StdoutLine: {'line': b'-- Up-to-date: /workspace/install/cyclonedds/include/dds/ddsi/q_bswap.h\n'}
[0.924138] (cyclonedds) StdoutLine: {'line': b'-- Up-to-date: /workspace/install/cyclonedds/include/dds/ddsi/ddsi_mcgroup.h\n'}
[0.924310] (cyclonedds) StdoutLine: {'line': b'-- Up-to-date: /workspace/install/cyclonedds/include/dds/ddsi/ddsi_rhc.h\n'}
[0.924547] (cyclonedds) StdoutLine: {'line': b'-- Up-to-date: /workspace/install/cyclonedds/include/dds/ddsi/ddsi_xt_typemap.idl\n'}
[0.924733] (cyclonedds) StdoutLine: {'line': b'-- Up-to-date: /workspace/install/cyclonedds/include/dds/ddsi/q_init.h\n'}
[0.925235] (cyclonedds) StdoutLine: {'line': b'-- Up-to-date: /workspace/install/cyclonedds/include/dds/ddsi/q_whc.h\n'}
[0.925382] (cyclonedds) StdoutLine: {'line': b'-- Up-to-date: /workspace/install/cyclonedds/include/dds/ddsi/sysdeps.h\n'}
[0.925507] (cyclonedds) StdoutLine: {'line': b'-- Up-to-date: /workspace/install/cyclonedds/include/dds/ddsi/ddsi_udp.h\n'}
[0.925911] (cyclonedds) StdoutLine: {'line': b'-- Up-to-date: /workspace/install/cyclonedds/include/dds/ddsi/ddsi_acknack.h\n'}
[0.926157] (cyclonedds) StdoutLine: {'line': b'-- Up-to-date: /workspace/install/cyclonedds/include/dds/ddsi/ddsi_keyhash.h\n'}
[0.926348] (cyclonedds) StdoutLine: {'line': b'-- Up-to-date: /workspace/install/cyclonedds/include/dds/ddsi/ddsi_ipaddr.h\n'}
[0.926681] (cyclonedds) StdoutLine: {'line': b'-- Up-to-date: /workspace/install/cyclonedds/include/dds/ddsi/q_bitset.h\n'}
[0.926944] (cyclonedds) StdoutLine: {'line': b'-- Up-to-date: /workspace/install/cyclonedds/include/dds/ddsi/ddsi_plist.h\n'}
[0.927084] (cyclonedds) StdoutLine: {'line': b'-- Up-to-date: /workspace/install/cyclonedds/include/dds/ddsi/ddsi_handshake.h\n'}
[0.927357] (cyclonedds) StdoutLine: {'line': b'-- Up-to-date: /workspace/install/cyclonedds/include/dds/ddsi/q_transmit.h\n'}
[0.927504] (cyclonedds) StdoutLine: {'line': b'-- Up-to-date: /workspace/install/cyclonedds/include/dds/ddsi/ddsi_list_genptr.h\n'}
[0.927685] (cyclonedds) StdoutLine: {'line': b'-- Up-to-date: /workspace/install/cyclonedds/include/dds/ddsi/ddsi_wraddrset.h\n'}
[0.927924] (cyclonedds) StdoutLine: {'line': b'-- Up-to-date: /workspace/install/cyclonedds/include/dds/ddsi/q_pcap.h\n'}
[0.928063] (cyclonedds) StdoutLine: {'line': b'-- Up-to-date: /workspace/install/cyclonedds/include/dds/ddsi/q_sockwaitset.h\n'}
[0.928335] (cyclonedds) StdoutLine: {'line': b'-- Up-to-date: /workspace/install/cyclonedds/include/dds/ddsi/ddsi_entity_index.h\n'}
[0.928499] (cyclonedds) StdoutLine: {'line': b'-- Up-to-date: /workspace/install/cyclonedds/include/dds/ddsi/q_receive.h\n'}
[0.928726] (cyclonedds) StdoutLine: {'line': b'-- Up-to-date: /workspace/install/cyclonedds/include/dds/ddsi/ddsi_serdata_pserop.h\n'}
[0.929616] (cyclonedds) StdoutLine: {'line': b'-- Up-to-date: /workspace/install/cyclonedds/include/dds/ddsi/ddsi_typewrap.h\n'}
[0.930073] (cyclonedds) StdoutLine: {'line': b'-- Up-to-date: /workspace/install/cyclonedds/include/dds/ddsi/ddsi_typelookup.h\n'}
[0.930400] (cyclonedds) StdoutLine: {'line': b'-- Up-to-date: /workspace/install/cyclonedds/include/dds/ddsi/ddsi_xt_typeinfo.idl\n'}
[0.930584] (cyclonedds) StdoutLine: {'line': b'-- Up-to-date: /workspace/install/cyclonedds/include/dds/ddsi/q_thread.h\n'}
[0.930744] (cyclonedds) StdoutLine: {'line': b'-- Up-to-date: /workspace/install/cyclonedds/include/dds/ddsi/ddsi_deadline.h\n'}
[0.931054] (cyclonedds) StdoutLine: {'line': b'-- Up-to-date: /workspace/install/cyclonedds/include/dds/ddsi/q_lease.h\n'}
[0.931264] (cyclonedds) StdoutLine: {'line': b'-- Up-to-date: /workspace/install/cyclonedds/include/dds/ddsi/q_ddsi_discovery.h\n'}
[0.931803] (cyclonedds) StdoutLine: {'line': b'-- Up-to-date: /workspace/install/cyclonedds/include/dds/ddsi/ddsi_time.h\n'}
[0.932040] (cyclonedds) StdoutLine: {'line': b'-- Up-to-date: /workspace/install/cyclonedds/include/dds/ddsi/q_gc.h\n'}
[0.932287] (cyclonedds) StdoutLine: {'line': b'-- Up-to-date: /workspace/install/cyclonedds/include/dds/ddsi/ddsi_serdata_plist.h\n'}
[0.932437] (cyclonedds) StdoutLine: {'line': b'-- Up-to-date: /workspace/install/cyclonedds/include/dds/ddsi/ddsi_tran.h\n'}
[0.932580] (cyclonedds) StdoutLine: {'line': b'-- Up-to-date: /workspace/install/cyclonedds/include/dds/ddsi/ddsi_cfgunits.h\n'}
[0.932756] (cyclonedds) StdoutLine: {'line': b'-- Up-to-date: /workspace/install/cyclonedds/include/dds/ddsi/ddsi_security_util.h\n'}
[0.934338] (cyclonedds) StdoutLine: {'line': b'-- Up-to-date: /workspace/install/cyclonedds/include/dds/ddsi/ddsi_topic.h\n'}
[0.935295] (cyclonedds) StdoutLine: {'line': b'-- Up-to-date: /workspace/install/cyclonedds/include/dds/ddsi/ddsi_serdata_default.h\n'}
[0.935557] (cyclonedds) StdoutLine: {'line': b'-- Up-to-date: /workspace/install/cyclonedds/include/dds/ddsi/ddsi_security_omg.h\n'}
[0.935928] (cyclonedds) StdoutLine: {'line': b'-- Up-to-date: /workspace/install/cyclonedds/include/dds/ddsi/q_unused.h\n'}
[0.936259] (cyclonedds) StdoutLine: {'line': b'-- Up-to-date: /workspace/install/cyclonedds/include/dds/ddsi/ddsi_shm_transport.h\n'}
[0.936765] (cyclonedds) StdoutLine: {'line': b'-- Up-to-date: /workspace/install/cyclonedds/include/dds/ddsi/ddsi_xqos.h\n'}
[0.937017] (cyclonedds) StdoutLine: {'line': b'-- Up-to-date: /workspace/install/cyclonedds/include\n'}
[0.937216] (cyclonedds) StdoutLine: {'line': b'-- Up-to-date: /workspace/install/cyclonedds/include/ddsc\n'}
[0.937805] (cyclonedds) StdoutLine: {'line': b'-- Up-to-date: /workspace/install/cyclonedds/include/ddsc/dds.h\n'}
[0.938041] (cyclonedds) StdoutLine: {'line': b'-- Up-to-date: /workspace/install/cyclonedds/include/dds\n'}
[0.938695] (cyclonedds) StdoutLine: {'line': b'-- Up-to-date: /workspace/install/cyclonedds/include/dds/ddsc\n'}
[0.938887] (cyclonedds) StdoutLine: {'line': b'-- Up-to-date: /workspace/install/cyclonedds/include/dds/ddsc/dds_public_qos.h\n'}
[0.939093] (cyclonedds) StdoutLine: {'line': b'-- Up-to-date: /workspace/install/cyclonedds/include/dds/ddsc/dds_internal_api.h\n'}
[0.939864] (cyclonedds) StdoutLine: {'line': b'-- Up-to-date: /workspace/install/cyclonedds/include/dds/ddsc/dds_opcodes.h\n'}
[0.940491] (cyclonedds) StdoutLine: {'line': b'-- Up-to-date: /workspace/install/cyclonedds/include/dds/ddsc/dds_public_alloc.h\n'}
[0.941338] (cyclonedds) StdoutLine: {'line': b'-- Up-to-date: /workspace/install/cyclonedds/include/dds/ddsc/dds_data_allocator.h\n'}
[0.941720] (cyclonedds) StdoutLine: {'line': b'-- Up-to-date: /workspace/install/cyclonedds/include/dds/ddsc/dds_loan_api.h\n'}
[0.942421] (cyclonedds) StdoutLine: {'line': b'-- Up-to-date: /workspace/install/cyclonedds/include/dds/ddsc/dds_public_listener.h\n'}
[0.942635] (cyclonedds) StdoutLine: {'line': b'-- Up-to-date: /workspace/install/cyclonedds/include/dds/ddsc/dds_rhc.h\n'}
[0.942951] (cyclonedds) StdoutLine: {'line': b'-- Up-to-date: /workspace/install/cyclonedds/include/dds/ddsc/dds_statistics.h\n'}
[0.943251] (cyclonedds) StdoutLine: {'line': b'-- Up-to-date: /workspace/install/cyclonedds/include/dds/ddsc/dds_public_impl.h\n'}
[0.943705] (cyclonedds) StdoutLine: {'line': b'-- Up-to-date: /workspace/install/cyclonedds/include/dds/ddsc/dds_public_qosdefs.h\n'}
[0.943877] (cyclonedds) StdoutLine: {'line': b'-- Up-to-date: /workspace/install/cyclonedds/include/dds/ddsc/dds_basic_types.h\n'}
[0.944062] (cyclonedds) StdoutLine: {'line': b'-- Up-to-date: /workspace/install/cyclonedds/include/dds/ddsc/dds_public_error.h\n'}
[0.944194] (cyclonedds) StdoutLine: {'line': b'-- Up-to-date: /workspace/install/cyclonedds/include/dds/ddsc/dds_public_status.h\n'}
[0.944623] (cyclonedds) StdoutLine: {'line': b'-- Up-to-date: /workspace/install/cyclonedds/include/dds/dds.h\n'}
[0.945202] (cyclonedds) StdoutLine: {'line': b'-- Up-to-date: /workspace/install/cyclonedds/include\n'}
[0.945417] (cyclonedds) StdoutLine: {'line': b'-- Up-to-date: /workspace/install/cyclonedds/include/dds\n'}
[0.945626] (cyclonedds) StdoutLine: {'line': b'-- Up-to-date: /workspace/install/cyclonedds/include/dds/export.h\n'}
[0.946788] (cyclonedds) StdoutLine: {'line': b'-- Up-to-date: /workspace/install/cyclonedds/lib/libddsc.so.0.10.2\n'}
[0.947820] (cyclonedds) StdoutLine: {'line': b'-- Up-to-date: /workspace/install/cyclonedds/lib/libddsc.so.0\n'}
[0.947976] (cyclonedds) StdoutLine: {'line': b'-- Up-to-date: /workspace/install/cyclonedds/lib/libddsc.so\n'}
[0.948184] (cyclonedds) StdoutLine: {'line': b'-- Up-to-date: /workspace/install/cyclonedds/share/doc/CycloneDDS/CONTRIBUTING.md\n'}
[0.948436] (cyclonedds) StdoutLine: {'line': b'-- Up-to-date: /workspace/install/cyclonedds/share/doc/CycloneDDS/CYCLONEDDS_QUALITY_DECLARATION.md\n'}
[0.948988] (cyclonedds) StdoutLine: {'line': b'-- Up-to-date: /workspace/install/cyclonedds/share/doc/CycloneDDS/LICENSE\n'}
[0.949235] (cyclonedds) StdoutLine: {'line': b'-- Up-to-date: /workspace/install/cyclonedds/share/doc/CycloneDDS/NOTICE.md\n'}
[0.949878] (cyclonedds) StdoutLine: {'line': b'-- Up-to-date: /workspace/install/cyclonedds/share/doc/CycloneDDS/README.md\n'}
[0.950175] (cyclonedds) StdoutLine: {'line': b'-- Up-to-date: /workspace/install/cyclonedds/share/doc/CycloneDDS/CHANGELOG.rst\n'}
[0.950371] (cyclonedds) CommandEnded: {'returncode': 0}
[0.950876] (multirobot_map_merge) StdoutLine: {'line': b'[ 16%] Built target gtest_main\n'}
[0.951340] (multirobot_map_merge) StdoutLine: {'line': b'[ 50%] Built target combine_grids\n'}
[0.951603] (explore_lite_msgs) StdoutLine: {'line': b"Listing '/workspace/install/explore_lite_msgs/local/lib/python3.10/dist-packages/explore_lite_msgs'...\n"}
[0.952250] (explore_lite_msgs) StdoutLine: {'line': b"Listing '/workspace/install/explore_lite_msgs/local/lib/python3.10/dist-packages/explore_lite_msgs/msg'...\n"}
[0.952461] (multirobot_map_merge) StdoutLine: {'line': b'[ 66%] Built target gtest\n'}
[0.952708] (explore_lite_msgs) StdoutLine: {'line': b'-- Up-to-date: /workspace/install/explore_lite_msgs/local/lib/python3.10/dist-packages/explore_lite_msgs/explore_lite_msgs_s__rosidl_typesupport_fastrtps_c.cpython-310-aarch64-linux-gnu.so\n'}
[0.953102] (explore_lite_msgs) StdoutLine: {'line': b'-- Up-to-date: /workspace/install/explore_lite_msgs/local/lib/python3.10/dist-packages/explore_lite_msgs/explore_lite_msgs_s__rosidl_typesupport_introspection_c.cpython-310-aarch64-linux-gnu.so\n'}
[0.953973] (explore_lite_msgs) StdoutLine: {'line': b'-- Up-to-date: /workspace/install/explore_lite_msgs/local/lib/python3.10/dist-packages/explore_lite_msgs/explore_lite_msgs_s__rosidl_typesupport_c.cpython-310-aarch64-linux-gnu.so\n'}
[0.954851] (explore_lite_msgs) StdoutLine: {'line': b'-- Up-to-date: /workspace/install/explore_lite_msgs/lib/libexplore_lite_msgs__rosidl_generator_py.so\n'}
[0.955708] (explore_lite_msgs) StdoutLine: {'line': b'-- Up-to-date: /workspace/install/explore_lite_msgs/share/ament_index/resource_index/rust_packages/explore_lite_msgs\n'}
[0.956268] (explore_lite_msgs) StdoutLine: {'line': b'-- Up-to-date: /workspace/install/explore_lite_msgs/share/explore_lite_msgs/rust\n'}
[0.956446] (explore_lite_msgs) StdoutLine: {'line': b'-- Up-to-date: /workspace/install/explore_lite_msgs/share/explore_lite_msgs/rust/build.rs\n'}
[0.956575] (explore_lite_msgs) StdoutLine: {'line': b'-- Up-to-date: /workspace/install/explore_lite_msgs/share/explore_lite_msgs/rust/src\n'}
[0.956688] (explore_lite_msgs) StdoutLine: {'line': b'-- Up-to-date: /workspace/install/explore_lite_msgs/share/explore_lite_msgs/rust/src/msg.rs\n'}
[0.956993] (explore_lite_msgs) StdoutLine: {'line': b'-- Up-to-date: /workspace/install/explore_lite_msgs/share/explore_lite_msgs/rust/src/lib.rs\n'}
[0.957127] (explore_lite_msgs) StdoutLine: {'line': b'-- Up-to-date: /workspace/install/explore_lite_msgs/share/explore_lite_msgs/rust/src/msg\n'}
[0.957528] (explore_lite_msgs) StdoutLine: {'line': b'-- Up-to-date: /workspace/install/explore_lite_msgs/share/explore_lite_msgs/rust/src/msg/rmw.rs\n'}
[0.957941] (explore_lite_msgs) StdoutLine: {'line': b'-- Up-to-date: /workspace/install/explore_lite_msgs/share/explore_lite_msgs/rust/Cargo.toml\n'}
[0.958101] (explore_lite_msgs) StdoutLine: {'line': b'-- Up-to-date: /workspace/install/explore_lite_msgs/share/explore_lite_msgs/msg/ExploreStatus.idl\n'}
[0.958227] (explore_lite_msgs) StdoutLine: {'line': b'-- Up-to-date: /workspace/install/explore_lite_msgs/share/explore_lite_msgs/msg/ExploreStatus.msg\n'}
[0.958336] (explore_lite_msgs) StdoutLine: {'line': b'-- Up-to-date: /workspace/install/explore_lite_msgs/share/ament_index/resource_index/package_run_dependencies/explore_lite_msgs\n'}
[0.958445] (explore_lite_msgs) StdoutLine: {'line': b'-- Up-to-date: /workspace/install/explore_lite_msgs/share/ament_index/resource_index/parent_prefix_path/explore_lite_msgs\n'}
[0.958600] (explore_lite_msgs) StdoutLine: {'line': b'-- Up-to-date: /workspace/install/explore_lite_msgs/share/explore_lite_msgs/environment/ament_prefix_path.sh\n'}
[0.958716] (explore_lite_msgs) StdoutLine: {'line': b'-- Up-to-date: /workspace/install/explore_lite_msgs/share/explore_lite_msgs/environment/ament_prefix_path.dsv\n'}
[0.958824] (explore_lite_msgs) StdoutLine: {'line': b'-- Up-to-date: /workspace/install/explore_lite_msgs/share/explore_lite_msgs/environment/path.sh\n'}
[0.958939] (explore_lite_msgs) StdoutLine: {'line': b'-- Up-to-date: /workspace/install/explore_lite_msgs/share/explore_lite_msgs/environment/path.dsv\n'}
[0.959124] (explore_lite_msgs) StdoutLine: {'line': b'-- Up-to-date: /workspace/install/explore_lite_msgs/share/explore_lite_msgs/local_setup.bash\n'}
[0.959513] (explore_lite_msgs) StdoutLine: {'line': b'-- Up-to-date: /workspace/install/explore_lite_msgs/share/explore_lite_msgs/local_setup.sh\n'}
[0.960084] (explore_lite_msgs) StdoutLine: {'line': b'-- Up-to-date: /workspace/install/explore_lite_msgs/share/explore_lite_msgs/local_setup.zsh\n'}
[0.960291] (explore_lite_msgs) StdoutLine: {'line': b'-- Up-to-date: /workspace/install/explore_lite_msgs/share/explore_lite_msgs/local_setup.dsv\n'}
[0.961340] (explore_lite_msgs) StdoutLine: {'line': b'-- Installing: /workspace/install/explore_lite_msgs/share/explore_lite_msgs/package.dsv\n'}
[0.961526] (explore_lite_msgs) StdoutLine: {'line': b'-- Up-to-date: /workspace/install/explore_lite_msgs/share/ament_index/resource_index/packages/explore_lite_msgs\n'}
[0.963670] (explore_lite_msgs) StdoutLine: {'line': b'-- Up-to-date: /workspace/install/explore_lite_msgs/share/explore_lite_msgs/cmake/export_explore_lite_msgs__rosidl_generator_cExport.cmake\n'}
[0.964058] (explore_lite_msgs) StdoutLine: {'line': b'-- Up-to-date: /workspace/install/explore_lite_msgs/share/explore_lite_msgs/cmake/export_explore_lite_msgs__rosidl_generator_cExport-noconfig.cmake\n'}
[0.964522] (explore_lite_msgs) StdoutLine: {'line': b'-- Up-to-date: /workspace/install/explore_lite_msgs/share/explore_lite_msgs/cmake/export_explore_lite_msgs__rosidl_typesupport_fastrtps_cExport.cmake\n'}
[0.965582] (explore_lite_msgs) StdoutLine: {'line': b'-- Up-to-date: /workspace/install/explore_lite_msgs/share/explore_lite_msgs/cmake/export_explore_lite_msgs__rosidl_typesupport_fastrtps_cExport-noconfig.cmake\n'}
[0.965770] (explore_lite_msgs) StdoutLine: {'line': b'-- Up-to-date: /workspace/install/explore_lite_msgs/share/explore_lite_msgs/cmake/explore_lite_msgs__rosidl_typesupport_introspection_cExport.cmake\n'}
[0.965954] (explore_lite_msgs) StdoutLine: {'line': b'-- Up-to-date: /workspace/install/explore_lite_msgs/share/explore_lite_msgs/cmake/explore_lite_msgs__rosidl_typesupport_introspection_cExport-noconfig.cmake\n'}
[0.966294] (explore_lite_msgs) StdoutLine: {'line': b'-- Up-to-date: /workspace/install/explore_lite_msgs/share/explore_lite_msgs/cmake/explore_lite_msgs__rosidl_typesupport_cExport.cmake\n'}
[0.966595] (explore_lite_msgs) StdoutLine: {'line': b'-- Up-to-date: /workspace/install/explore_lite_msgs/share/explore_lite_msgs/cmake/explore_lite_msgs__rosidl_typesupport_cExport-noconfig.cmake\n'}
[0.967768] (explore_lite_msgs) StdoutLine: {'line': b'-- Up-to-date: /workspace/install/explore_lite_msgs/share/explore_lite_msgs/cmake/export_explore_lite_msgs__rosidl_generator_cppExport.cmake\n'}
[0.967919] (explore_lite_msgs) StdoutLine: {'line': b'-- Up-to-date: /workspace/install/explore_lite_msgs/share/explore_lite_msgs/cmake/export_explore_lite_msgs__rosidl_typesupport_fastrtps_cppExport.cmake\n'}
[0.968101] (explore_lite_msgs) StdoutLine: {'line': b'-- Up-to-date: /workspace/install/explore_lite_msgs/share/explore_lite_msgs/cmake/export_explore_lite_msgs__rosidl_typesupport_fastrtps_cppExport-noconfig.cmake\n'}
[0.968510] (explore_lite_msgs) StdoutLine: {'line': b'-- Up-to-date: /workspace/install/explore_lite_msgs/share/explore_lite_msgs/cmake/explore_lite_msgs__rosidl_typesupport_introspection_cppExport.cmake\n'}
[0.969766] (explore_lite_msgs) StdoutLine: {'line': b'-- Up-to-date: /workspace/install/explore_lite_msgs/share/explore_lite_msgs/cmake/explore_lite_msgs__rosidl_typesupport_introspection_cppExport-noconfig.cmake\n'}
[0.969951] (explore_lite_msgs) StdoutLine: {'line': b'-- Up-to-date: /workspace/install/explore_lite_msgs/share/explore_lite_msgs/cmake/explore_lite_msgs__rosidl_typesupport_cppExport.cmake\n'}
[0.970298] (explore_lite_msgs) StdoutLine: {'line': b'-- Up-to-date: /workspace/install/explore_lite_msgs/share/explore_lite_msgs/cmake/explore_lite_msgs__rosidl_typesupport_cppExport-noconfig.cmake\n'}
[0.970770] (explore_lite_msgs) StdoutLine: {'line': b'-- Up-to-date: /workspace/install/explore_lite_msgs/share/explore_lite_msgs/cmake/export_explore_lite_msgs__rosidl_generator_pyExport.cmake\n'}
[0.970949] (explore_lite_msgs) StdoutLine: {'line': b'-- Up-to-date: /workspace/install/explore_lite_msgs/share/explore_lite_msgs/cmake/export_explore_lite_msgs__rosidl_generator_pyExport-noconfig.cmake\n'}
[1.007371] (-) TimerEvent: {}
[1.007658] (explore_lite_msgs) StdoutLine: {'line': b'-- Up-to-date: /workspace/install/explore_lite_msgs/share/explore_lite_msgs/cmake/rosidl_cmake-extras.cmake\n'}
[1.007823] (explore_lite_msgs) StdoutLine: {'line': b'-- Up-to-date: /workspace/install/explore_lite_msgs/share/explore_lite_msgs/cmake/ament_cmake_export_include_directories-extras.cmake\n'}
[1.008059] (explore_lite_msgs) StdoutLine: {'line': b'-- Up-to-date: /workspace/install/explore_lite_msgs/share/explore_lite_msgs/cmake/ament_cmake_export_libraries-extras.cmake\n'}
[1.008322] (explore_lite_msgs) StdoutLine: {'line': b'-- Up-to-date: /workspace/install/explore_lite_msgs/share/explore_lite_msgs/cmake/ament_cmake_export_targets-extras.cmake\n'}
[1.008981] (explore_lite_msgs) StdoutLine: {'line': b'-- Up-to-date: /workspace/install/explore_lite_msgs/share/explore_lite_msgs/cmake/rosidl_cmake_export_typesupport_targets-extras.cmake\n'}
[1.009233] (explore_lite_msgs) StdoutLine: {'line': b'-- Up-to-date: /workspace/install/explore_lite_msgs/share/explore_lite_msgs/cmake/ament_cmake_export_dependencies-extras.cmake\n'}
[1.009599] (explore_lite_msgs) StdoutLine: {'line': b'-- Up-to-date: /workspace/install/explore_lite_msgs/share/explore_lite_msgs/cmake/rosidl_cmake_export_typesupport_libraries-extras.cmake\n'}
[1.011056] (explore_lite_msgs) StdoutLine: {'line': b'-- Up-to-date: /workspace/install/explore_lite_msgs/share/explore_lite_msgs/cmake/explore_lite_msgsConfig.cmake\n'}
[1.011580] (explore_lite_msgs) StdoutLine: {'line': b'-- Up-to-date: /workspace/install/explore_lite_msgs/share/explore_lite_msgs/cmake/explore_lite_msgsConfig-version.cmake\n'}
[1.011760] (explore_lite_msgs) StdoutLine: {'line': b'-- Up-to-date: /workspace/install/explore_lite_msgs/share/explore_lite_msgs/package.xml\n'}
[1.011980] (multirobot_map_merge) StdoutLine: {'line': b'[100%] Built target test_merging_pipeline\n'}
[1.012185] (multirobot_map_merge) StdoutLine: {'line': b'[100%] Built target map_merge\n'}
[1.012365] (cyclonedds) JobEnded: {'identifier': 'cyclonedds', 'rc': 0}
[1.014093] (unitree_sdk2py) JobStarted: {'identifier': 'unitree_sdk2py'}
[1.021753] (explore_lite_msgs) CommandEnded: {'returncode': 0}
[1.052572] (explore_lite_msgs) JobEnded: {'identifier': 'explore_lite_msgs', 'rc': 0}
[1.055458] (explore_lite) JobStarted: {'identifier': 'explore_lite'}
[1.061538] (multirobot_map_merge) CommandEnded: {'returncode': 0}
[1.062693] (multirobot_map_merge) JobProgress: {'identifier': 'multirobot_map_merge', 'progress': 'install'}
[1.063194] (multirobot_map_merge) Command: {'cmd': ['/usr/bin/cmake', '--install', '/workspace/build/multirobot_map_merge'], 'cwd': '/workspace/build/multirobot_map_merge', 'env': OrderedDict([('HOSTNAME', 'ubuntu'), ('SHLVL', '1'), ('LD_LIBRARY_PATH', '/workspace/install/multirobot_map_merge/lib:/workspace/install/explore_lite_msgs/lib:/workspace/install/cyclonedds/lib:/opt/ros/humble/opt/rviz_ogre_vendor/lib:/opt/ros/humble/lib/aarch64-linux-gnu:/opt/ros/humble/lib'), ('HOME', '/root'), ('OLDPWD', '/'), ('ROS_PYTHON_VERSION', '3'), ('COLCON_PREFIX_PATH', '/workspace/install'), ('ROS_DISTRO', 'humble'), ('_', '/usr/bin/colcon'), ('ROS_VERSION', '2'), ('PKG_CONFIG_PATH', '/workspace/install/cyclonedds/lib/aarch64-linux-gnu/pkgconfig:/workspace/install/cyclonedds/lib/pkgconfig'), ('TERM', 'xterm'), ('ROS_LOCALHOST_ONLY', '0'), ('PATH', '/workspace/install/cyclonedds/bin:/opt/ros/humble/bin:/usr/local/sbin:/usr/local/bin:/usr/sbin:/usr/bin:/sbin:/bin'), ('LANG', 'C.UTF-8'), ('RMW_IMPLEMENTATION', 'rmw_cyclonedds_cpp'), ('CYCLONEDDS_HOME', '/workspace/cyclonedds/install'), ('LS_COLORS', 'rs=0:di=01;34:ln=01;36:mh=00:pi=40;33:so=01;35:do=01;35:bd=40;33;01:cd=40;33;01:or=40;31;01:mi=00:su=37;41:sg=30;43:ca=30;41:tw=30;42:ow=34;42:st=37;44:ex=01;32:*.tar=01;31:*.tgz=01;31:*.arc=01;31:*.arj=01;31:*.taz=01;31:*.lha=01;31:*.lz4=01;31:*.lzh=01;31:*.lzma=01;31:*.tlz=01;31:*.txz=01;31:*.tzo=01;31:*.t7z=01;31:*.zip=01;31:*.z=01;31:*.dz=01;31:*.gz=01;31:*.lrz=01;31:*.lz=01;31:*.lzo=01;31:*.xz=01;31:*.zst=01;31:*.tzst=01;31:*.bz2=01;31:*.bz=01;31:*.tbz=01;31:*.tbz2=01;31:*.tz=01;31:*.deb=01;31:*.rpm=01;31:*.jar=01;31:*.war=01;31:*.ear=01;31:*.sar=01;31:*.rar=01;31:*.alz=01;31:*.ace=01;31:*.zoo=01;31:*.cpio=01;31:*.7z=01;31:*.rz=01;31:*.cab=01;31:*.wim=01;31:*.swm=01;31:*.dwm=01;31:*.esd=01;31:*.jpg=01;35:*.jpeg=01;35:*.mjpg=01;35:*.mjpeg=01;35:*.gif=01;35:*.bmp=01;35:*.pbm=01;35:*.pgm=01;35:*.ppm=01;35:*.tga=01;35:*.xbm=01;35:*.xpm=01;35:*.tif=01;35:*.tiff=01;35:*.png=01;35:*.svg=01;35:*.svgz=01;35:*.mng=01;35:*.pcx=01;35:*.mov=01;35:*.mpg=01;35:*.mpeg=01;35:*.m2v=01;35:*.mkv=01;35:*.webm=01;35:*.webp=01;35:*.ogm=01;35:*.mp4=01;35:*.m4v=01;35:*.mp4v=01;35:*.vob=01;35:*.qt=01;35:*.nuv=01;35:*.wmv=01;35:*.asf=01;35:*.rm=01;35:*.rmvb=01;35:*.flc=01;35:*.avi=01;35:*.fli=01;35:*.flv=01;35:*.gl=01;35:*.dl=01;35:*.xcf=01;35:*.xwd=01;35:*.yuv=01;35:*.cgm=01;35:*.emf=01;35:*.ogv=01;35:*.ogx=01;35:*.aac=00;36:*.au=00;36:*.flac=00;36:*.m4a=00;36:*.mid=00;36:*.midi=00;36:*.mka=00;36:*.mp3=00;36:*.mpc=00;36:*.ogg=00;36:*.ra=00;36:*.wav=00;36:*.oga=00;36:*.opus=00;36:*.spx=00;36:*.xspf=00;36:'), ('AMENT_PREFIX_PATH', '/workspace/install/multirobot_map_merge:/workspace/install/go2_vision:/workspace/install/go2_nav:/workspace/install/explore_lite:/workspace/install/explore_lite_msgs:/opt/ros/humble'), ('PWD', '/workspace/build/multirobot_map_merge'), ('LC_ALL', 'C.UTF-8'), ('PYTHONPATH', '/workspace/install/unitree_sdk2py/lib/python3.10/site-packages:/workspace/install/go2_vision/lib/python3.10/site-packages:/workspace/install/go2_nav/lib/python3.10/site-packages:/workspace/install/explore_lite_msgs/local/lib/python3.10/dist-packages:/opt/ros/humble/lib/python3.10/site-packages:/opt/ros/humble/local/lib/python3.10/dist-packages'), ('COLCON', '1'), ('CMAKE_PREFIX_PATH', '/workspace/install/multirobot_map_merge:/workspace/install/explore_lite:/workspace/install/explore_lite_msgs:/workspace/install/cyclonedds:/workspace/install/go2_vision:/workspace/install/go2_nav:/opt/ros/humble')]), 'shell': False}
[1.076159] (multirobot_map_merge) StdoutLine: {'line': b'-- Install configuration: ""\n'}
[1.076765] (multirobot_map_merge) StdoutLine: {'line': b'-- Up-to-date: /workspace/install/multirobot_map_merge/include/map_merge/\n'}
[1.077109] (multirobot_map_merge) StdoutLine: {'line': b'-- Up-to-date: /workspace/install/multirobot_map_merge/include/map_merge//ros1_names.hpp\n'}
[1.077297] (multirobot_map_merge) StdoutLine: {'line': b'-- Up-to-date: /workspace/install/multirobot_map_merge/include/map_merge//map_merge.h\n'}
[1.077423] (multirobot_map_merge) StdoutLine: {'line': b'-- Up-to-date: /workspace/install/multirobot_map_merge/share/multirobot_map_merge/launch\n'}
[1.077571] (multirobot_map_merge) StdoutLine: {'line': b'-- Up-to-date: /workspace/install/multirobot_map_merge/share/multirobot_map_merge/launch/map_merge.rviz\n'}
[1.077689] (multirobot_map_merge) StdoutLine: {'line': b'-- Up-to-date: /workspace/install/multirobot_map_merge/share/multirobot_map_merge/launch/tb3_simulation\n'}
[1.077851] (multirobot_map_merge) StdoutLine: {'line': b'-- Up-to-date: /workspace/install/multirobot_map_merge/share/multirobot_map_merge/launch/tb3_simulation/slam_toolbox.py\n'}
[1.078015] (multirobot_map_merge) StdoutLine: {'line': b'-- Up-to-date: /workspace/install/multirobot_map_merge/share/multirobot_map_merge/launch/tb3_simulation/bringup_launch.py\n'}
[1.078161] (multirobot_map_merge) StdoutLine: {'line': b'-- Up-to-date: /workspace/install/multirobot_map_merge/share/multirobot_map_merge/launch/tb3_simulation/multi_tb3_simulation_launch.py\n'}
[1.078484] (multirobot_map_merge) StdoutLine: {'line': b'-- Up-to-date: /workspace/install/multirobot_map_merge/share/multirobot_map_merge/launch/tb3_simulation/tb3_simulation_launch.py\n'}
[1.078644] (multirobot_map_merge) StdoutLine: {'line': b'-- Up-to-date: /workspace/install/multirobot_map_merge/share/multirobot_map_merge/launch/tb3_simulation/worlds\n'}
[1.078786] (multirobot_map_merge) StdoutLine: {'line': b'-- Up-to-date: /workspace/install/multirobot_map_merge/share/multirobot_map_merge/launch/tb3_simulation/worlds/world_only.model\n'}
[1.078937] (multirobot_map_merge) StdoutLine: {'line': b'-- Up-to-date: /workspace/install/multirobot_map_merge/share/multirobot_map_merge/launch/tb3_simulation/config\n'}
[1.079050] (multirobot_map_merge) StdoutLine: {'line': b'-- Up-to-date: /workspace/install/multirobot_map_merge/share/multirobot_map_merge/launch/tb3_simulation/config/nav2_multirobot_params_1.yaml\n'}
[1.079216] (multirobot_map_merge) StdoutLine: {'line': b'-- Up-to-date: /workspace/install/multirobot_map_merge/share/multirobot_map_merge/launch/tb3_simulation/config/nav2_multirobot_params_2.yaml\n'}
[1.079400] (multirobot_map_merge) StdoutLine: {'line': b'-- Up-to-date: /workspace/install/multirobot_map_merge/share/multirobot_map_merge/launch/map_merge.launch.py\n'}
[1.079545] (multirobot_map_merge) StdoutLine: {'line': b'-- Up-to-date: /workspace/install/multirobot_map_merge/share/multirobot_map_merge/launch/from_map_server.launch.py\n'}
[1.079655] (multirobot_map_merge) StdoutLine: {'line': b'-- Up-to-date: /workspace/install/multirobot_map_merge/share/multirobot_map_merge/config\n'}
[1.079757] (multirobot_map_merge) StdoutLine: {'line': b'-- Up-to-date: /workspace/install/multirobot_map_merge/share/multirobot_map_merge/config/params.yaml\n'}
[1.079862] (multirobot_map_merge) StdoutLine: {'line': b'-- Up-to-date: /workspace/install/multirobot_map_merge/lib/libcombine_grids.a\n'}
[1.079967] (multirobot_map_merge) StdoutLine: {'line': b'-- Up-to-date: /workspace/install/multirobot_map_merge/lib/multirobot_map_merge/map_merge\n'}
[1.080071] (multirobot_map_merge) StdoutLine: {'line': b'-- Up-to-date: /workspace/install/multirobot_map_merge/share/multirobot_map_merge/environment/library_path.sh\n'}
[1.080174] (multirobot_map_merge) StdoutLine: {'line': b'-- Up-to-date: /workspace/install/multirobot_map_merge/share/multirobot_map_merge/environment/library_path.dsv\n'}
[1.080275] (multirobot_map_merge) StdoutLine: {'line': b'-- Up-to-date: /workspace/install/multirobot_map_merge/share/ament_index/resource_index/package_run_dependencies/multirobot_map_merge\n'}
[1.080377] (multirobot_map_merge) StdoutLine: {'line': b'-- Up-to-date: /workspace/install/multirobot_map_merge/share/ament_index/resource_index/parent_prefix_path/multirobot_map_merge\n'}
[1.080478] (multirobot_map_merge) StdoutLine: {'line': b'-- Up-to-date: /workspace/install/multirobot_map_merge/share/multirobot_map_merge/environment/ament_prefix_path.sh\n'}
[1.080609] (multirobot_map_merge) StdoutLine: {'line': b'-- Up-to-date: /workspace/install/multirobot_map_merge/share/multirobot_map_merge/environment/ament_prefix_path.dsv\n'}
[1.080722] (multirobot_map_merge) StdoutLine: {'line': b'-- Up-to-date: /workspace/install/multirobot_map_merge/share/multirobot_map_merge/environment/path.sh\n'}
[1.080827] (multirobot_map_merge) StdoutLine: {'line': b'-- Up-to-date: /workspace/install/multirobot_map_merge/share/multirobot_map_merge/environment/path.dsv\n'}
[1.080929] (multirobot_map_merge) StdoutLine: {'line': b'-- Up-to-date: /workspace/install/multirobot_map_merge/share/multirobot_map_merge/local_setup.bash\n'}
[1.081032] (multirobot_map_merge) StdoutLine: {'line': b'-- Up-to-date: /workspace/install/multirobot_map_merge/share/multirobot_map_merge/local_setup.sh\n'}
[1.081134] (multirobot_map_merge) StdoutLine: {'line': b'-- Up-to-date: /workspace/install/multirobot_map_merge/share/multirobot_map_merge/local_setup.zsh\n'}
[1.081233] (multirobot_map_merge) StdoutLine: {'line': b'-- Up-to-date: /workspace/install/multirobot_map_merge/share/multirobot_map_merge/local_setup.dsv\n'}
[1.081333] (multirobot_map_merge) StdoutLine: {'line': b'-- Installing: /workspace/install/multirobot_map_merge/share/multirobot_map_merge/package.dsv\n'}
[1.081433] (multirobot_map_merge) StdoutLine: {'line': b'-- Up-to-date: /workspace/install/multirobot_map_merge/share/ament_index/resource_index/packages/multirobot_map_merge\n'}
[1.081545] (multirobot_map_merge) StdoutLine: {'line': b'-- Up-to-date: /workspace/install/multirobot_map_merge/share/multirobot_map_merge/cmake/ament_cmake_export_include_directories-extras.cmake\n'}
[1.081832] (multirobot_map_merge) StdoutLine: {'line': b'-- Up-to-date: /workspace/install/multirobot_map_merge/share/multirobot_map_merge/cmake/ament_cmake_export_libraries-extras.cmake\n'}
[1.081953] (multirobot_map_merge) StdoutLine: {'line': b'-- Up-to-date: /workspace/install/multirobot_map_merge/share/multirobot_map_merge/cmake/multirobot_map_mergeConfig.cmake\n'}
[1.082062] (multirobot_map_merge) StdoutLine: {'line': b'-- Up-to-date: /workspace/install/multirobot_map_merge/share/multirobot_map_merge/cmake/multirobot_map_mergeConfig-version.cmake\n'}
[1.082191] (multirobot_map_merge) StdoutLine: {'line': b'-- Up-to-date: /workspace/install/multirobot_map_merge/share/multirobot_map_merge/package.xml\n'}
[1.107474] (-) TimerEvent: {}
[1.207996] (-) TimerEvent: {}
[1.308596] (-) TimerEvent: {}
[1.409230] (-) TimerEvent: {}
[1.446849] (explore_lite) JobProgress: {'identifier': 'explore_lite', 'progress': 'cmake'}
[1.448040] (explore_lite) JobProgress: {'identifier': 'explore_lite', 'progress': 'build'}
[1.448525] (explore_lite) Command: {'cmd': ['/usr/bin/cmake', '--build', '/workspace/build/explore_lite', '--', '-j8', '-l8'], 'cwd': '/workspace/build/explore_lite', 'env': OrderedDict([('HOSTNAME', 'ubuntu'), ('SHLVL', '1'), ('LD_LIBRARY_PATH', '/workspace/install/explore_lite_msgs/lib:/workspace/install/multirobot_map_merge/lib:/workspace/install/cyclonedds/lib:/opt/ros/humble/opt/rviz_ogre_vendor/lib:/opt/ros/humble/lib/aarch64-linux-gnu:/opt/ros/humble/lib'), ('HOME', '/root'), ('OLDPWD', '/'), ('ROS_PYTHON_VERSION', '3'), ('COLCON_PREFIX_PATH', '/workspace/install'), ('ROS_DISTRO', 'humble'), ('_', '/usr/bin/colcon'), ('ROS_VERSION', '2'), ('PKG_CONFIG_PATH', '/workspace/install/cyclonedds/lib/aarch64-linux-gnu/pkgconfig:/workspace/install/cyclonedds/lib/pkgconfig'), ('TERM', 'xterm'), ('ROS_LOCALHOST_ONLY', '0'), ('PATH', '/workspace/install/cyclonedds/bin:/opt/ros/humble/bin:/usr/local/sbin:/usr/local/bin:/usr/sbin:/usr/bin:/sbin:/bin'), ('LANG', 'C.UTF-8'), ('RMW_IMPLEMENTATION', 'rmw_cyclonedds_cpp'), ('CYCLONEDDS_HOME', '/workspace/cyclonedds/install'), ('LS_COLORS', 'rs=0:di=01;34:ln=01;36:mh=00:pi=40;33:so=01;35:do=01;35:bd=40;33;01:cd=40;33;01:or=40;31;01:mi=00:su=37;41:sg=30;43:ca=30;41:tw=30;42:ow=34;42:st=37;44:ex=01;32:*.tar=01;31:*.tgz=01;31:*.arc=01;31:*.arj=01;31:*.taz=01;31:*.lha=01;31:*.lz4=01;31:*.lzh=01;31:*.lzma=01;31:*.tlz=01;31:*.txz=01;31:*.tzo=01;31:*.t7z=01;31:*.zip=01;31:*.z=01;31:*.dz=01;31:*.gz=01;31:*.lrz=01;31:*.lz=01;31:*.lzo=01;31:*.xz=01;31:*.zst=01;31:*.tzst=01;31:*.bz2=01;31:*.bz=01;31:*.tbz=01;31:*.tbz2=01;31:*.tz=01;31:*.deb=01;31:*.rpm=01;31:*.jar=01;31:*.war=01;31:*.ear=01;31:*.sar=01;31:*.rar=01;31:*.alz=01;31:*.ace=01;31:*.zoo=01;31:*.cpio=01;31:*.7z=01;31:*.rz=01;31:*.cab=01;31:*.wim=01;31:*.swm=01;31:*.dwm=01;31:*.esd=01;31:*.jpg=01;35:*.jpeg=01;35:*.mjpg=01;35:*.mjpeg=01;35:*.gif=01;35:*.bmp=01;35:*.pbm=01;35:*.pgm=01;35:*.ppm=01;35:*.tga=01;35:*.xbm=01;35:*.xpm=01;35:*.tif=01;35:*.tiff=01;35:*.png=01;35:*.svg=01;35:*.svgz=01;35:*.mng=01;35:*.pcx=01;35:*.mov=01;35:*.mpg=01;35:*.mpeg=01;35:*.m2v=01;35:*.mkv=01;35:*.webm=01;35:*.webp=01;35:*.ogm=01;35:*.mp4=01;35:*.m4v=01;35:*.mp4v=01;35:*.vob=01;35:*.qt=01;35:*.nuv=01;35:*.wmv=01;35:*.asf=01;35:*.rm=01;35:*.rmvb=01;35:*.flc=01;35:*.avi=01;35:*.fli=01;35:*.flv=01;35:*.gl=01;35:*.dl=01;35:*.xcf=01;35:*.xwd=01;35:*.yuv=01;35:*.cgm=01;35:*.emf=01;35:*.ogv=01;35:*.ogx=01;35:*.aac=00;36:*.au=00;36:*.flac=00;36:*.m4a=00;36:*.mid=00;36:*.midi=00;36:*.mka=00;36:*.mp3=00;36:*.mpc=00;36:*.ogg=00;36:*.ra=00;36:*.wav=00;36:*.oga=00;36:*.opus=00;36:*.spx=00;36:*.xspf=00;36:'), ('AMENT_PREFIX_PATH', '/workspace/install/multirobot_map_merge:/workspace/install/go2_vision:/workspace/install/go2_nav:/workspace/install/explore_lite:/workspace/install/explore_lite_msgs:/opt/ros/humble'), ('PWD', '/workspace/build/explore_lite'), ('LC_ALL', 'C.UTF-8'), ('PYTHONPATH', '/workspace/install/unitree_sdk2py/lib/python3.10/site-packages:/workspace/install/go2_vision/lib/python3.10/site-packages:/workspace/install/go2_nav/lib/python3.10/site-packages:/workspace/install/explore_lite_msgs/local/lib/python3.10/dist-packages:/opt/ros/humble/lib/python3.10/site-packages:/opt/ros/humble/local/lib/python3.10/dist-packages'), ('COLCON', '1'), ('CMAKE_PREFIX_PATH', '/workspace/install/explore_lite_msgs:/workspace/install/multirobot_map_merge:/workspace/install/explore_lite:/workspace/install/cyclonedds:/workspace/install/go2_vision:/workspace/install/go2_nav:/opt/ros/humble')]), 'shell': False}
[1.453263] (go2_vision) Command: {'cmd': ['/usr/bin/python3', '-W', 'ignore:setup.py install is deprecated', '-W', 'ignore:easy_install command is deprecated', 'setup.py', 'egg_info', '--egg-base', '../../build/go2_vision', 'build', '--build-base', '/workspace/build/go2_vision/build', 'install', '--record', '/workspace/build/go2_vision/install.log', '--install-scripts', '$base/lib/go2_vision', '--single-version-externally-managed', 'install_data'], 'cwd': '/workspace/src/go2_vision', 'env': {'HOSTNAME': 'ubuntu', 'SHLVL': '1', 'LD_LIBRARY_PATH': '/workspace/install/multirobot_map_merge/lib:/workspace/install/explore_lite_msgs/lib:/workspace/install/cyclonedds/lib:/opt/ros/humble/opt/rviz_ogre_vendor/lib:/opt/ros/humble/lib/aarch64-linux-gnu:/opt/ros/humble/lib', 'HOME': '/root', 'OLDPWD': '/', 'ROS_PYTHON_VERSION': '3', 'COLCON_PREFIX_PATH': '/workspace/install', 'ROS_DISTRO': 'humble', '_': '/usr/bin/colcon', 'ROS_VERSION': '2', 'PKG_CONFIG_PATH': '/workspace/install/cyclonedds/lib/aarch64-linux-gnu/pkgconfig:/workspace/install/cyclonedds/lib/pkgconfig', 'TERM': 'xterm', 'ROS_LOCALHOST_ONLY': '0', 'PATH': '/workspace/install/cyclonedds/bin:/opt/ros/humble/bin:/usr/local/sbin:/usr/local/bin:/usr/sbin:/usr/bin:/sbin:/bin', 'LANG': 'C.UTF-8', 'RMW_IMPLEMENTATION': 'rmw_cyclonedds_cpp', 'CYCLONEDDS_HOME': '/workspace/cyclonedds/install', 'LS_COLORS': 'rs=0:di=01;34:ln=01;36:mh=00:pi=40;33:so=01;35:do=01;35:bd=40;33;01:cd=40;33;01:or=40;31;01:mi=00:su=37;41:sg=30;43:ca=30;41:tw=30;42:ow=34;42:st=37;44:ex=01;32:*.tar=01;31:*.tgz=01;31:*.arc=01;31:*.arj=01;31:*.taz=01;31:*.lha=01;31:*.lz4=01;31:*.lzh=01;31:*.lzma=01;31:*.tlz=01;31:*.txz=01;31:*.tzo=01;31:*.t7z=01;31:*.zip=01;31:*.z=01;31:*.dz=01;31:*.gz=01;31:*.lrz=01;31:*.lz=01;31:*.lzo=01;31:*.xz=01;31:*.zst=01;31:*.tzst=01;31:*.bz2=01;31:*.bz=01;31:*.tbz=01;31:*.tbz2=01;31:*.tz=01;31:*.deb=01;31:*.rpm=01;31:*.jar=01;31:*.war=01;31:*.ear=01;31:*.sar=01;31:*.rar=01;31:*.alz=01;31:*.ace=01;31:*.zoo=01;31:*.cpio=01;31:*.7z=01;31:*.rz=01;31:*.cab=01;31:*.wim=01;31:*.swm=01;31:*.dwm=01;31:*.esd=01;31:*.jpg=01;35:*.jpeg=01;35:*.mjpg=01;35:*.mjpeg=01;35:*.gif=01;35:*.bmp=01;35:*.pbm=01;35:*.pgm=01;35:*.ppm=01;35:*.tga=01;35:*.xbm=01;35:*.xpm=01;35:*.tif=01;35:*.tiff=01;35:*.png=01;35:*.svg=01;35:*.svgz=01;35:*.mng=01;35:*.pcx=01;35:*.mov=01;35:*.mpg=01;35:*.mpeg=01;35:*.m2v=01;35:*.mkv=01;35:*.webm=01;35:*.webp=01;35:*.ogm=01;35:*.mp4=01;35:*.m4v=01;35:*.mp4v=01;35:*.vob=01;35:*.qt=01;35:*.nuv=01;35:*.wmv=01;35:*.asf=01;35:*.rm=01;35:*.rmvb=01;35:*.flc=01;35:*.avi=01;35:*.fli=01;35:*.flv=01;35:*.gl=01;35:*.dl=01;35:*.xcf=01;35:*.xwd=01;35:*.yuv=01;35:*.cgm=01;35:*.emf=01;35:*.ogv=01;35:*.ogx=01;35:*.aac=00;36:*.au=00;36:*.flac=00;36:*.m4a=00;36:*.mid=00;36:*.midi=00;36:*.mka=00;36:*.mp3=00;36:*.mpc=00;36:*.ogg=00;36:*.ra=00;36:*.wav=00;36:*.oga=00;36:*.opus=00;36:*.spx=00;36:*.xspf=00;36:', 'AMENT_PREFIX_PATH': '/workspace/install/multirobot_map_merge:/workspace/install/go2_vision:/workspace/install/go2_nav:/workspace/install/explore_lite:/workspace/install/explore_lite_msgs:/opt/ros/humble', 'PWD': '/workspace/build/go2_vision', 'LC_ALL': 'C.UTF-8', 'PYTHONPATH': '/workspace/build/go2_vision/prefix_override:/usr/lib/python3/dist-packages/colcon_core/task/python/colcon_distutils_commands:/workspace/install/go2_vision/lib/python3.10/site-packages:/workspace/install/unitree_sdk2py/lib/python3.10/site-packages:/workspace/install/go2_vision/lib/python3.10/site-packages:/workspace/install/go2_nav/lib/python3.10/site-packages:/workspace/install/explore_lite_msgs/local/lib/python3.10/dist-packages:/opt/ros/humble/lib/python3.10/site-packages:/opt/ros/humble/local/lib/python3.10/dist-packages', 'COLCON': '1', 'CMAKE_PREFIX_PATH': '/workspace/install/multirobot_map_merge:/workspace/install/explore_lite:/workspace/install/explore_lite_msgs:/workspace/install/cyclonedds'}, 'shell': False}
[1.457003] (go2_nav) Command: {'cmd': ['/usr/bin/python3', '-W', 'ignore:setup.py install is deprecated', '-W', 'ignore:easy_install command is deprecated', 'setup.py', 'egg_info', '--egg-base', '../../build/go2_nav', 'build', '--build-base', '/workspace/build/go2_nav/build', 'install', '--record', '/workspace/build/go2_nav/install.log', '--install-scripts', '$base/lib/go2_nav', '--single-version-externally-managed', 'install_data'], 'cwd': '/workspace/src/go2_nav', 'env': {'HOSTNAME': 'ubuntu', 'SHLVL': '1', 'LD_LIBRARY_PATH': '/workspace/install/multirobot_map_merge/lib:/workspace/install/explore_lite_msgs/lib:/workspace/install/cyclonedds/lib:/opt/ros/humble/opt/rviz_ogre_vendor/lib:/opt/ros/humble/lib/aarch64-linux-gnu:/opt/ros/humble/lib', 'HOME': '/root', 'OLDPWD': '/', 'ROS_PYTHON_VERSION': '3', 'COLCON_PREFIX_PATH': '/workspace/install', 'ROS_DISTRO': 'humble', '_': '/usr/bin/colcon', 'ROS_VERSION': '2', 'PKG_CONFIG_PATH': '/workspace/install/cyclonedds/lib/aarch64-linux-gnu/pkgconfig:/workspace/install/cyclonedds/lib/pkgconfig', 'TERM': 'xterm', 'ROS_LOCALHOST_ONLY': '0', 'PATH': '/workspace/install/cyclonedds/bin:/opt/ros/humble/bin:/usr/local/sbin:/usr/local/bin:/usr/sbin:/usr/bin:/sbin:/bin', 'LANG': 'C.UTF-8', 'RMW_IMPLEMENTATION': 'rmw_cyclonedds_cpp', 'CYCLONEDDS_HOME': '/workspace/cyclonedds/install', 'LS_COLORS': 'rs=0:di=01;34:ln=01;36:mh=00:pi=40;33:so=01;35:do=01;35:bd=40;33;01:cd=40;33;01:or=40;31;01:mi=00:su=37;41:sg=30;43:ca=30;41:tw=30;42:ow=34;42:st=37;44:ex=01;32:*.tar=01;31:*.tgz=01;31:*.arc=01;31:*.arj=01;31:*.taz=01;31:*.lha=01;31:*.lz4=01;31:*.lzh=01;31:*.lzma=01;31:*.tlz=01;31:*.txz=01;31:*.tzo=01;31:*.t7z=01;31:*.zip=01;31:*.z=01;31:*.dz=01;31:*.gz=01;31:*.lrz=01;31:*.lz=01;31:*.lzo=01;31:*.xz=01;31:*.zst=01;31:*.tzst=01;31:*.bz2=01;31:*.bz=01;31:*.tbz=01;31:*.tbz2=01;31:*.tz=01;31:*.deb=01;31:*.rpm=01;31:*.jar=01;31:*.war=01;31:*.ear=01;31:*.sar=01;31:*.rar=01;31:*.alz=01;31:*.ace=01;31:*.zoo=01;31:*.cpio=01;31:*.7z=01;31:*.rz=01;31:*.cab=01;31:*.wim=01;31:*.swm=01;31:*.dwm=01;31:*.esd=01;31:*.jpg=01;35:*.jpeg=01;35:*.mjpg=01;35:*.mjpeg=01;35:*.gif=01;35:*.bmp=01;35:*.pbm=01;35:*.pgm=01;35:*.ppm=01;35:*.tga=01;35:*.xbm=01;35:*.xpm=01;35:*.tif=01;35:*.tiff=01;35:*.png=01;35:*.svg=01;35:*.svgz=01;35:*.mng=01;35:*.pcx=01;35:*.mov=01;35:*.mpg=01;35:*.mpeg=01;35:*.m2v=01;35:*.mkv=01;35:*.webm=01;35:*.webp=01;35:*.ogm=01;35:*.mp4=01;35:*.m4v=01;35:*.mp4v=01;35:*.vob=01;35:*.qt=01;35:*.nuv=01;35:*.wmv=01;35:*.asf=01;35:*.rm=01;35:*.rmvb=01;35:*.flc=01;35:*.avi=01;35:*.fli=01;35:*.flv=01;35:*.gl=01;35:*.dl=01;35:*.xcf=01;35:*.xwd=01;35:*.yuv=01;35:*.cgm=01;35:*.emf=01;35:*.ogv=01;35:*.ogx=01;35:*.aac=00;36:*.au=00;36:*.flac=00;36:*.m4a=00;36:*.mid=00;36:*.midi=00;36:*.mka=00;36:*.mp3=00;36:*.mpc=00;36:*.ogg=00;36:*.ra=00;36:*.wav=00;36:*.oga=00;36:*.opus=00;36:*.spx=00;36:*.xspf=00;36:', 'AMENT_PREFIX_PATH': '/workspace/install/multirobot_map_merge:/workspace/install/go2_vision:/workspace/install/go2_nav:/workspace/install/explore_lite:/workspace/install/explore_lite_msgs:/opt/ros/humble', 'PWD': '/workspace/build/go2_nav', 'LC_ALL': 'C.UTF-8', 'PYTHONPATH': '/workspace/build/go2_nav/prefix_override:/usr/lib/python3/dist-packages/colcon_core/task/python/colcon_distutils_commands:/workspace/install/go2_nav/lib/python3.10/site-packages:/workspace/install/unitree_sdk2py/lib/python3.10/site-packages:/workspace/install/go2_vision/lib/python3.10/site-packages:/workspace/install/go2_nav/lib/python3.10/site-packages:/workspace/install/explore_lite_msgs/local/lib/python3.10/dist-packages:/opt/ros/humble/lib/python3.10/site-packages:/opt/ros/humble/local/lib/python3.10/dist-packages', 'COLCON': '1', 'CMAKE_PREFIX_PATH': '/workspace/install/multirobot_map_merge:/workspace/install/explore_lite:/workspace/install/explore_lite_msgs:/workspace/install/cyclonedds'}, 'shell': False}
[1.459371] (multirobot_map_merge) CommandEnded: {'returncode': 0}
[1.491965] (multirobot_map_merge) JobEnded: {'identifier': 'multirobot_map_merge', 'rc': 0}
[1.509362] (-) TimerEvent: {}
[1.542135] (explore_lite) StdoutLine: {'line': b'[ 40%] Built target gtest_main\n'}
[1.542606] (explore_lite) StdoutLine: {'line': b'[ 40%] Built target gtest\n'}
[1.556594] (explore_lite) StdoutLine: {'line': b'[ 80%] Built target explore\n'}
[1.581159] (explore_lite) StdoutLine: {'line': b'[100%] Built target test_explore\n'}
[1.599402] (explore_lite) CommandEnded: {'returncode': 0}
[1.600788] (explore_lite) JobProgress: {'identifier': 'explore_lite', 'progress': 'install'}
[1.601182] (explore_lite) Command: {'cmd': ['/usr/bin/cmake', '--install', '/workspace/build/explore_lite'], 'cwd': '/workspace/build/explore_lite', 'env': OrderedDict([('HOSTNAME', 'ubuntu'), ('SHLVL', '1'), ('LD_LIBRARY_PATH', '/workspace/install/explore_lite_msgs/lib:/workspace/install/multirobot_map_merge/lib:/workspace/install/cyclonedds/lib:/opt/ros/humble/opt/rviz_ogre_vendor/lib:/opt/ros/humble/lib/aarch64-linux-gnu:/opt/ros/humble/lib'), ('HOME', '/root'), ('OLDPWD', '/'), ('ROS_PYTHON_VERSION', '3'), ('COLCON_PREFIX_PATH', '/workspace/install'), ('ROS_DISTRO', 'humble'), ('_', '/usr/bin/colcon'), ('ROS_VERSION', '2'), ('PKG_CONFIG_PATH', '/workspace/install/cyclonedds/lib/aarch64-linux-gnu/pkgconfig:/workspace/install/cyclonedds/lib/pkgconfig'), ('TERM', 'xterm'), ('ROS_LOCALHOST_ONLY', '0'), ('PATH', '/workspace/install/cyclonedds/bin:/opt/ros/humble/bin:/usr/local/sbin:/usr/local/bin:/usr/sbin:/usr/bin:/sbin:/bin'), ('LANG', 'C.UTF-8'), ('RMW_IMPLEMENTATION', 'rmw_cyclonedds_cpp'), ('CYCLONEDDS_HOME', '/workspace/cyclonedds/install'), ('LS_COLORS', 'rs=0:di=01;34:ln=01;36:mh=00:pi=40;33:so=01;35:do=01;35:bd=40;33;01:cd=40;33;01:or=40;31;01:mi=00:su=37;41:sg=30;43:ca=30;41:tw=30;42:ow=34;42:st=37;44:ex=01;32:*.tar=01;31:*.tgz=01;31:*.arc=01;31:*.arj=01;31:*.taz=01;31:*.lha=01;31:*.lz4=01;31:*.lzh=01;31:*.lzma=01;31:*.tlz=01;31:*.txz=01;31:*.tzo=01;31:*.t7z=01;31:*.zip=01;31:*.z=01;31:*.dz=01;31:*.gz=01;31:*.lrz=01;31:*.lz=01;31:*.lzo=01;31:*.xz=01;31:*.zst=01;31:*.tzst=01;31:*.bz2=01;31:*.bz=01;31:*.tbz=01;31:*.tbz2=01;31:*.tz=01;31:*.deb=01;31:*.rpm=01;31:*.jar=01;31:*.war=01;31:*.ear=01;31:*.sar=01;31:*.rar=01;31:*.alz=01;31:*.ace=01;31:*.zoo=01;31:*.cpio=01;31:*.7z=01;31:*.rz=01;31:*.cab=01;31:*.wim=01;31:*.swm=01;31:*.dwm=01;31:*.esd=01;31:*.jpg=01;35:*.jpeg=01;35:*.mjpg=01;35:*.mjpeg=01;35:*.gif=01;35:*.bmp=01;35:*.pbm=01;35:*.pgm=01;35:*.ppm=01;35:*.tga=01;35:*.xbm=01;35:*.xpm=01;35:*.tif=01;35:*.tiff=01;35:*.png=01;35:*.svg=01;35:*.svgz=01;35:*.mng=01;35:*.pcx=01;35:*.mov=01;35:*.mpg=01;35:*.mpeg=01;35:*.m2v=01;35:*.mkv=01;35:*.webm=01;35:*.webp=01;35:*.ogm=01;35:*.mp4=01;35:*.m4v=01;35:*.mp4v=01;35:*.vob=01;35:*.qt=01;35:*.nuv=01;35:*.wmv=01;35:*.asf=01;35:*.rm=01;35:*.rmvb=01;35:*.flc=01;35:*.avi=01;35:*.fli=01;35:*.flv=01;35:*.gl=01;35:*.dl=01;35:*.xcf=01;35:*.xwd=01;35:*.yuv=01;35:*.cgm=01;35:*.emf=01;35:*.ogv=01;35:*.ogx=01;35:*.aac=00;36:*.au=00;36:*.flac=00;36:*.m4a=00;36:*.mid=00;36:*.midi=00;36:*.mka=00;36:*.mp3=00;36:*.mpc=00;36:*.ogg=00;36:*.ra=00;36:*.wav=00;36:*.oga=00;36:*.opus=00;36:*.spx=00;36:*.xspf=00;36:'), ('AMENT_PREFIX_PATH', '/workspace/install/multirobot_map_merge:/workspace/install/go2_vision:/workspace/install/go2_nav:/workspace/install/explore_lite:/workspace/install/explore_lite_msgs:/opt/ros/humble'), ('PWD', '/workspace/build/explore_lite'), ('LC_ALL', 'C.UTF-8'), ('PYTHONPATH', '/workspace/install/unitree_sdk2py/lib/python3.10/site-packages:/workspace/install/go2_vision/lib/python3.10/site-packages:/workspace/install/go2_nav/lib/python3.10/site-packages:/workspace/install/explore_lite_msgs/local/lib/python3.10/dist-packages:/opt/ros/humble/lib/python3.10/site-packages:/opt/ros/humble/local/lib/python3.10/dist-packages'), ('COLCON', '1'), ('CMAKE_PREFIX_PATH', '/workspace/install/explore_lite_msgs:/workspace/install/multirobot_map_merge:/workspace/install/explore_lite:/workspace/install/cyclonedds:/workspace/install/go2_vision:/workspace/install/go2_nav:/opt/ros/humble')]), 'shell': False}
[1.609455] (-) TimerEvent: {}
[1.613997] (explore_lite) StdoutLine: {'line': b'-- Install configuration: ""\n'}
[1.614365] (explore_lite) StdoutLine: {'line': b'-- Up-to-date: /workspace/install/explore_lite/include/explore/\n'}
[1.614589] (explore_lite) StdoutLine: {'line': b'-- Up-to-date: /workspace/install/explore_lite/include/explore//costmap_client.h\n'}
[1.614870] (explore_lite) StdoutLine: {'line': b'-- Up-to-date: /workspace/install/explore_lite/include/explore//explore.h\n'}
[1.615243] (explore_lite) StdoutLine: {'line': b'-- Up-to-date: /workspace/install/explore_lite/include/explore//costmap_tools.h\n'}
[1.615531] (explore_lite) StdoutLine: {'line': b'-- Up-to-date: /workspace/install/explore_lite/include/explore//frontier_search.h\n'}
[1.615954] (explore_lite) StdoutLine: {'line': b'-- Up-to-date: /workspace/install/explore_lite/share/explore_lite/config\n'}
[1.616077] (explore_lite) StdoutLine: {'line': b'-- Up-to-date: /workspace/install/explore_lite/share/explore_lite/config/params.yaml\n'}
[1.616191] (explore_lite) StdoutLine: {'line': b'-- Up-to-date: /workspace/install/explore_lite/share/explore_lite/config/params_costmap.yaml\n'}
[1.616641] (explore_lite) StdoutLine: {'line': b'-- Up-to-date: /workspace/install/explore_lite/share/explore_lite/launch\n'}
[1.616775] (explore_lite) StdoutLine: {'line': b'-- Up-to-date: /workspace/install/explore_lite/share/explore_lite/launch/explore.launch.py\n'}
[1.616886] (explore_lite) StdoutLine: {'line': b'-- Up-to-date: /workspace/install/explore_lite/lib/explore_lite/explore\n'}
[1.616997] (explore_lite) StdoutLine: {'line': b'-- Up-to-date: /workspace/install/explore_lite/share/ament_index/resource_index/package_run_dependencies/explore_lite\n'}
[1.617103] (explore_lite) StdoutLine: {'line': b'-- Up-to-date: /workspace/install/explore_lite/share/ament_index/resource_index/parent_prefix_path/explore_lite\n'}
[1.617207] (explore_lite) StdoutLine: {'line': b'-- Up-to-date: /workspace/install/explore_lite/share/explore_lite/environment/ament_prefix_path.sh\n'}
[1.617309] (explore_lite) StdoutLine: {'line': b'-- Up-to-date: /workspace/install/explore_lite/share/explore_lite/environment/ament_prefix_path.dsv\n'}
[1.617409] (explore_lite) StdoutLine: {'line': b'-- Up-to-date: /workspace/install/explore_lite/share/explore_lite/environment/path.sh\n'}
[1.617510] (explore_lite) StdoutLine: {'line': b'-- Up-to-date: /workspace/install/explore_lite/share/explore_lite/environment/path.dsv\n'}
[1.617611] (explore_lite) StdoutLine: {'line': b'-- Up-to-date: /workspace/install/explore_lite/share/explore_lite/local_setup.bash\n'}
[1.617711] (explore_lite) StdoutLine: {'line': b'-- Up-to-date: /workspace/install/explore_lite/share/explore_lite/local_setup.sh\n'}
[1.617811] (explore_lite) StdoutLine: {'line': b'-- Up-to-date: /workspace/install/explore_lite/share/explore_lite/local_setup.zsh\n'}
[1.617910] (explore_lite) StdoutLine: {'line': b'-- Up-to-date: /workspace/install/explore_lite/share/explore_lite/local_setup.dsv\n'}
[1.618008] (explore_lite) StdoutLine: {'line': b'-- Installing: /workspace/install/explore_lite/share/explore_lite/package.dsv\n'}
[1.618166] (explore_lite) StdoutLine: {'line': b'-- Up-to-date: /workspace/install/explore_lite/share/ament_index/resource_index/packages/explore_lite\n'}
[1.618312] (explore_lite) StdoutLine: {'line': b'-- Up-to-date: /workspace/install/explore_lite/share/explore_lite/cmake/ament_cmake_export_dependencies-extras.cmake\n'}
[1.618425] (explore_lite) StdoutLine: {'line': b'-- Up-to-date: /workspace/install/explore_lite/share/explore_lite/cmake/ament_cmake_export_include_directories-extras.cmake\n'}
[1.618534] (explore_lite) StdoutLine: {'line': b'-- Up-to-date: /workspace/install/explore_lite/share/explore_lite/cmake/explore_liteConfig.cmake\n'}
[1.618639] (explore_lite) StdoutLine: {'line': b'-- Up-to-date: /workspace/install/explore_lite/share/explore_lite/cmake/explore_liteConfig-version.cmake\n'}
[1.619157] (explore_lite) StdoutLine: {'line': b'-- Up-to-date: /workspace/install/explore_lite/share/explore_lite/package.xml\n'}
[1.620528] (explore_lite) CommandEnded: {'returncode': 0}
[1.649719] (explore_lite) JobEnded: {'identifier': 'explore_lite', 'rc': 0}
[1.709573] (-) TimerEvent: {}
[1.787590] (go2_nav) StdoutLine: {'line': b'running egg_info\n'}
[1.788903] (go2_nav) StdoutLine: {'line': b'writing ../../build/go2_nav/go2_nav.egg-info/PKG-INFO\n'}
[1.789454] (go2_nav) StdoutLine: {'line': b'writing dependency_links to ../../build/go2_nav/go2_nav.egg-info/dependency_links.txt\n'}
[1.790397] (go2_nav) StdoutLine: {'line': b'writing entry points to ../../build/go2_nav/go2_nav.egg-info/entry_points.txt\n'}
[1.790674] (go2_nav) StdoutLine: {'line': b'writing requirements to ../../build/go2_nav/go2_nav.egg-info/requires.txt\n'}
[1.790815] (go2_nav) StdoutLine: {'line': b'writing top-level names to ../../build/go2_nav/go2_nav.egg-info/top_level.txt\n'}
[1.792754] (go2_vision) StdoutLine: {'line': b'running egg_info\n'}
[1.793743] (go2_nav) StdoutLine: {'line': b"reading manifest file '../../build/go2_nav/go2_nav.egg-info/SOURCES.txt'\n"}
[1.794146] (go2_vision) StdoutLine: {'line': b'writing ../../build/go2_vision/go2_vision.egg-info/PKG-INFO\n'}
[1.794674] (go2_vision) StdoutLine: {'line': b'writing dependency_links to ../../build/go2_vision/go2_vision.egg-info/dependency_links.txt\n'}
[1.795012] (go2_vision) StdoutLine: {'line': b'writing entry points to ../../build/go2_vision/go2_vision.egg-info/entry_points.txt\n'}
[1.795258] (go2_nav) StdoutLine: {'line': b"writing manifest file '../../build/go2_nav/go2_nav.egg-info/SOURCES.txt'\n"}
[1.795413] (go2_vision) StdoutLine: {'line': b'writing requirements to ../../build/go2_vision/go2_vision.egg-info/requires.txt\n'}
[1.795643] (go2_vision) StdoutLine: {'line': b'writing top-level names to ../../build/go2_vision/go2_vision.egg-info/top_level.txt\n'}
[1.795764] (go2_nav) StdoutLine: {'line': b'running build\n'}
[1.795878] (go2_nav) StdoutLine: {'line': b'running build_py\n'}
[1.796323] (go2_nav) StdoutLine: {'line': b'running install\n'}
[1.796932] (go2_nav) StdoutLine: {'line': b'running install_lib\n'}
[1.799203] (go2_vision) StdoutLine: {'line': b"reading manifest file '../../build/go2_vision/go2_vision.egg-info/SOURCES.txt'\n"}
[1.799544] (go2_nav) StdoutLine: {'line': b'running install_data\n'}
[1.800032] (go2_nav) StdoutLine: {'line': b'running install_egg_info\n'}
[1.800447] (go2_vision) StdoutLine: {'line': b"writing manifest file '../../build/go2_vision/go2_vision.egg-info/SOURCES.txt'\n"}
[1.800766] (go2_vision) StdoutLine: {'line': b'running build\n'}
[1.800915] (go2_vision) StdoutLine: {'line': b'running build_py\n'}
[1.801182] (go2_vision) StdoutLine: {'line': b'copying go2_vision/cameraaccess.py -> /workspace/build/go2_vision/build/lib/go2_vision\n'}
[1.801718] (go2_vision) StdoutLine: {'line': b'running install\n'}
[1.802364] (go2_vision) StdoutLine: {'line': b'running install_lib\n'}
[1.803592] (go2_nav) StdoutLine: {'line': b"removing '/workspace/install/go2_nav/lib/python3.10/site-packages/go2_nav-0.0.0-py3.10.egg-info' (and everything under it)\n"}
[1.803847] (go2_vision) StdoutLine: {'line': b'copying /workspace/build/go2_vision/build/lib/go2_vision/cameraaccess.py -> /workspace/install/go2_vision/lib/python3.10/site-packages/go2_vision\n'}
[1.804396] (go2_nav) StdoutLine: {'line': b'Copying ../../build/go2_nav/go2_nav.egg-info to /workspace/install/go2_nav/lib/python3.10/site-packages/go2_nav-0.0.0-py3.10.egg-info\n'}
[1.805183] (go2_vision) StdoutLine: {'line': b'byte-compiling /workspace/install/go2_vision/lib/python3.10/site-packages/go2_vision/cameraaccess.py to cameraaccess.cpython-310.pyc\n'}
[1.805987] (go2_nav) StdoutLine: {'line': b'running install_scripts\n'}
[1.807012] (go2_vision) StdoutLine: {'line': b'running install_data\n'}
[1.807298] (go2_vision) StdoutLine: {'line': b'running install_egg_info\n'}
[1.809696] (-) TimerEvent: {}
[1.810806] (go2_vision) StdoutLine: {'line': b"removing '/workspace/install/go2_vision/lib/python3.10/site-packages/go2_vision-0.0.0-py3.10.egg-info' (and everything under it)\n"}
[1.811530] (go2_vision) StdoutLine: {'line': b'Copying ../../build/go2_vision/go2_vision.egg-info to /workspace/install/go2_vision/lib/python3.10/site-packages/go2_vision-0.0.0-py3.10.egg-info\n'}
[1.813177] (go2_vision) StdoutLine: {'line': b'running install_scripts\n'}
[1.842375] (go2_nav) StdoutLine: {'line': b'Installing go2_sport_bridge script to /workspace/install/go2_nav/lib/go2_nav\n'}
[1.842806] (go2_nav) StdoutLine: {'line': b'Installing odom_broadcast script to /workspace/install/go2_nav/lib/go2_nav\n'}
[1.842999] (go2_nav) StdoutLine: {'line': b'Installing restamp_node script to /workspace/install/go2_nav/lib/go2_nav\n'}
[1.843822] (go2_nav) StdoutLine: {'line': b"writing list of installed files to '/workspace/build/go2_nav/install.log'\n"}
[1.849744] (go2_vision) StdoutLine: {'line': b'Installing cameraimg script to /workspace/install/go2_vision/lib/go2_vision\n'}
[1.850700] (go2_vision) StdoutLine: {'line': b"writing list of installed files to '/workspace/build/go2_vision/install.log'\n"}
[1.906853] (go2_nav) CommandEnded: {'returncode': 0}
[1.910000] (-) TimerEvent: {}
[1.922275] (go2_nav) JobEnded: {'identifier': 'go2_nav', 'rc': 0}
[1.924885] (go2_vision) CommandEnded: {'returncode': 0}
[1.939244] (go2_vision) JobEnded: {'identifier': 'go2_vision', 'rc': 0}
[1.980254] (unitree_sdk2py) Command: {'cmd': ['/usr/bin/python3', '-W', 'ignore:setup.py install is deprecated', '-W', 'ignore:easy_install command is deprecated', 'setup.py', 'egg_info', '--egg-base', '../../build/unitree_sdk2py', 'build', '--build-base', '/workspace/build/unitree_sdk2py/build', 'install', '--record', '/workspace/build/unitree_sdk2py/install.log', '--single-version-externally-managed'], 'cwd': '/workspace/sdk/unitree_sdk2_python', 'env': {'HOSTNAME': 'ubuntu', 'SHLVL': '1', 'LD_LIBRARY_PATH': '/workspace/install/cyclonedds/lib:/workspace/install/multirobot_map_merge/lib:/workspace/install/explore_lite_msgs/lib:/opt/ros/humble/opt/rviz_ogre_vendor/lib:/opt/ros/humble/lib/aarch64-linux-gnu:/opt/ros/humble/lib', 'HOME': '/root', 'OLDPWD': '/', 'ROS_PYTHON_VERSION': '3', 'COLCON_PREFIX_PATH': '/workspace/install', 'ROS_DISTRO': 'humble', '_': '/usr/bin/colcon', 'ROS_VERSION': '2', 'PKG_CONFIG_PATH': '/workspace/install/cyclonedds/lib/aarch64-linux-gnu/pkgconfig:/workspace/install/cyclonedds/lib/pkgconfig', 'TERM': 'xterm', 'ROS_LOCALHOST_ONLY': '0', 'PATH': '/workspace/install/cyclonedds/bin:/opt/ros/humble/bin:/usr/local/sbin:/usr/local/bin:/usr/sbin:/usr/bin:/sbin:/bin', 'LANG': 'C.UTF-8', 'RMW_IMPLEMENTATION': 'rmw_cyclonedds_cpp', 'CYCLONEDDS_HOME': '/workspace/cyclonedds/install', 'LS_COLORS': 'rs=0:di=01;34:ln=01;36:mh=00:pi=40;33:so=01;35:do=01;35:bd=40;33;01:cd=40;33;01:or=40;31;01:mi=00:su=37;41:sg=30;43:ca=30;41:tw=30;42:ow=34;42:st=37;44:ex=01;32:*.tar=01;31:*.tgz=01;31:*.arc=01;31:*.arj=01;31:*.taz=01;31:*.lha=01;31:*.lz4=01;31:*.lzh=01;31:*.lzma=01;31:*.tlz=01;31:*.txz=01;31:*.tzo=01;31:*.t7z=01;31:*.zip=01;31:*.z=01;31:*.dz=01;31:*.gz=01;31:*.lrz=01;31:*.lz=01;31:*.lzo=01;31:*.xz=01;31:*.zst=01;31:*.tzst=01;31:*.bz2=01;31:*.bz=01;31:*.tbz=01;31:*.tbz2=01;31:*.tz=01;31:*.deb=01;31:*.rpm=01;31:*.jar=01;31:*.war=01;31:*.ear=01;31:*.sar=01;31:*.rar=01;31:*.alz=01;31:*.ace=01;31:*.zoo=01;31:*.cpio=01;31:*.7z=01;31:*.rz=01;31:*.cab=01;31:*.wim=01;31:*.swm=01;31:*.dwm=01;31:*.esd=01;31:*.jpg=01;35:*.jpeg=01;35:*.mjpg=01;35:*.mjpeg=01;35:*.gif=01;35:*.bmp=01;35:*.pbm=01;35:*.pgm=01;35:*.ppm=01;35:*.tga=01;35:*.xbm=01;35:*.xpm=01;35:*.tif=01;35:*.tiff=01;35:*.png=01;35:*.svg=01;35:*.svgz=01;35:*.mng=01;35:*.pcx=01;35:*.mov=01;35:*.mpg=01;35:*.mpeg=01;35:*.m2v=01;35:*.mkv=01;35:*.webm=01;35:*.webp=01;35:*.ogm=01;35:*.mp4=01;35:*.m4v=01;35:*.mp4v=01;35:*.vob=01;35:*.qt=01;35:*.nuv=01;35:*.wmv=01;35:*.asf=01;35:*.rm=01;35:*.rmvb=01;35:*.flc=01;35:*.avi=01;35:*.fli=01;35:*.flv=01;35:*.gl=01;35:*.dl=01;35:*.xcf=01;35:*.xwd=01;35:*.yuv=01;35:*.cgm=01;35:*.emf=01;35:*.ogv=01;35:*.ogx=01;35:*.aac=00;36:*.au=00;36:*.flac=00;36:*.m4a=00;36:*.mid=00;36:*.midi=00;36:*.mka=00;36:*.mp3=00;36:*.mpc=00;36:*.ogg=00;36:*.ra=00;36:*.wav=00;36:*.oga=00;36:*.opus=00;36:*.spx=00;36:*.xspf=00;36:', 'AMENT_PREFIX_PATH': '/workspace/install/multirobot_map_merge:/workspace/install/go2_vision:/workspace/install/go2_nav:/workspace/install/explore_lite:/workspace/install/explore_lite_msgs:/opt/ros/humble', 'PWD': '/workspace/build/unitree_sdk2py', 'LC_ALL': 'C.UTF-8', 'PYTHONPATH': '/workspace/build/unitree_sdk2py/prefix_override:/usr/lib/python3/dist-packages/colcon_core/task/python/colcon_distutils_commands:/workspace/install/unitree_sdk2py/lib/python3.10/site-packages:/workspace/install/unitree_sdk2py/lib/python3.10/site-packages:/workspace/install/go2_vision/lib/python3.10/site-packages:/workspace/install/go2_nav/lib/python3.10/site-packages:/workspace/install/explore_lite_msgs/local/lib/python3.10/dist-packages:/opt/ros/humble/lib/python3.10/site-packages:/opt/ros/humble/local/lib/python3.10/dist-packages', 'COLCON': '1', 'CMAKE_PREFIX_PATH': '/workspace/install/cyclonedds:/workspace/install/multirobot_map_merge:/workspace/install/explore_lite:/workspace/install/explore_lite_msgs'}, 'shell': False}
[2.010094] (-) TimerEvent: {}
[2.110613] (-) TimerEvent: {}
[2.211154] (-) TimerEvent: {}
[2.296447] (unitree_sdk2py) StdoutLine: {'line': b'running egg_info\n'}
[2.296991] (unitree_sdk2py) StdoutLine: {'line': b'writing ../../build/unitree_sdk2py/unitree_sdk2py.egg-info/PKG-INFO\n'}
[2.297291] (unitree_sdk2py) StdoutLine: {'line': b'writing dependency_links to ../../build/unitree_sdk2py/unitree_sdk2py.egg-info/dependency_links.txt\n'}
[2.297625] (unitree_sdk2py) StdoutLine: {'line': b'writing requirements to ../../build/unitree_sdk2py/unitree_sdk2py.egg-info/requires.txt\n'}
[2.297816] (unitree_sdk2py) StdoutLine: {'line': b'writing top-level names to ../../build/unitree_sdk2py/unitree_sdk2py.egg-info/top_level.txt\n'}
[2.307784] (unitree_sdk2py) StdoutLine: {'line': b"reading manifest file '../../build/unitree_sdk2py/unitree_sdk2py.egg-info/SOURCES.txt'\n"}
[2.308975] (unitree_sdk2py) StdoutLine: {'line': b"adding license file 'LICENSE'\n"}
[2.311200] (-) TimerEvent: {}
[2.312790] (unitree_sdk2py) StdoutLine: {'line': b"writing manifest file '../../build/unitree_sdk2py/unitree_sdk2py.egg-info/SOURCES.txt'\n"}
[2.313038] (unitree_sdk2py) StdoutLine: {'line': b'running build\n'}
[2.313152] (unitree_sdk2py) StdoutLine: {'line': b'running build_py\n'}
[2.334320] (unitree_sdk2py) StdoutLine: {'line': b'running install\n'}
[2.334837] (unitree_sdk2py) StdoutLine: {'line': b'running install_lib\n'}
[2.350705] (unitree_sdk2py) StdoutLine: {'line': b'running install_egg_info\n'}
[2.353547] (unitree_sdk2py) StdoutLine: {'line': b"removing '/workspace/install/unitree_sdk2py/lib/python3.10/site-packages/unitree_sdk2py-1.0.1-py3.10.egg-info' (and everything under it)\n"}
[2.354030] (unitree_sdk2py) StdoutLine: {'line': b'Copying ../../build/unitree_sdk2py/unitree_sdk2py.egg-info to /workspace/install/unitree_sdk2py/lib/python3.10/site-packages/unitree_sdk2py-1.0.1-py3.10.egg-info\n'}
[2.355277] (unitree_sdk2py) StdoutLine: {'line': b'running install_scripts\n'}
[2.395666] (unitree_sdk2py) StdoutLine: {'line': b"writing list of installed files to '/workspace/build/unitree_sdk2py/install.log'\n"}
[2.411324] (-) TimerEvent: {}
[2.452599] (unitree_sdk2py) CommandEnded: {'returncode': 0}
[2.483458] (unitree_sdk2py) JobEnded: {'identifier': 'unitree_sdk2py', 'rc': 0}
[2.486158] (-) EventReactorShutdown: {}
