[0.000000] (-) TimerEvent: {}
[0.000302] (explore_lite_msgs) JobQueued: {'identifier': 'explore_lite_msgs', 'dependencies': OrderedDict()}
[0.000630] (go2_nav) JobQueued: {'identifier': 'go2_nav', 'dependencies': OrderedDict()}
[0.000796] (multirobot_map_merge) JobQueued: {'identifier': 'multirobot_map_merge', 'dependencies': OrderedDict()}
[0.000820] (explore_lite) JobQueued: {'identifier': 'explore_lite', 'dependencies': OrderedDict([('explore_lite_msgs', '/home/safal/Desktop/unitreego2nav/install/explore_lite_msgs')])}
[0.000845] (explore_lite_msgs) JobStarted: {'identifier': 'explore_lite_msgs'}
[0.007105] (go2_nav) JobStarted: {'identifier': 'go2_nav'}
[0.014024] (multirobot_map_merge) JobStarted: {'identifier': 'multirobot_map_merge'}
[0.020260] (explore_lite_msgs) JobProgress: {'identifier': 'explore_lite_msgs', 'progress': 'cmake'}
[0.020826] (explore_lite_msgs) Command: {'cmd': ['/usr/bin/cmake', '/home/safal/Desktop/unitreego2nav/src/m-explore-ros2/explore_lite_msgs', '-DCMAKE_INSTALL_PREFIX=/home/safal/Desktop/unitreego2nav/install/explore_lite_msgs'], 'cwd': '/home/safal/Desktop/unitreego2nav/build/explore_lite_msgs', 'env': OrderedDict([('LESSOPEN', '| /usr/bin/lesspipe %s'), ('USER', 'safal'), ('LC_TIME', 'bho_NP'), ('XDG_SESSION_TYPE', 'wayland'), ('SHLVL', '1'), ('LD_LIBRARY_PATH', '/usr/lib/x86_64-linux-gnu/gazebo-11/plugins:/opt/ros/humble/opt/rviz_ogre_vendor/lib:/opt/ros/humble/lib/x86_64-linux-gnu:/opt/ros/humble/lib'), ('HOME', '/home/safal'), ('CONDA_SHLVL', '0'), ('OLDPWD', '/home/safal'), ('DESKTOP_SESSION', 'ubuntu'), ('ROS_PYTHON_VERSION', '3'), ('GNOME_SHELL_SESSION_MODE', 'ubuntu'), ('GTK_MODULES', 'gail:atk-bridge'), ('LC_MONETARY', 'bho_NP'), ('SYSTEMD_EXEC_PID', '1655'), ('DBUS_SESSION_BUS_ADDRESS', 'unix:path=/run/user/1000/bus'), ('COLORTERM', 'truecolor'), ('_CE_M', ''), ('_CONDA_ROOT', '/home/safal/miniconda3'), ('IM_CONFIG_PHASE', '1'), ('WAYLAND_DISPLAY', 'wayland-0'), ('ROS_DISTRO', 'humble'), ('LOGNAME', 'safal'), ('_', '/usr/bin/colcon'), ('ROS_VERSION', '2'), ('XDG_SESSION_CLASS', 'user'), ('USERNAME', 'safal'), ('TERM', 'xterm-256color'), ('GNOME_DESKTOP_SESSION_ID', 'this-is-deprecated'), ('_CE_CONDA', ''), ('ROS_LOCALHOST_ONLY', '0'), ('PATH', '/opt/ros/humble/bin:/home/safal/miniconda3/condabin:/home/safal/.local/bin:/usr/local/sbin:/usr/local/bin:/usr/sbin:/usr/bin:/sbin:/bin:/usr/games:/usr/local/games:/snap/bin:/snap/bin'), ('SESSION_MANAGER', 'local/safal:@/tmp/.ICE-unix/1615,unix/safal:/tmp/.ICE-unix/1615'), ('XDG_MENU_PREFIX', 'gnome-'), ('LC_ADDRESS', 'bho_NP'), ('GNOME_TERMINAL_SCREEN', '/org/gnome/Terminal/screen/1e56160b_9632_47f5_a587_c3e5614d5f40'), ('GNOME_SETUP_DISPLAY', ':1'), ('COLCON_CMAKE_ARGS', '-DCMAKE_POLICY_VERSION_MINIMUM=3.5'), ('XDG_RUNTIME_DIR', '/run/user/1000'), ('DISPLAY', ':0'), ('LANG', 'en_US.UTF-8'), ('XDG_CURRENT_DESKTOP', 'ubuntu:GNOME'), ('LC_TELEPHONE', 'bho_NP'), ('XMODIFIERS', '@im=ibus'), ('XDG_SESSION_DESKTOP', 'ubuntu'), ('XAUTHORITY', '/run/user/1000/.mutter-Xwaylandauth.TNARR3'), ('LS_COLORS', 'rs=0:di=01;34:ln=01;36:mh=00:pi=40;33:so=01;35:do=01;35:bd=40;33;01:cd=40;33;01:or=40;31;01:mi=00:su=37;41:sg=30;43:ca=30;41:tw=30;42:ow=34;42:st=37;44:ex=01;32:*.tar=01;31:*.tgz=01;31:*.arc=01;31:*.arj=01;31:*.taz=01;31:*.lha=01;31:*.lz4=01;31:*.lzh=01;31:*.lzma=01;31:*.tlz=01;31:*.txz=01;31:*.tzo=01;31:*.t7z=01;31:*.zip=01;31:*.z=01;31:*.dz=01;31:*.gz=01;31:*.lrz=01;31:*.lz=01;31:*.lzo=01;31:*.xz=01;31:*.zst=01;31:*.tzst=01;31:*.bz2=01;31:*.bz=01;31:*.tbz=01;31:*.tbz2=01;31:*.tz=01;31:*.deb=01;31:*.rpm=01;31:*.jar=01;31:*.war=01;31:*.ear=01;31:*.sar=01;31:*.rar=01;31:*.alz=01;31:*.ace=01;31:*.zoo=01;31:*.cpio=01;31:*.7z=01;31:*.rz=01;31:*.cab=01;31:*.wim=01;31:*.swm=01;31:*.dwm=01;31:*.esd=01;31:*.jpg=01;35:*.jpeg=01;35:*.mjpg=01;35:*.mjpeg=01;35:*.gif=01;35:*.bmp=01;35:*.pbm=01;35:*.pgm=01;35:*.ppm=01;35:*.tga=01;35:*.xbm=01;35:*.xpm=01;35:*.tif=01;35:*.tiff=01;35:*.png=01;35:*.svg=01;35:*.svgz=01;35:*.mng=01;35:*.pcx=01;35:*.mov=01;35:*.mpg=01;35:*.mpeg=01;35:*.m2v=01;35:*.mkv=01;35:*.webm=01;35:*.webp=01;35:*.ogm=01;35:*.mp4=01;35:*.m4v=01;35:*.mp4v=01;35:*.vob=01;35:*.qt=01;35:*.nuv=01;35:*.wmv=01;35:*.asf=01;35:*.rm=01;35:*.rmvb=01;35:*.flc=01;35:*.avi=01;35:*.fli=01;35:*.flv=01;35:*.gl=01;35:*.dl=01;35:*.xcf=01;35:*.xwd=01;35:*.yuv=01;35:*.cgm=01;35:*.emf=01;35:*.ogv=01;35:*.ogx=01;35:*.aac=00;36:*.au=00;36:*.flac=00;36:*.m4a=00;36:*.mid=00;36:*.midi=00;36:*.mka=00;36:*.mp3=00;36:*.mpc=00;36:*.ogg=00;36:*.ra=00;36:*.wav=00;36:*.oga=00;36:*.opus=00;36:*.spx=00;36:*.xspf=00;36:'), ('GNOME_TERMINAL_SERVICE', ':1.385'), ('SSH_AGENT_LAUNCHER', 'gnome-keyring'), ('SSH_AUTH_SOCK', '/run/user/1000/keyring/ssh'), ('AMENT_PREFIX_PATH', '/opt/ros/humble'), ('CONDA_PYTHON_EXE', '/home/safal/miniconda3/bin/python'), ('SHELL', '/bin/bash'), ('LC_NAME', 'bho_NP'), ('QT_ACCESSIBILITY', '1'), ('GDMSESSION', 'ubuntu'), ('LESSCLOSE', '/usr/bin/lesspipe %s %s'), ('LC_MEASUREMENT', 'bho_NP'), ('_CONDA_EXE', '/home/safal/miniconda3/bin/conda'), ('LC_IDENTIFICATION', 'bho_NP'), ('QT_IM_MODULE', 'ibus'), ('PWD', '/home/safal/Desktop/unitreego2nav/build/explore_lite_msgs'), ('LC_ALL', 'en_US.UTF-8'), ('XDG_CONFIG_DIRS', '/etc/xdg/xdg-ubuntu:/etc/xdg'), ('CONDA_EXE', '/home/safal/miniconda3/bin/conda'), ('XDG_DATA_DIRS', '/usr/share/ubuntu:/usr/local/share/:/usr/share/:/var/lib/snapd/desktop'), ('PYTHONPATH', '/opt/ros/humble/lib/python3.10/site-packages:/opt/ros/humble/local/lib/python3.10/dist-packages'), ('LC_NUMERIC', 'bho_NP'), ('LC_PAPER', 'bho_NP'), ('COLCON', '1'), ('VTE_VERSION', '6800'), ('CMAKE_PREFIX_PATH', '/opt/ros/humble')]), 'shell': False}
[0.099789] (-) TimerEvent: {}
[0.200124] (-) TimerEvent: {}
[0.300414] (-) TimerEvent: {}
[0.373558] (explore_lite_msgs) StderrLine: {'line': b'\x1b[0mCMake Deprecation Warning at CMakeLists.txt:1 (cmake_minimum_required):\n'}
[0.374229] (explore_lite_msgs) StderrLine: {'line': b'  Compatibility with CMake < 3.10 will be removed from a future version of\n'}
[0.374710] (explore_lite_msgs) StderrLine: {'line': b'  CMake.\n'}
[0.375051] (explore_lite_msgs) StderrLine: {'line': b'\n'}
[0.375151] (explore_lite_msgs) StderrLine: {'line': b'  Update the VERSION argument <min> value.  Or, use the <min>...<max> syntax\n'}
[0.375295] (explore_lite_msgs) StderrLine: {'line': b'  to tell CMake that the project requires at least <min> but has been updated\n'}
[0.375381] (explore_lite_msgs) StderrLine: {'line': b'  to work with policies introduced by <max> or earlier.\n'}
[0.375471] (explore_lite_msgs) StderrLine: {'line': b'\n'}
[0.375558] (explore_lite_msgs) StderrLine: {'line': b'\x1b[0m\n'}
[0.375677] (explore_lite_msgs) StdoutLine: {'line': b'-- The C compiler identification is GNU 11.4.0\n'}
[0.375831] (explore_lite_msgs) StdoutLine: {'line': b'-- The CXX compiler identification is GNU 11.4.0\n'}
[0.375950] (explore_lite_msgs) StdoutLine: {'line': b'-- Detecting C compiler ABI info\n'}
[0.376049] (explore_lite_msgs) StdoutLine: {'line': b'-- Detecting C compiler ABI info - done\n'}
[0.376123] (explore_lite_msgs) StdoutLine: {'line': b'-- Check for working C compiler: /usr/bin/cc - skipped\n'}
[0.376217] (explore_lite_msgs) StdoutLine: {'line': b'-- Detecting C compile features\n'}
[0.376304] (explore_lite_msgs) StdoutLine: {'line': b'-- Detecting C compile features - done\n'}
[0.376393] (explore_lite_msgs) StdoutLine: {'line': b'-- Detecting CXX compiler ABI info\n'}
[0.376487] (multirobot_map_merge) JobProgress: {'identifier': 'multirobot_map_merge', 'progress': 'cmake'}
[0.377112] (multirobot_map_merge) Command: {'cmd': ['/usr/bin/cmake', '/home/safal/Desktop/unitreego2nav/src/m-explore-ros2/map_merge', '-DCMAKE_INSTALL_PREFIX=/home/safal/Desktop/unitreego2nav/install/multirobot_map_merge'], 'cwd': '/home/safal/Desktop/unitreego2nav/build/multirobot_map_merge', 'env': OrderedDict([('LESSOPEN', '| /usr/bin/lesspipe %s'), ('USER', 'safal'), ('LC_TIME', 'bho_NP'), ('XDG_SESSION_TYPE', 'wayland'), ('SHLVL', '1'), ('LD_LIBRARY_PATH', '/usr/lib/x86_64-linux-gnu/gazebo-11/plugins:/opt/ros/humble/opt/rviz_ogre_vendor/lib:/opt/ros/humble/lib/x86_64-linux-gnu:/opt/ros/humble/lib'), ('HOME', '/home/safal'), ('CONDA_SHLVL', '0'), ('OLDPWD', '/home/safal'), ('DESKTOP_SESSION', 'ubuntu'), ('ROS_PYTHON_VERSION', '3'), ('GNOME_SHELL_SESSION_MODE', 'ubuntu'), ('GTK_MODULES', 'gail:atk-bridge'), ('LC_MONETARY', 'bho_NP'), ('SYSTEMD_EXEC_PID', '1655'), ('DBUS_SESSION_BUS_ADDRESS', 'unix:path=/run/user/1000/bus'), ('COLORTERM', 'truecolor'), ('_CE_M', ''), ('_CONDA_ROOT', '/home/safal/miniconda3'), ('IM_CONFIG_PHASE', '1'), ('WAYLAND_DISPLAY', 'wayland-0'), ('ROS_DISTRO', 'humble'), ('LOGNAME', 'safal'), ('_', '/usr/bin/colcon'), ('ROS_VERSION', '2'), ('XDG_SESSION_CLASS', 'user'), ('USERNAME', 'safal'), ('TERM', 'xterm-256color'), ('GNOME_DESKTOP_SESSION_ID', 'this-is-deprecated'), ('_CE_CONDA', ''), ('ROS_LOCALHOST_ONLY', '0'), ('PATH', '/opt/ros/humble/bin:/home/safal/miniconda3/condabin:/home/safal/.local/bin:/usr/local/sbin:/usr/local/bin:/usr/sbin:/usr/bin:/sbin:/bin:/usr/games:/usr/local/games:/snap/bin:/snap/bin'), ('SESSION_MANAGER', 'local/safal:@/tmp/.ICE-unix/1615,unix/safal:/tmp/.ICE-unix/1615'), ('XDG_MENU_PREFIX', 'gnome-'), ('LC_ADDRESS', 'bho_NP'), ('GNOME_TERMINAL_SCREEN', '/org/gnome/Terminal/screen/1e56160b_9632_47f5_a587_c3e5614d5f40'), ('GNOME_SETUP_DISPLAY', ':1'), ('COLCON_CMAKE_ARGS', '-DCMAKE_POLICY_VERSION_MINIMUM=3.5'), ('XDG_RUNTIME_DIR', '/run/user/1000'), ('DISPLAY', ':0'), ('LANG', 'en_US.UTF-8'), ('XDG_CURRENT_DESKTOP', 'ubuntu:GNOME'), ('LC_TELEPHONE', 'bho_NP'), ('XMODIFIERS', '@im=ibus'), ('XDG_SESSION_DESKTOP', 'ubuntu'), ('XAUTHORITY', '/run/user/1000/.mutter-Xwaylandauth.TNARR3'), ('LS_COLORS', 'rs=0:di=01;34:ln=01;36:mh=00:pi=40;33:so=01;35:do=01;35:bd=40;33;01:cd=40;33;01:or=40;31;01:mi=00:su=37;41:sg=30;43:ca=30;41:tw=30;42:ow=34;42:st=37;44:ex=01;32:*.tar=01;31:*.tgz=01;31:*.arc=01;31:*.arj=01;31:*.taz=01;31:*.lha=01;31:*.lz4=01;31:*.lzh=01;31:*.lzma=01;31:*.tlz=01;31:*.txz=01;31:*.tzo=01;31:*.t7z=01;31:*.zip=01;31:*.z=01;31:*.dz=01;31:*.gz=01;31:*.lrz=01;31:*.lz=01;31:*.lzo=01;31:*.xz=01;31:*.zst=01;31:*.tzst=01;31:*.bz2=01;31:*.bz=01;31:*.tbz=01;31:*.tbz2=01;31:*.tz=01;31:*.deb=01;31:*.rpm=01;31:*.jar=01;31:*.war=01;31:*.ear=01;31:*.sar=01;31:*.rar=01;31:*.alz=01;31:*.ace=01;31:*.zoo=01;31:*.cpio=01;31:*.7z=01;31:*.rz=01;31:*.cab=01;31:*.wim=01;31:*.swm=01;31:*.dwm=01;31:*.esd=01;31:*.jpg=01;35:*.jpeg=01;35:*.mjpg=01;35:*.mjpeg=01;35:*.gif=01;35:*.bmp=01;35:*.pbm=01;35:*.pgm=01;35:*.ppm=01;35:*.tga=01;35:*.xbm=01;35:*.xpm=01;35:*.tif=01;35:*.tiff=01;35:*.png=01;35:*.svg=01;35:*.svgz=01;35:*.mng=01;35:*.pcx=01;35:*.mov=01;35:*.mpg=01;35:*.mpeg=01;35:*.m2v=01;35:*.mkv=01;35:*.webm=01;35:*.webp=01;35:*.ogm=01;35:*.mp4=01;35:*.m4v=01;35:*.mp4v=01;35:*.vob=01;35:*.qt=01;35:*.nuv=01;35:*.wmv=01;35:*.asf=01;35:*.rm=01;35:*.rmvb=01;35:*.flc=01;35:*.avi=01;35:*.fli=01;35:*.flv=01;35:*.gl=01;35:*.dl=01;35:*.xcf=01;35:*.xwd=01;35:*.yuv=01;35:*.cgm=01;35:*.emf=01;35:*.ogv=01;35:*.ogx=01;35:*.aac=00;36:*.au=00;36:*.flac=00;36:*.m4a=00;36:*.mid=00;36:*.midi=00;36:*.mka=00;36:*.mp3=00;36:*.mpc=00;36:*.ogg=00;36:*.ra=00;36:*.wav=00;36:*.oga=00;36:*.opus=00;36:*.spx=00;36:*.xspf=00;36:'), ('GNOME_TERMINAL_SERVICE', ':1.385'), ('SSH_AGENT_LAUNCHER', 'gnome-keyring'), ('SSH_AUTH_SOCK', '/run/user/1000/keyring/ssh'), ('AMENT_PREFIX_PATH', '/opt/ros/humble'), ('CONDA_PYTHON_EXE', '/home/safal/miniconda3/bin/python'), ('SHELL', '/bin/bash'), ('LC_NAME', 'bho_NP'), ('QT_ACCESSIBILITY', '1'), ('GDMSESSION', 'ubuntu'), ('LESSCLOSE', '/usr/bin/lesspipe %s %s'), ('LC_MEASUREMENT', 'bho_NP'), ('_CONDA_EXE', '/home/safal/miniconda3/bin/conda'), ('LC_IDENTIFICATION', 'bho_NP'), ('QT_IM_MODULE', 'ibus'), ('PWD', '/home/safal/Desktop/unitreego2nav/build/multirobot_map_merge'), ('LC_ALL', 'en_US.UTF-8'), ('XDG_CONFIG_DIRS', '/etc/xdg/xdg-ubuntu:/etc/xdg'), ('CONDA_EXE', '/home/safal/miniconda3/bin/conda'), ('XDG_DATA_DIRS', '/usr/share/ubuntu:/usr/local/share/:/usr/share/:/var/lib/snapd/desktop'), ('PYTHONPATH', '/opt/ros/humble/lib/python3.10/site-packages:/opt/ros/humble/local/lib/python3.10/dist-packages'), ('LC_NUMERIC', 'bho_NP'), ('LC_PAPER', 'bho_NP'), ('COLCON', '1'), ('VTE_VERSION', '6800'), ('CMAKE_PREFIX_PATH', '/opt/ros/humble')]), 'shell': False}
[0.382120] (multirobot_map_merge) StderrLine: {'line': b'\x1b[0mCMake Deprecation Warning at CMakeLists.txt:1 (cmake_minimum_required):\n'}
[0.382364] (multirobot_map_merge) StderrLine: {'line': b'  Compatibility with CMake < 3.10 will be removed from a future version of\n'}
[0.382492] (multirobot_map_merge) StderrLine: {'line': b'  CMake.\n'}
[0.382608] (multirobot_map_merge) StderrLine: {'line': b'\n'}
[0.382717] (multirobot_map_merge) StderrLine: {'line': b'  Update the VERSION argument <min> value.  Or, use the <min>...<max> syntax\n'}
[0.382818] (multirobot_map_merge) StderrLine: {'line': b'  to tell CMake that the project requires at least <min> but has been updated\n'}
[0.382919] (multirobot_map_merge) StderrLine: {'line': b'  to work with policies introduced by <max> or earlier.\n'}
[0.383018] (multirobot_map_merge) StderrLine: {'line': b'\n'}
[0.383116] (multirobot_map_merge) StderrLine: {'line': b'\x1b[0m\n'}
[0.400518] (-) TimerEvent: {}
[0.404770] (explore_lite_msgs) StdoutLine: {'line': b'-- Detecting CXX compiler ABI info - done\n'}
[0.423886] (explore_lite_msgs) StdoutLine: {'line': b'-- Check for working CXX compiler: /usr/bin/c++ - skipped\n'}
[0.424256] (explore_lite_msgs) StdoutLine: {'line': b'-- Detecting CXX compile features\n'}
[0.425024] (explore_lite_msgs) StdoutLine: {'line': b'-- Detecting CXX compile features - done\n'}
[0.429142] (multirobot_map_merge) StdoutLine: {'line': b'-- The C compiler identification is GNU 11.4.0\n'}
[0.447482] (explore_lite_msgs) StdoutLine: {'line': b'-- Found ament_cmake: 1.3.14 (/opt/ros/humble/share/ament_cmake/cmake)\n'}
[0.499796] (multirobot_map_merge) StdoutLine: {'line': b'-- The CXX compiler identification is GNU 11.4.0\n'}
[0.500609] (-) TimerEvent: {}
[0.508167] (multirobot_map_merge) StdoutLine: {'line': b'-- Detecting C compiler ABI info\n'}
[0.567544] (multirobot_map_merge) StdoutLine: {'line': b'-- Detecting C compiler ABI info - done\n'}
[0.590392] (multirobot_map_merge) StdoutLine: {'line': b'-- Check for working C compiler: /usr/bin/cc - skipped\n'}
[0.590781] (multirobot_map_merge) StdoutLine: {'line': b'-- Detecting C compile features\n'}
[0.591237] (multirobot_map_merge) StdoutLine: {'line': b'-- Detecting C compile features - done\n'}
[0.600692] (-) TimerEvent: {}
[0.602288] (multirobot_map_merge) StdoutLine: {'line': b'-- Detecting CXX compiler ABI info\n'}
[0.658949] (explore_lite_msgs) StdoutLine: {'line': b'-- Found Python3: /usr/bin/python3 (found version "3.10.12") found components: Interpreter\n'}
[0.677357] (multirobot_map_merge) StdoutLine: {'line': b'-- Detecting CXX compiler ABI info - done\n'}
[0.695793] (multirobot_map_merge) StdoutLine: {'line': b'-- Check for working CXX compiler: /usr/bin/c++ - skipped\n'}
[0.696145] (multirobot_map_merge) StdoutLine: {'line': b'-- Detecting CXX compile features\n'}
[0.696869] (multirobot_map_merge) StdoutLine: {'line': b'-- Detecting CXX compile features - done\n'}
[0.700801] (-) TimerEvent: {}
[0.705473] (multirobot_map_merge) StdoutLine: {'line': b'-- Found ament_cmake: 1.3.14 (/opt/ros/humble/share/ament_cmake/cmake)\n'}
[0.791696] (explore_lite_msgs) StdoutLine: {'line': b'-- Found rosidl_default_generators: 1.2.1 (/opt/ros/humble/share/rosidl_default_generators/cmake)\n'}
[0.798292] (explore_lite_msgs) StdoutLine: {'line': b'-- Using all available rosidl_typesupport_c: rosidl_typesupport_fastrtps_c;rosidl_typesupport_introspection_c\n'}
[0.800860] (-) TimerEvent: {}
[0.810695] (explore_lite_msgs) StdoutLine: {'line': b'-- Found rosidl_adapter: 3.1.8 (/opt/ros/humble/share/rosidl_adapter/cmake)\n'}
[0.898333] (explore_lite_msgs) StdoutLine: {'line': b'-- Using all available rosidl_typesupport_cpp: rosidl_typesupport_fastrtps_cpp;rosidl_typesupport_introspection_cpp\n'}
[0.900946] (-) TimerEvent: {}
[0.902332] (go2_nav) Command: {'cmd': ['/usr/bin/python3', '-W', 'ignore:setup.py install is deprecated', '-W', 'ignore:easy_install command is deprecated', 'setup.py', 'egg_info', '--egg-base', '../../build/go2_nav', 'build', '--build-base', '/home/safal/Desktop/unitreego2nav/build/go2_nav/build', 'install', '--record', '/home/safal/Desktop/unitreego2nav/build/go2_nav/install.log', '--single-version-externally-managed', 'install_data'], 'cwd': '/home/safal/Desktop/unitreego2nav/src/go2_nav', 'env': {'LESSOPEN': '| /usr/bin/lesspipe %s', 'USER': 'safal', 'LC_TIME': 'bho_NP', 'XDG_SESSION_TYPE': 'wayland', 'SHLVL': '1', 'LD_LIBRARY_PATH': '/usr/lib/x86_64-linux-gnu/gazebo-11/plugins:/opt/ros/humble/opt/rviz_ogre_vendor/lib:/opt/ros/humble/lib/x86_64-linux-gnu:/opt/ros/humble/lib', 'HOME': '/home/safal', 'CONDA_SHLVL': '0', 'OLDPWD': '/home/safal', 'DESKTOP_SESSION': 'ubuntu', 'ROS_PYTHON_VERSION': '3', 'GNOME_SHELL_SESSION_MODE': 'ubuntu', 'GTK_MODULES': 'gail:atk-bridge', 'LC_MONETARY': 'bho_NP', 'SYSTEMD_EXEC_PID': '1655', 'DBUS_SESSION_BUS_ADDRESS': 'unix:path=/run/user/1000/bus', 'COLORTERM': 'truecolor', '_CE_M': '', '_CONDA_ROOT': '/home/safal/miniconda3', 'IM_CONFIG_PHASE': '1', 'WAYLAND_DISPLAY': 'wayland-0', 'ROS_DISTRO': 'humble', 'LOGNAME': 'safal', '_': '/usr/bin/colcon', 'ROS_VERSION': '2', 'XDG_SESSION_CLASS': 'user', 'USERNAME': 'safal', 'TERM': 'xterm-256color', 'GNOME_DESKTOP_SESSION_ID': 'this-is-deprecated', '_CE_CONDA': '', 'ROS_LOCALHOST_ONLY': '0', 'PATH': '/opt/ros/humble/bin:/home/safal/miniconda3/condabin:/home/safal/.local/bin:/usr/local/sbin:/usr/local/bin:/usr/sbin:/usr/bin:/sbin:/bin:/usr/games:/usr/local/games:/snap/bin:/snap/bin', 'SESSION_MANAGER': 'local/safal:@/tmp/.ICE-unix/1615,unix/safal:/tmp/.ICE-unix/1615', 'XDG_MENU_PREFIX': 'gnome-', 'LC_ADDRESS': 'bho_NP', 'GNOME_TERMINAL_SCREEN': '/org/gnome/Terminal/screen/1e56160b_9632_47f5_a587_c3e5614d5f40', 'GNOME_SETUP_DISPLAY': ':1', 'COLCON_CMAKE_ARGS': '-DCMAKE_POLICY_VERSION_MINIMUM=3.5', 'XDG_RUNTIME_DIR': '/run/user/1000', 'DISPLAY': ':0', 'LANG': 'en_US.UTF-8', 'XDG_CURRENT_DESKTOP': 'ubuntu:GNOME', 'LC_TELEPHONE': 'bho_NP', 'XMODIFIERS': '@im=ibus', 'XDG_SESSION_DESKTOP': 'ubuntu', 'XAUTHORITY': '/run/user/1000/.mutter-Xwaylandauth.TNARR3', 'LS_COLORS': 'rs=0:di=01;34:ln=01;36:mh=00:pi=40;33:so=01;35:do=01;35:bd=40;33;01:cd=40;33;01:or=40;31;01:mi=00:su=37;41:sg=30;43:ca=30;41:tw=30;42:ow=34;42:st=37;44:ex=01;32:*.tar=01;31:*.tgz=01;31:*.arc=01;31:*.arj=01;31:*.taz=01;31:*.lha=01;31:*.lz4=01;31:*.lzh=01;31:*.lzma=01;31:*.tlz=01;31:*.txz=01;31:*.tzo=01;31:*.t7z=01;31:*.zip=01;31:*.z=01;31:*.dz=01;31:*.gz=01;31:*.lrz=01;31:*.lz=01;31:*.lzo=01;31:*.xz=01;31:*.zst=01;31:*.tzst=01;31:*.bz2=01;31:*.bz=01;31:*.tbz=01;31:*.tbz2=01;31:*.tz=01;31:*.deb=01;31:*.rpm=01;31:*.jar=01;31:*.war=01;31:*.ear=01;31:*.sar=01;31:*.rar=01;31:*.alz=01;31:*.ace=01;31:*.zoo=01;31:*.cpio=01;31:*.7z=01;31:*.rz=01;31:*.cab=01;31:*.wim=01;31:*.swm=01;31:*.dwm=01;31:*.esd=01;31:*.jpg=01;35:*.jpeg=01;35:*.mjpg=01;35:*.mjpeg=01;35:*.gif=01;35:*.bmp=01;35:*.pbm=01;35:*.pgm=01;35:*.ppm=01;35:*.tga=01;35:*.xbm=01;35:*.xpm=01;35:*.tif=01;35:*.tiff=01;35:*.png=01;35:*.svg=01;35:*.svgz=01;35:*.mng=01;35:*.pcx=01;35:*.mov=01;35:*.mpg=01;35:*.mpeg=01;35:*.m2v=01;35:*.mkv=01;35:*.webm=01;35:*.webp=01;35:*.ogm=01;35:*.mp4=01;35:*.m4v=01;35:*.mp4v=01;35:*.vob=01;35:*.qt=01;35:*.nuv=01;35:*.wmv=01;35:*.asf=01;35:*.rm=01;35:*.rmvb=01;35:*.flc=01;35:*.avi=01;35:*.fli=01;35:*.flv=01;35:*.gl=01;35:*.dl=01;35:*.xcf=01;35:*.xwd=01;35:*.yuv=01;35:*.cgm=01;35:*.emf=01;35:*.ogv=01;35:*.ogx=01;35:*.aac=00;36:*.au=00;36:*.flac=00;36:*.m4a=00;36:*.mid=00;36:*.midi=00;36:*.mka=00;36:*.mp3=00;36:*.mpc=00;36:*.ogg=00;36:*.ra=00;36:*.wav=00;36:*.oga=00;36:*.opus=00;36:*.spx=00;36:*.xspf=00;36:', 'GNOME_TERMINAL_SERVICE': ':1.385', 'SSH_AGENT_LAUNCHER': 'gnome-keyring', 'SSH_AUTH_SOCK': '/run/user/1000/keyring/ssh', 'AMENT_PREFIX_PATH': '/opt/ros/humble', 'CONDA_PYTHON_EXE': '/home/safal/miniconda3/bin/python', 'SHELL': '/bin/bash', 'LC_NAME': 'bho_NP', 'QT_ACCESSIBILITY': '1', 'GDMSESSION': 'ubuntu', 'LESSCLOSE': '/usr/bin/lesspipe %s %s', 'LC_MEASUREMENT': 'bho_NP', '_CONDA_EXE': '/home/safal/miniconda3/bin/conda', 'LC_IDENTIFICATION': 'bho_NP', 'QT_IM_MODULE': 'ibus', 'PWD': '/home/safal/Desktop/unitreego2nav/build/go2_nav', 'LC_ALL': 'en_US.UTF-8', 'XDG_CONFIG_DIRS': '/etc/xdg/xdg-ubuntu:/etc/xdg', 'CONDA_EXE': '/home/safal/miniconda3/bin/conda', 'XDG_DATA_DIRS': '/usr/share/ubuntu:/usr/local/share/:/usr/share/:/var/lib/snapd/desktop', 'PYTHONPATH': '/home/safal/Desktop/unitreego2nav/build/go2_nav/prefix_override:/usr/lib/python3/dist-packages/colcon_core/task/python/colcon_distutils_commands:/home/safal/Desktop/unitreego2nav/install/go2_nav/lib/python3.10/site-packages:/opt/ros/humble/lib/python3.10/site-packages:/opt/ros/humble/local/lib/python3.10/dist-packages', 'LC_NUMERIC': 'bho_NP', 'LC_PAPER': 'bho_NP', 'COLCON': '1', 'VTE_VERSION': '6800'}, 'shell': False}
[0.919178] (multirobot_map_merge) StdoutLine: {'line': b'-- Found Python3: /usr/bin/python3 (found version "3.10.12") found components: Interpreter\n'}
[1.001066] (-) TimerEvent: {}
[1.047306] (multirobot_map_merge) StdoutLine: {'line': b'-- Found rclcpp: 16.0.19 (/opt/ros/humble/share/rclcpp/cmake)\n'}
[1.101177] (-) TimerEvent: {}
[1.112677] (multirobot_map_merge) StdoutLine: {'line': b'-- Found rosidl_generator_c: 3.1.8 (/opt/ros/humble/share/rosidl_generator_c/cmake)\n'}
[1.119595] (multirobot_map_merge) StdoutLine: {'line': b'-- Found rosidl_adapter: 3.1.8 (/opt/ros/humble/share/rosidl_adapter/cmake)\n'}
[1.133490] (multirobot_map_merge) StdoutLine: {'line': b'-- Found rosidl_generator_cpp: 3.1.8 (/opt/ros/humble/share/rosidl_generator_cpp/cmake)\n'}
[1.152482] (multirobot_map_merge) StdoutLine: {'line': b'-- Using all available rosidl_typesupport_c: rosidl_typesupport_fastrtps_c;rosidl_typesupport_introspection_c\n'}
[1.176143] (multirobot_map_merge) StdoutLine: {'line': b'-- Using all available rosidl_typesupport_cpp: rosidl_typesupport_fastrtps_cpp;rosidl_typesupport_introspection_cpp\n'}
[1.201240] (-) TimerEvent: {}
[1.253933] (go2_nav) StdoutLine: {'line': b'running egg_info\n'}
[1.255072] (go2_nav) StdoutLine: {'line': b'writing ../../build/go2_nav/go2_nav.egg-info/PKG-INFO\n'}
[1.255585] (go2_nav) StdoutLine: {'line': b'writing dependency_links to ../../build/go2_nav/go2_nav.egg-info/dependency_links.txt\n'}
[1.255841] (go2_nav) StdoutLine: {'line': b'writing entry points to ../../build/go2_nav/go2_nav.egg-info/entry_points.txt\n'}
[1.256085] (go2_nav) StdoutLine: {'line': b'writing requirements to ../../build/go2_nav/go2_nav.egg-info/requires.txt\n'}
[1.256271] (go2_nav) StdoutLine: {'line': b'writing top-level names to ../../build/go2_nav/go2_nav.egg-info/top_level.txt\n'}
[1.258506] (go2_nav) StdoutLine: {'line': b"reading manifest file '../../build/go2_nav/go2_nav.egg-info/SOURCES.txt'\n"}
[1.259811] (go2_nav) StdoutLine: {'line': b"writing manifest file '../../build/go2_nav/go2_nav.egg-info/SOURCES.txt'\n"}
[1.260067] (go2_nav) StdoutLine: {'line': b'running build\n'}
[1.260207] (go2_nav) StdoutLine: {'line': b'running build_py\n'}
[1.260419] (go2_nav) StdoutLine: {'line': b'running install\n'}
[1.260790] (go2_nav) StdoutLine: {'line': b'running install_lib\n'}
[1.262254] (go2_nav) StdoutLine: {'line': b'running install_data\n'}
[1.262535] (go2_nav) StdoutLine: {'line': b'copying launch/slam_explore_sim.launch.py -> /home/safal/Desktop/unitreego2nav/install/go2_nav/share/go2_nav/launch\n'}
[1.262772] (go2_nav) StdoutLine: {'line': b'copying launch/explore_slam_sim.launch.py -> /home/safal/Desktop/unitreego2nav/install/go2_nav/share/go2_nav/launch\n'}
[1.262999] (go2_nav) StdoutLine: {'line': b'copying launch/navigatio.launch.py -> /home/safal/Desktop/unitreego2nav/install/go2_nav/share/go2_nav/launch\n'}
[1.263172] (go2_nav) StdoutLine: {'line': b'copying config/nav2_slam_params.yaml -> /home/safal/Desktop/unitreego2nav/install/go2_nav/share/go2_nav/config\n'}
[1.263348] (go2_nav) StdoutLine: {'line': b'copying config/explore_lite_params.yaml -> /home/safal/Desktop/unitreego2nav/install/go2_nav/share/go2_nav/config\n'}
[1.263531] (go2_nav) StdoutLine: {'line': b'running install_egg_info\n'}
[1.265572] (go2_nav) StdoutLine: {'line': b"removing '/home/safal/Desktop/unitreego2nav/install/go2_nav/lib/python3.10/site-packages/go2_nav-0.0.0-py3.10.egg-info' (and everything under it)\n"}
[1.266276] (go2_nav) StdoutLine: {'line': b'Copying ../../build/go2_nav/go2_nav.egg-info to /home/safal/Desktop/unitreego2nav/install/go2_nav/lib/python3.10/site-packages/go2_nav-0.0.0-py3.10.egg-info\n'}
[1.267650] (go2_nav) StdoutLine: {'line': b'running install_scripts\n'}
[1.268643] (multirobot_map_merge) StdoutLine: {'line': b'-- Found rmw_implementation_cmake: 6.1.2 (/opt/ros/humble/share/rmw_implementation_cmake/cmake)\n'}
[1.273884] (multirobot_map_merge) StdoutLine: {'line': b'-- Found rmw_fastrtps_cpp: 6.2.10 (/opt/ros/humble/share/rmw_fastrtps_cpp/cmake)\n'}
[1.291228] (go2_nav) StdoutLine: {'line': b'Installing go2_sport_bridge script to /home/safal/Desktop/unitreego2nav/install/go2_nav/lib/go2_nav\n'}
[1.291542] (go2_nav) StdoutLine: {'line': b'Installing odom_broadcast script to /home/safal/Desktop/unitreego2nav/install/go2_nav/lib/go2_nav\n'}
[1.291856] (go2_nav) StdoutLine: {'line': b"writing list of installed files to '/home/safal/Desktop/unitreego2nav/build/go2_nav/install.log'\n"}
[1.301347] (-) TimerEvent: {}
[1.319744] (go2_nav) CommandEnded: {'returncode': 0}
[1.333422] (go2_nav) JobEnded: {'identifier': 'go2_nav', 'rc': 0}
[1.394351] (multirobot_map_merge) StdoutLine: {'line': b'-- Found OpenSSL: /usr/lib/x86_64-linux-gnu/libcrypto.so (found version "3.0.2")\n'}
[1.401439] (-) TimerEvent: {}
[1.438000] (multirobot_map_merge) StdoutLine: {'line': b'-- Found FastRTPS: /opt/ros/humble/include\n'}
[1.490384] (multirobot_map_merge) StdoutLine: {'line': b"-- Using RMW implementation 'rmw_fastrtps_cpp' as default\n"}
[1.501591] (-) TimerEvent: {}
[1.504699] (multirobot_map_merge) StdoutLine: {'line': b'-- Performing Test CMAKE_HAVE_LIBC_PTHREAD\n'}
[1.529851] (explore_lite_msgs) StdoutLine: {'line': b'-- Found ament_cmake_ros: 0.10.0 (/opt/ros/humble/share/ament_cmake_ros/cmake)\n'}
[1.576768] (multirobot_map_merge) StdoutLine: {'line': b'-- Performing Test CMAKE_HAVE_LIBC_PTHREAD - Success\n'}
[1.578357] (multirobot_map_merge) StdoutLine: {'line': b'-- Found Threads: TRUE\n'}
[1.601622] (-) TimerEvent: {}
[1.671294] (multirobot_map_merge) StdoutLine: {'line': b'-- Found geometry_msgs: 4.9.1 (/opt/ros/humble/share/geometry_msgs/cmake)\n'}
[1.695107] (multirobot_map_merge) StdoutLine: {'line': b'-- Found image_geometry: 3.2.1 (/opt/ros/humble/share/image_geometry/cmake)\n'}
[1.701714] (-) TimerEvent: {}
[1.746552] (multirobot_map_merge) StdoutLine: {'line': b'-- Found map_msgs: 2.1.0 (/opt/ros/humble/share/map_msgs/cmake)\n'}
[1.801816] (-) TimerEvent: {}
[1.817112] (multirobot_map_merge) StdoutLine: {'line': b'-- Found tf2_geometry_msgs: 0.25.20 (/opt/ros/humble/share/tf2_geometry_msgs/cmake)\n'}
[1.851366] (multirobot_map_merge) StdoutLine: {'line': b'-- Found eigen3_cmake_module: 0.1.1 (/opt/ros/humble/share/eigen3_cmake_module/cmake)\n'}
[1.854525] (multirobot_map_merge) StdoutLine: {'line': b'-- Found Eigen3: TRUE (found version "3.4.0")\n'}
[1.854996] (multirobot_map_merge) StdoutLine: {'line': b'-- Ensuring Eigen3 include directory is part of orocos-kdl CMake target\n'}
[1.901918] (-) TimerEvent: {}
[2.002346] (-) TimerEvent: {}
[2.102818] (-) TimerEvent: {}
[2.117586] (multirobot_map_merge) StderrLine: {'line': b'\x1b[33mCMake Warning (dev) at CMakeLists.txt:29 (find_package):\n'}
[2.117897] (multirobot_map_merge) StderrLine: {'line': b'  Policy CMP0167 is not set: The FindBoost module is removed.  Run "cmake\n'}
[2.118066] (multirobot_map_merge) StderrLine: {'line': b'  --help-policy CMP0167" for policy details.  Use the cmake_policy command to\n'}
[2.118190] (multirobot_map_merge) StderrLine: {'line': b'  set the policy and suppress this warning.\n'}
[2.118309] (multirobot_map_merge) StderrLine: {'line': b'\n'}
[2.118430] (multirobot_map_merge) StderrLine: {'line': b'This warning is for project developers.  Use -Wno-dev to suppress it.\n'}
[2.118550] (multirobot_map_merge) StderrLine: {'line': b'\x1b[0m\n'}
[2.159108] (multirobot_map_merge) StdoutLine: {'line': b'-- Found Boost: /usr/lib/x86_64-linux-gnu/cmake/Boost-1.74.0/BoostConfig.cmake (found version "1.74.0") found components: thread\n'}
[2.170342] (multirobot_map_merge) StdoutLine: {'line': b'-- Found OpenCV: /usr (found version "4.5.4")\n'}
[2.193405] (multirobot_map_merge) StdoutLine: {'line': b'-- Found ament_lint_auto: 0.12.15 (/opt/ros/humble/share/ament_lint_auto/cmake)\n'}
[2.202897] (-) TimerEvent: {}
[2.222407] (explore_lite_msgs) StdoutLine: {'line': b'-- Using all available rosidl_typesupport_c: rosidl_typesupport_fastrtps_c;rosidl_typesupport_introspection_c\n'}
[2.303182] (-) TimerEvent: {}
[2.305558] (multirobot_map_merge) StdoutLine: {'line': b'-- Found ament_cmake_gtest: 1.3.14 (/opt/ros/humble/share/ament_cmake_gtest/cmake)\n'}
[2.312582] (multirobot_map_merge) StderrLine: {'line': b'--2026-07-01 18:05:53--  https://raw.githubusercontent.com/hrnr/m-explore-extra/master/map_merge/hector_maps/map00.pgm\n'}
[2.337919] (multirobot_map_merge) StderrLine: {'line': b'Resolving raw.githubusercontent.com (raw.githubusercontent.com)... 2606:50c0:8003::154, 2606:50c0:8001::154, 2606:50c0:8002::154, ...\n'}
[2.367161] (multirobot_map_merge) StderrLine: {'line': b'Connecting to raw.githubusercontent.com (raw.githubusercontent.com)|2606:50c0:8003::154|:443... connected.\n'}
[2.403209] (-) TimerEvent: {}
[2.503604] (-) TimerEvent: {}
[2.604000] (-) TimerEvent: {}
[2.704656] (-) TimerEvent: {}
[2.804985] (-) TimerEvent: {}
[2.905374] (-) TimerEvent: {}
[3.005782] (-) TimerEvent: {}
[3.106200] (-) TimerEvent: {}
[3.186970] (explore_lite_msgs) StdoutLine: {'line': b'-- Using all available rosidl_typesupport_cpp: rosidl_typesupport_fastrtps_cpp;rosidl_typesupport_introspection_cpp\n'}
[3.200344] (explore_lite_msgs) StderrLine: {'line': b'\x1b[33mCMake Warning (dev) at /opt/ros/humble/share/rosidl_generator_py/cmake/rosidl_generator_py_generate_interfaces.cmake:20 (find_package):\n'}
[3.200578] (explore_lite_msgs) StderrLine: {'line': b'  Policy CMP0148 is not set: The FindPythonInterp and FindPythonLibs modules\n'}
[3.200727] (explore_lite_msgs) StderrLine: {'line': b'  are removed.  Run "cmake --help-policy CMP0148" for policy details.  Use\n'}
[3.200812] (explore_lite_msgs) StderrLine: {'line': b'  the cmake_policy command to set the policy and suppress this warning.\n'}
[3.200887] (explore_lite_msgs) StderrLine: {'line': b'\n'}
[3.200963] (explore_lite_msgs) StderrLine: {'line': b'Call Stack (most recent call first):\n'}
[3.201028] (explore_lite_msgs) StderrLine: {'line': b'  /opt/ros/humble/share/ament_cmake_core/cmake/core/ament_execute_extensions.cmake:48 (include)\n'}
[3.201101] (explore_lite_msgs) StderrLine: {'line': b'  /opt/ros/humble/share/rosidl_cmake/cmake/rosidl_generate_interfaces.cmake:286 (ament_execute_extensions)\n'}
[3.201173] (explore_lite_msgs) StderrLine: {'line': b'  CMakeLists.txt:7 (rosidl_generate_interfaces)\n'}
[3.201245] (explore_lite_msgs) StderrLine: {'line': b'This warning is for project developers.  Use -Wno-dev to suppress it.\n'}
[3.201318] (explore_lite_msgs) StderrLine: {'line': b'\x1b[0m\n'}
[3.206331] (-) TimerEvent: {}
[3.244705] (explore_lite_msgs) StdoutLine: {'line': b'-- Found PythonInterp: /usr/bin/python3 (found suitable version "3.10.12", minimum required is "3.6")\n'}
[3.249958] (explore_lite_msgs) StdoutLine: {'line': b'-- Found python_cmake_module: 0.10.0 (/opt/ros/humble/share/python_cmake_module/cmake)\n'}
[3.251184] (explore_lite_msgs) StderrLine: {'line': b'\x1b[33mCMake Warning (dev) at /opt/ros/humble/share/python_cmake_module/cmake/Modules/FindPythonExtra.cmake:52 (find_package):\n'}
[3.251382] (explore_lite_msgs) StderrLine: {'line': b'  Policy CMP0148 is not set: The FindPythonInterp and FindPythonLibs modules\n'}
[3.251524] (explore_lite_msgs) StderrLine: {'line': b'  are removed.  Run "cmake --help-policy CMP0148" for policy details.  Use\n'}
[3.251684] (explore_lite_msgs) StderrLine: {'line': b'  the cmake_policy command to set the policy and suppress this warning.\n'}
[3.251843] (explore_lite_msgs) StderrLine: {'line': b'\n'}
[3.251978] (explore_lite_msgs) StderrLine: {'line': b'Call Stack (most recent call first):\n'}
[3.252094] (explore_lite_msgs) StderrLine: {'line': b'  /opt/ros/humble/share/rosidl_generator_py/cmake/rosidl_generator_py_generate_interfaces.cmake:23 (find_package)\n'}
[3.252257] (explore_lite_msgs) StderrLine: {'line': b'  /opt/ros/humble/share/ament_cmake_core/cmake/core/ament_execute_extensions.cmake:48 (include)\n'}
[3.252384] (explore_lite_msgs) StderrLine: {'line': b'  /opt/ros/humble/share/rosidl_cmake/cmake/rosidl_generate_interfaces.cmake:286 (ament_execute_extensions)\n'}
[3.252524] (explore_lite_msgs) StderrLine: {'line': b'  CMakeLists.txt:7 (rosidl_generate_interfaces)\n'}
[3.252672] (explore_lite_msgs) StderrLine: {'line': b'This warning is for project developers.  Use -Wno-dev to suppress it.\n'}
[3.252796] (explore_lite_msgs) StderrLine: {'line': b'\x1b[0m\n'}
[3.299111] (explore_lite_msgs) StderrLine: {'line': b'\x1b[33mCMake Warning (dev) at /opt/ros/humble/share/python_cmake_module/cmake/Modules/FindPythonExtra.cmake:140 (find_package):\n'}
[3.299405] (explore_lite_msgs) StderrLine: {'line': b'  Policy CMP0148 is not set: The FindPythonInterp and FindPythonLibs modules\n'}
[3.299569] (explore_lite_msgs) StderrLine: {'line': b'  are removed.  Run "cmake --help-policy CMP0148" for policy details.  Use\n'}
[3.299734] (explore_lite_msgs) StderrLine: {'line': b'  the cmake_policy command to set the policy and suppress this warning.\n'}
[3.299870] (explore_lite_msgs) StderrLine: {'line': b'\n'}
[3.300008] (explore_lite_msgs) StderrLine: {'line': b'Call Stack (most recent call first):\n'}
[3.300153] (explore_lite_msgs) StderrLine: {'line': b'  /opt/ros/humble/share/rosidl_generator_py/cmake/rosidl_generator_py_generate_interfaces.cmake:23 (find_package)\n'}
[3.300334] (explore_lite_msgs) StderrLine: {'line': b'  /opt/ros/humble/share/ament_cmake_core/cmake/core/ament_execute_extensions.cmake:48 (include)\n'}
[3.300471] (explore_lite_msgs) StderrLine: {'line': b'  /opt/ros/humble/share/rosidl_cmake/cmake/rosidl_generate_interfaces.cmake:286 (ament_execute_extensions)\n'}
[3.300648] (explore_lite_msgs) StderrLine: {'line': b'  CMakeLists.txt:7 (rosidl_generate_interfaces)\n'}
[3.300843] (explore_lite_msgs) StderrLine: {'line': b'This warning is for project developers.  Use -Wno-dev to suppress it.\n'}
[3.300979] (explore_lite_msgs) StderrLine: {'line': b'\x1b[0m\n'}
[3.306504] (-) TimerEvent: {}
[3.315992] (explore_lite_msgs) StdoutLine: {'line': b'-- Found PythonLibs: /usr/lib/x86_64-linux-gnu/libpython3.10.so (found suitable version "3.10.12", minimum required is "3.5")\n'}
[3.316356] (explore_lite_msgs) StdoutLine: {'line': b'-- Using PYTHON_EXECUTABLE: /usr/bin/python3\n'}
[3.316496] (explore_lite_msgs) StdoutLine: {'line': b'-- Using PYTHON_INCLUDE_DIRS: /usr/include/python3.10\n'}
[3.316640] (explore_lite_msgs) StdoutLine: {'line': b'-- Using PYTHON_LIBRARIES: /usr/lib/x86_64-linux-gnu/libpython3.10.so\n'}
[3.357694] (explore_lite_msgs) StdoutLine: {'line': b'-- Found PythonExtra: .so\n'}
[3.406644] (-) TimerEvent: {}
[3.507131] (-) TimerEvent: {}
[3.607491] (-) TimerEvent: {}
[3.694514] (explore_lite_msgs) StdoutLine: {'line': b'-- Configuring done (3.7s)\n'}
[3.707611] (-) TimerEvent: {}
[3.741853] (explore_lite_msgs) StdoutLine: {'line': b'-- Generating done (0.0s)\n'}
[3.760072] (explore_lite_msgs) StdoutLine: {'line': b'-- Build files have been written to: /home/safal/Desktop/unitreego2nav/build/explore_lite_msgs\n'}
[3.768026] (explore_lite_msgs) CommandEnded: {'returncode': 0}
[3.768770] (explore_lite_msgs) JobProgress: {'identifier': 'explore_lite_msgs', 'progress': 'build'}
[3.769661] (explore_lite_msgs) Command: {'cmd': ['/usr/bin/cmake', '--build', '/home/safal/Desktop/unitreego2nav/build/explore_lite_msgs', '--', '-j8', '-l8'], 'cwd': '/home/safal/Desktop/unitreego2nav/build/explore_lite_msgs', 'env': OrderedDict([('LESSOPEN', '| /usr/bin/lesspipe %s'), ('USER', 'safal'), ('LC_TIME', 'bho_NP'), ('XDG_SESSION_TYPE', 'wayland'), ('SHLVL', '1'), ('LD_LIBRARY_PATH', '/usr/lib/x86_64-linux-gnu/gazebo-11/plugins:/opt/ros/humble/opt/rviz_ogre_vendor/lib:/opt/ros/humble/lib/x86_64-linux-gnu:/opt/ros/humble/lib'), ('HOME', '/home/safal'), ('CONDA_SHLVL', '0'), ('OLDPWD', '/home/safal'), ('DESKTOP_SESSION', 'ubuntu'), ('ROS_PYTHON_VERSION', '3'), ('GNOME_SHELL_SESSION_MODE', 'ubuntu'), ('GTK_MODULES', 'gail:atk-bridge'), ('LC_MONETARY', 'bho_NP'), ('SYSTEMD_EXEC_PID', '1655'), ('DBUS_SESSION_BUS_ADDRESS', 'unix:path=/run/user/1000/bus'), ('COLORTERM', 'truecolor'), ('_CE_M', ''), ('_CONDA_ROOT', '/home/safal/miniconda3'), ('IM_CONFIG_PHASE', '1'), ('WAYLAND_DISPLAY', 'wayland-0'), ('ROS_DISTRO', 'humble'), ('LOGNAME', 'safal'), ('_', '/usr/bin/colcon'), ('ROS_VERSION', '2'), ('XDG_SESSION_CLASS', 'user'), ('USERNAME', 'safal'), ('TERM', 'xterm-256color'), ('GNOME_DESKTOP_SESSION_ID', 'this-is-deprecated'), ('_CE_CONDA', ''), ('ROS_LOCALHOST_ONLY', '0'), ('PATH', '/opt/ros/humble/bin:/home/safal/miniconda3/condabin:/home/safal/.local/bin:/usr/local/sbin:/usr/local/bin:/usr/sbin:/usr/bin:/sbin:/bin:/usr/games:/usr/local/games:/snap/bin:/snap/bin'), ('SESSION_MANAGER', 'local/safal:@/tmp/.ICE-unix/1615,unix/safal:/tmp/.ICE-unix/1615'), ('XDG_MENU_PREFIX', 'gnome-'), ('LC_ADDRESS', 'bho_NP'), ('GNOME_TERMINAL_SCREEN', '/org/gnome/Terminal/screen/1e56160b_9632_47f5_a587_c3e5614d5f40'), ('GNOME_SETUP_DISPLAY', ':1'), ('COLCON_CMAKE_ARGS', '-DCMAKE_POLICY_VERSION_MINIMUM=3.5'), ('XDG_RUNTIME_DIR', '/run/user/1000'), ('DISPLAY', ':0'), ('LANG', 'en_US.UTF-8'), ('XDG_CURRENT_DESKTOP', 'ubuntu:GNOME'), ('LC_TELEPHONE', 'bho_NP'), ('XMODIFIERS', '@im=ibus'), ('XDG_SESSION_DESKTOP', 'ubuntu'), ('XAUTHORITY', '/run/user/1000/.mutter-Xwaylandauth.TNARR3'), ('LS_COLORS', 'rs=0:di=01;34:ln=01;36:mh=00:pi=40;33:so=01;35:do=01;35:bd=40;33;01:cd=40;33;01:or=40;31;01:mi=00:su=37;41:sg=30;43:ca=30;41:tw=30;42:ow=34;42:st=37;44:ex=01;32:*.tar=01;31:*.tgz=01;31:*.arc=01;31:*.arj=01;31:*.taz=01;31:*.lha=01;31:*.lz4=01;31:*.lzh=01;31:*.lzma=01;31:*.tlz=01;31:*.txz=01;31:*.tzo=01;31:*.t7z=01;31:*.zip=01;31:*.z=01;31:*.dz=01;31:*.gz=01;31:*.lrz=01;31:*.lz=01;31:*.lzo=01;31:*.xz=01;31:*.zst=01;31:*.tzst=01;31:*.bz2=01;31:*.bz=01;31:*.tbz=01;31:*.tbz2=01;31:*.tz=01;31:*.deb=01;31:*.rpm=01;31:*.jar=01;31:*.war=01;31:*.ear=01;31:*.sar=01;31:*.rar=01;31:*.alz=01;31:*.ace=01;31:*.zoo=01;31:*.cpio=01;31:*.7z=01;31:*.rz=01;31:*.cab=01;31:*.wim=01;31:*.swm=01;31:*.dwm=01;31:*.esd=01;31:*.jpg=01;35:*.jpeg=01;35:*.mjpg=01;35:*.mjpeg=01;35:*.gif=01;35:*.bmp=01;35:*.pbm=01;35:*.pgm=01;35:*.ppm=01;35:*.tga=01;35:*.xbm=01;35:*.xpm=01;35:*.tif=01;35:*.tiff=01;35:*.png=01;35:*.svg=01;35:*.svgz=01;35:*.mng=01;35:*.pcx=01;35:*.mov=01;35:*.mpg=01;35:*.mpeg=01;35:*.m2v=01;35:*.mkv=01;35:*.webm=01;35:*.webp=01;35:*.ogm=01;35:*.mp4=01;35:*.m4v=01;35:*.mp4v=01;35:*.vob=01;35:*.qt=01;35:*.nuv=01;35:*.wmv=01;35:*.asf=01;35:*.rm=01;35:*.rmvb=01;35:*.flc=01;35:*.avi=01;35:*.fli=01;35:*.flv=01;35:*.gl=01;35:*.dl=01;35:*.xcf=01;35:*.xwd=01;35:*.yuv=01;35:*.cgm=01;35:*.emf=01;35:*.ogv=01;35:*.ogx=01;35:*.aac=00;36:*.au=00;36:*.flac=00;36:*.m4a=00;36:*.mid=00;36:*.midi=00;36:*.mka=00;36:*.mp3=00;36:*.mpc=00;36:*.ogg=00;36:*.ra=00;36:*.wav=00;36:*.oga=00;36:*.opus=00;36:*.spx=00;36:*.xspf=00;36:'), ('GNOME_TERMINAL_SERVICE', ':1.385'), ('SSH_AGENT_LAUNCHER', 'gnome-keyring'), ('SSH_AUTH_SOCK', '/run/user/1000/keyring/ssh'), ('AMENT_PREFIX_PATH', '/opt/ros/humble'), ('CONDA_PYTHON_EXE', '/home/safal/miniconda3/bin/python'), ('SHELL', '/bin/bash'), ('LC_NAME', 'bho_NP'), ('QT_ACCESSIBILITY', '1'), ('GDMSESSION', 'ubuntu'), ('LESSCLOSE', '/usr/bin/lesspipe %s %s'), ('LC_MEASUREMENT', 'bho_NP'), ('_CONDA_EXE', '/home/safal/miniconda3/bin/conda'), ('LC_IDENTIFICATION', 'bho_NP'), ('QT_IM_MODULE', 'ibus'), ('PWD', '/home/safal/Desktop/unitreego2nav/build/explore_lite_msgs'), ('LC_ALL', 'en_US.UTF-8'), ('XDG_CONFIG_DIRS', '/etc/xdg/xdg-ubuntu:/etc/xdg'), ('CONDA_EXE', '/home/safal/miniconda3/bin/conda'), ('XDG_DATA_DIRS', '/usr/share/ubuntu:/usr/local/share/:/usr/share/:/var/lib/snapd/desktop'), ('PYTHONPATH', '/opt/ros/humble/lib/python3.10/site-packages:/opt/ros/humble/local/lib/python3.10/dist-packages'), ('LC_NUMERIC', 'bho_NP'), ('LC_PAPER', 'bho_NP'), ('COLCON', '1'), ('VTE_VERSION', '6800'), ('CMAKE_PREFIX_PATH', '/opt/ros/humble')]), 'shell': False}
[3.796949] (explore_lite_msgs) StdoutLine: {'line': b'[  3%] \x1b[1m\x1b[34mGenerating C code for ROS interfaces\x1b[0m\n'}
[3.802926] (explore_lite_msgs) StdoutLine: {'line': b'[  9%] \x1b[1m\x1b[34mGenerating C++ code for ROS interfaces\x1b[0m\n'}
[3.803256] (explore_lite_msgs) StdoutLine: {'line': b'[  9%] \x1b[1m\x1b[34mGenerating Rust code for ROS interfaces\x1b[0m\n'}
[3.807723] (-) TimerEvent: {}
[3.808086] (explore_lite_msgs) StdoutLine: {'line': b'[  9%] Built target ament_cmake_python_copy_explore_lite_msgs\n'}
[3.907844] (-) TimerEvent: {}
[4.008173] (-) TimerEvent: {}
[4.111616] (-) TimerEvent: {}
[4.212068] (-) TimerEvent: {}
[4.225276] (explore_lite_msgs) StdoutLine: {'line': b'running egg_info\n'}
[4.226393] (explore_lite_msgs) StdoutLine: {'line': b'creating explore_lite_msgs.egg-info\n'}
[4.226890] (explore_lite_msgs) StdoutLine: {'line': b'writing explore_lite_msgs.egg-info/PKG-INFO\n'}
[4.227132] (explore_lite_msgs) StdoutLine: {'line': b'writing dependency_links to explore_lite_msgs.egg-info/dependency_links.txt\n'}
[4.227366] (explore_lite_msgs) StdoutLine: {'line': b'writing top-level names to explore_lite_msgs.egg-info/top_level.txt\n'}
[4.227726] (explore_lite_msgs) StdoutLine: {'line': b"writing manifest file 'explore_lite_msgs.egg-info/SOURCES.txt'\n"}
[4.232108] (explore_lite_msgs) StdoutLine: {'line': b"reading manifest file 'explore_lite_msgs.egg-info/SOURCES.txt'\n"}
[4.233191] (explore_lite_msgs) StdoutLine: {'line': b"writing manifest file 'explore_lite_msgs.egg-info/SOURCES.txt'\n"}
[4.238428] (explore_lite_msgs) StdoutLine: {'line': b'[  9%] Built target explore_lite_msgs__rs\n'}
[4.254133] (explore_lite_msgs) StdoutLine: {'line': b'[  9%] Built target explore_lite_msgs__cpp\n'}
[4.260996] (explore_lite_msgs) StdoutLine: {'line': b'[ 12%] \x1b[1m\x1b[34mGenerating C++ type support for eProsima Fast-RTPS\x1b[0m\n'}
[4.261332] (explore_lite_msgs) StdoutLine: {'line': b'[ 15%] \x1b[1m\x1b[34mGenerating C++ type support dispatch for ROS interfaces\x1b[0m\n'}
[4.262058] (explore_lite_msgs) StdoutLine: {'line': b'[ 18%] \x1b[1m\x1b[34mGenerating C++ introspection for ROS interfaces\x1b[0m\n'}
[4.269241] (explore_lite_msgs) StdoutLine: {'line': b'[ 21%] \x1b[32mBuilding C object CMakeFiles/explore_lite_msgs__rosidl_generator_c.dir/rosidl_generator_c/explore_lite_msgs/msg/detail/explore_status__functions.c.o\x1b[0m\n'}
[4.272566] (explore_lite_msgs) StdoutLine: {'line': b'[ 21%] Built target ament_cmake_python_build_explore_lite_msgs_egg\n'}
[4.312179] (-) TimerEvent: {}
[4.321802] (explore_lite_msgs) StdoutLine: {'line': b'[ 25%] \x1b[1m\x1b[32mLinking C shared library libexplore_lite_msgs__rosidl_generator_c.so\x1b[0m\n'}
[4.351386] (explore_lite_msgs) StdoutLine: {'line': b'[ 25%] Built target explore_lite_msgs__rosidl_generator_c\n'}
[4.357328] (explore_lite_msgs) StdoutLine: {'line': b'[ 28%] \x1b[1m\x1b[34mGenerating C type support dispatch for ROS interfaces\x1b[0m\n'}
[4.358699] (explore_lite_msgs) StdoutLine: {'line': b'[ 31%] \x1b[1m\x1b[34mGenerating C type support for eProsima Fast-RTPS\x1b[0m\n'}
[4.359837] (explore_lite_msgs) StdoutLine: {'line': b'[ 34%] \x1b[1m\x1b[34mGenerating C introspection for ROS interfaces\x1b[0m\n'}
[4.412283] (-) TimerEvent: {}
[4.512620] (-) TimerEvent: {}
[4.610679] (explore_lite_msgs) StdoutLine: {'line': b'[ 40%] \x1b[32mBuilding CXX object CMakeFiles/explore_lite_msgs__rosidl_typesupport_introspection_cpp.dir/rosidl_typesupport_introspection_cpp/explore_lite_msgs/msg/detail/explore_status__type_support.cpp.o\x1b[0m\n'}
[4.610955] (explore_lite_msgs) StdoutLine: {'line': b'[ 40%] \x1b[32mBuilding CXX object CMakeFiles/explore_lite_msgs__rosidl_typesupport_fastrtps_cpp.dir/rosidl_typesupport_fastrtps_cpp/explore_lite_msgs/msg/detail/dds_fastrtps/explore_status__type_support.cpp.o\x1b[0m\n'}
[4.612703] (-) TimerEvent: {}
[4.713014] (-) TimerEvent: {}
[4.780686] (explore_lite_msgs) StdoutLine: {'line': b'[ 43%] \x1b[32mBuilding CXX object CMakeFiles/explore_lite_msgs__rosidl_typesupport_cpp.dir/rosidl_typesupport_cpp/explore_lite_msgs/msg/explore_status__type_support.cpp.o\x1b[0m\n'}
[4.815639] (-) TimerEvent: {}
[4.837685] (explore_lite_msgs) StdoutLine: {'line': b'[ 46%] \x1b[32mBuilding CXX object CMakeFiles/explore_lite_msgs__rosidl_typesupport_c.dir/rosidl_typesupport_c/explore_lite_msgs/msg/explore_status__type_support.cpp.o\x1b[0m\n'}
[4.854623] (explore_lite_msgs) StdoutLine: {'line': b'[ 50%] \x1b[32mBuilding CXX object CMakeFiles/explore_lite_msgs__rosidl_typesupport_fastrtps_c.dir/rosidl_typesupport_fastrtps_c/explore_lite_msgs/msg/detail/explore_status__type_support_c.cpp.o\x1b[0m\n'}
[4.876938] (explore_lite_msgs) StdoutLine: {'line': b'[ 53%] \x1b[1m\x1b[32mLinking CXX shared library libexplore_lite_msgs__rosidl_typesupport_c.so\x1b[0m\n'}
[4.889062] (explore_lite_msgs) StdoutLine: {'line': b'[ 56%] \x1b[32mBuilding C object CMakeFiles/explore_lite_msgs__rosidl_typesupport_introspection_c.dir/rosidl_typesupport_introspection_c/explore_lite_msgs/msg/detail/explore_status__type_support.c.o\x1b[0m\n'}
[4.911165] (explore_lite_msgs) StdoutLine: {'line': b'[ 56%] Built target explore_lite_msgs__rosidl_typesupport_c\n'}
[4.915743] (-) TimerEvent: {}
[4.934257] (explore_lite_msgs) StdoutLine: {'line': b'[ 59%] \x1b[1m\x1b[32mLinking C shared library libexplore_lite_msgs__rosidl_typesupport_introspection_c.so\x1b[0m\n'}
[4.968538] (explore_lite_msgs) StdoutLine: {'line': b'[ 59%] Built target explore_lite_msgs__rosidl_typesupport_introspection_c\n'}
[5.015881] (-) TimerEvent: {}
[5.116197] (-) TimerEvent: {}
[5.156352] (explore_lite_msgs) StdoutLine: {'line': b'[ 62%] \x1b[1m\x1b[32mLinking CXX shared library libexplore_lite_msgs__rosidl_typesupport_cpp.so\x1b[0m\n'}
[5.190082] (explore_lite_msgs) StdoutLine: {'line': b'[ 62%] Built target explore_lite_msgs__rosidl_typesupport_cpp\n'}
[5.212683] (explore_lite_msgs) StdoutLine: {'line': b'[ 65%] \x1b[1m\x1b[32mLinking CXX shared library libexplore_lite_msgs__rosidl_typesupport_introspection_cpp.so\x1b[0m\n'}
[5.216286] (-) TimerEvent: {}
[5.218655] (explore_lite_msgs) StdoutLine: {'line': b'[ 68%] \x1b[1m\x1b[32mLinking CXX shared library libexplore_lite_msgs__rosidl_typesupport_fastrtps_cpp.so\x1b[0m\n'}
[5.253119] (explore_lite_msgs) StdoutLine: {'line': b'[ 71%] \x1b[1m\x1b[32mLinking CXX shared library libexplore_lite_msgs__rosidl_typesupport_fastrtps_c.so\x1b[0m\n'}
[5.283866] (explore_lite_msgs) StdoutLine: {'line': b'[ 71%] Built target explore_lite_msgs__rosidl_typesupport_introspection_cpp\n'}
[5.307241] (explore_lite_msgs) StdoutLine: {'line': b'[ 71%] Built target explore_lite_msgs__rosidl_typesupport_fastrtps_cpp\n'}
[5.316417] (-) TimerEvent: {}
[5.327372] (explore_lite_msgs) StdoutLine: {'line': b'[ 71%] Built target explore_lite_msgs__rosidl_typesupport_fastrtps_c\n'}
[5.336143] (explore_lite_msgs) StdoutLine: {'line': b'[ 71%] Built target explore_lite_msgs\n'}
[5.346318] (explore_lite_msgs) StdoutLine: {'line': b'[ 75%] \x1b[1m\x1b[34mGenerating Python code for ROS interfaces\x1b[0m\n'}
[5.416532] (-) TimerEvent: {}
[5.516880] (-) TimerEvent: {}
[5.617220] (-) TimerEvent: {}
[5.692128] (explore_lite_msgs) StdoutLine: {'line': b'[ 75%] Built target explore_lite_msgs__py\n'}
[5.701149] (explore_lite_msgs) StdoutLine: {'line': b'[ 78%] \x1b[32mBuilding C object CMakeFiles/explore_lite_msgs__rosidl_generator_py.dir/rosidl_generator_py/explore_lite_msgs/msg/_explore_status_s.c.o\x1b[0m\n'}
[5.717343] (-) TimerEvent: {}
[5.804130] (explore_lite_msgs) StdoutLine: {'line': b'[ 81%] \x1b[1m\x1b[32mLinking C shared library rosidl_generator_py/explore_lite_msgs/libexplore_lite_msgs__rosidl_generator_py.so\x1b[0m\n'}
[5.817476] (-) TimerEvent: {}
[5.829896] (explore_lite_msgs) StdoutLine: {'line': b'[ 81%] Built target explore_lite_msgs__rosidl_generator_py\n'}
[5.840232] (explore_lite_msgs) StdoutLine: {'line': b'[ 90%] \x1b[32mBuilding C object CMakeFiles/explore_lite_msgs__rosidl_typesupport_fastrtps_c__pyext.dir/rosidl_generator_py/explore_lite_msgs/_explore_lite_msgs_s.ep.rosidl_typesupport_fastrtps_c.c.o\x1b[0m\n'}
[5.840479] (explore_lite_msgs) StdoutLine: {'line': b'[ 90%] \x1b[32mBuilding C object CMakeFiles/explore_lite_msgs__rosidl_typesupport_c__pyext.dir/rosidl_generator_py/explore_lite_msgs/_explore_lite_msgs_s.ep.rosidl_typesupport_c.c.o\x1b[0m\n'}
[5.840646] (explore_lite_msgs) StdoutLine: {'line': b'[ 90%] \x1b[32mBuilding C object CMakeFiles/explore_lite_msgs__rosidl_typesupport_introspection_c__pyext.dir/rosidl_generator_py/explore_lite_msgs/_explore_lite_msgs_s.ep.rosidl_typesupport_introspection_c.c.o\x1b[0m\n'}
[5.917611] (-) TimerEvent: {}
[5.932758] (explore_lite_msgs) StdoutLine: {'line': b'[ 93%] \x1b[1m\x1b[32mLinking C shared library rosidl_generator_py/explore_lite_msgs/explore_lite_msgs_s__rosidl_typesupport_c.cpython-310-x86_64-linux-gnu.so\x1b[0m\n'}
[5.933079] (explore_lite_msgs) StdoutLine: {'line': b'[ 96%] \x1b[1m\x1b[32mLinking C shared library rosidl_generator_py/explore_lite_msgs/explore_lite_msgs_s__rosidl_typesupport_introspection_c.cpython-310-x86_64-linux-gnu.so\x1b[0m\n'}
[5.947106] (explore_lite_msgs) StdoutLine: {'line': b'[100%] \x1b[1m\x1b[32mLinking C shared library rosidl_generator_py/explore_lite_msgs/explore_lite_msgs_s__rosidl_typesupport_fastrtps_c.cpython-310-x86_64-linux-gnu.so\x1b[0m\n'}
[5.958024] (explore_lite_msgs) StdoutLine: {'line': b'[100%] Built target explore_lite_msgs__rosidl_typesupport_c__pyext\n'}
[5.958641] (explore_lite_msgs) StdoutLine: {'line': b'[100%] Built target explore_lite_msgs__rosidl_typesupport_introspection_c__pyext\n'}
[5.972899] (explore_lite_msgs) StdoutLine: {'line': b'[100%] Built target explore_lite_msgs__rosidl_typesupport_fastrtps_c__pyext\n'}
[5.978333] (explore_lite_msgs) CommandEnded: {'returncode': 0}
[5.979209] (explore_lite_msgs) JobProgress: {'identifier': 'explore_lite_msgs', 'progress': 'install'}
[5.983275] (explore_lite_msgs) Command: {'cmd': ['/usr/bin/cmake', '--install', '/home/safal/Desktop/unitreego2nav/build/explore_lite_msgs'], 'cwd': '/home/safal/Desktop/unitreego2nav/build/explore_lite_msgs', 'env': OrderedDict([('LESSOPEN', '| /usr/bin/lesspipe %s'), ('USER', 'safal'), ('LC_TIME', 'bho_NP'), ('XDG_SESSION_TYPE', 'wayland'), ('SHLVL', '1'), ('LD_LIBRARY_PATH', '/usr/lib/x86_64-linux-gnu/gazebo-11/plugins:/opt/ros/humble/opt/rviz_ogre_vendor/lib:/opt/ros/humble/lib/x86_64-linux-gnu:/opt/ros/humble/lib'), ('HOME', '/home/safal'), ('CONDA_SHLVL', '0'), ('OLDPWD', '/home/safal'), ('DESKTOP_SESSION', 'ubuntu'), ('ROS_PYTHON_VERSION', '3'), ('GNOME_SHELL_SESSION_MODE', 'ubuntu'), ('GTK_MODULES', 'gail:atk-bridge'), ('LC_MONETARY', 'bho_NP'), ('SYSTEMD_EXEC_PID', '1655'), ('DBUS_SESSION_BUS_ADDRESS', 'unix:path=/run/user/1000/bus'), ('COLORTERM', 'truecolor'), ('_CE_M', ''), ('_CONDA_ROOT', '/home/safal/miniconda3'), ('IM_CONFIG_PHASE', '1'), ('WAYLAND_DISPLAY', 'wayland-0'), ('ROS_DISTRO', 'humble'), ('LOGNAME', 'safal'), ('_', '/usr/bin/colcon'), ('ROS_VERSION', '2'), ('XDG_SESSION_CLASS', 'user'), ('USERNAME', 'safal'), ('TERM', 'xterm-256color'), ('GNOME_DESKTOP_SESSION_ID', 'this-is-deprecated'), ('_CE_CONDA', ''), ('ROS_LOCALHOST_ONLY', '0'), ('PATH', '/opt/ros/humble/bin:/home/safal/miniconda3/condabin:/home/safal/.local/bin:/usr/local/sbin:/usr/local/bin:/usr/sbin:/usr/bin:/sbin:/bin:/usr/games:/usr/local/games:/snap/bin:/snap/bin'), ('SESSION_MANAGER', 'local/safal:@/tmp/.ICE-unix/1615,unix/safal:/tmp/.ICE-unix/1615'), ('XDG_MENU_PREFIX', 'gnome-'), ('LC_ADDRESS', 'bho_NP'), ('GNOME_TERMINAL_SCREEN', '/org/gnome/Terminal/screen/1e56160b_9632_47f5_a587_c3e5614d5f40'), ('GNOME_SETUP_DISPLAY', ':1'), ('COLCON_CMAKE_ARGS', '-DCMAKE_POLICY_VERSION_MINIMUM=3.5'), ('XDG_RUNTIME_DIR', '/run/user/1000'), ('DISPLAY', ':0'), ('LANG', 'en_US.UTF-8'), ('XDG_CURRENT_DESKTOP', 'ubuntu:GNOME'), ('LC_TELEPHONE', 'bho_NP'), ('XMODIFIERS', '@im=ibus'), ('XDG_SESSION_DESKTOP', 'ubuntu'), ('XAUTHORITY', '/run/user/1000/.mutter-Xwaylandauth.TNARR3'), ('LS_COLORS', 'rs=0:di=01;34:ln=01;36:mh=00:pi=40;33:so=01;35:do=01;35:bd=40;33;01:cd=40;33;01:or=40;31;01:mi=00:su=37;41:sg=30;43:ca=30;41:tw=30;42:ow=34;42:st=37;44:ex=01;32:*.tar=01;31:*.tgz=01;31:*.arc=01;31:*.arj=01;31:*.taz=01;31:*.lha=01;31:*.lz4=01;31:*.lzh=01;31:*.lzma=01;31:*.tlz=01;31:*.txz=01;31:*.tzo=01;31:*.t7z=01;31:*.zip=01;31:*.z=01;31:*.dz=01;31:*.gz=01;31:*.lrz=01;31:*.lz=01;31:*.lzo=01;31:*.xz=01;31:*.zst=01;31:*.tzst=01;31:*.bz2=01;31:*.bz=01;31:*.tbz=01;31:*.tbz2=01;31:*.tz=01;31:*.deb=01;31:*.rpm=01;31:*.jar=01;31:*.war=01;31:*.ear=01;31:*.sar=01;31:*.rar=01;31:*.alz=01;31:*.ace=01;31:*.zoo=01;31:*.cpio=01;31:*.7z=01;31:*.rz=01;31:*.cab=01;31:*.wim=01;31:*.swm=01;31:*.dwm=01;31:*.esd=01;31:*.jpg=01;35:*.jpeg=01;35:*.mjpg=01;35:*.mjpeg=01;35:*.gif=01;35:*.bmp=01;35:*.pbm=01;35:*.pgm=01;35:*.ppm=01;35:*.tga=01;35:*.xbm=01;35:*.xpm=01;35:*.tif=01;35:*.tiff=01;35:*.png=01;35:*.svg=01;35:*.svgz=01;35:*.mng=01;35:*.pcx=01;35:*.mov=01;35:*.mpg=01;35:*.mpeg=01;35:*.m2v=01;35:*.mkv=01;35:*.webm=01;35:*.webp=01;35:*.ogm=01;35:*.mp4=01;35:*.m4v=01;35:*.mp4v=01;35:*.vob=01;35:*.qt=01;35:*.nuv=01;35:*.wmv=01;35:*.asf=01;35:*.rm=01;35:*.rmvb=01;35:*.flc=01;35:*.avi=01;35:*.fli=01;35:*.flv=01;35:*.gl=01;35:*.dl=01;35:*.xcf=01;35:*.xwd=01;35:*.yuv=01;35:*.cgm=01;35:*.emf=01;35:*.ogv=01;35:*.ogx=01;35:*.aac=00;36:*.au=00;36:*.flac=00;36:*.m4a=00;36:*.mid=00;36:*.midi=00;36:*.mka=00;36:*.mp3=00;36:*.mpc=00;36:*.ogg=00;36:*.ra=00;36:*.wav=00;36:*.oga=00;36:*.opus=00;36:*.spx=00;36:*.xspf=00;36:'), ('GNOME_TERMINAL_SERVICE', ':1.385'), ('SSH_AGENT_LAUNCHER', 'gnome-keyring'), ('SSH_AUTH_SOCK', '/run/user/1000/keyring/ssh'), ('AMENT_PREFIX_PATH', '/opt/ros/humble'), ('CONDA_PYTHON_EXE', '/home/safal/miniconda3/bin/python'), ('SHELL', '/bin/bash'), ('LC_NAME', 'bho_NP'), ('QT_ACCESSIBILITY', '1'), ('GDMSESSION', 'ubuntu'), ('LESSCLOSE', '/usr/bin/lesspipe %s %s'), ('LC_MEASUREMENT', 'bho_NP'), ('_CONDA_EXE', '/home/safal/miniconda3/bin/conda'), ('LC_IDENTIFICATION', 'bho_NP'), ('QT_IM_MODULE', 'ibus'), ('PWD', '/home/safal/Desktop/unitreego2nav/build/explore_lite_msgs'), ('LC_ALL', 'en_US.UTF-8'), ('XDG_CONFIG_DIRS', '/etc/xdg/xdg-ubuntu:/etc/xdg'), ('CONDA_EXE', '/home/safal/miniconda3/bin/conda'), ('XDG_DATA_DIRS', '/usr/share/ubuntu:/usr/local/share/:/usr/share/:/var/lib/snapd/desktop'), ('PYTHONPATH', '/opt/ros/humble/lib/python3.10/site-packages:/opt/ros/humble/local/lib/python3.10/dist-packages'), ('LC_NUMERIC', 'bho_NP'), ('LC_PAPER', 'bho_NP'), ('COLCON', '1'), ('VTE_VERSION', '6800'), ('CMAKE_PREFIX_PATH', '/opt/ros/humble')]), 'shell': False}
[5.987924] (explore_lite_msgs) StdoutLine: {'line': b'-- Install configuration: ""\n'}
[5.988202] (explore_lite_msgs) StdoutLine: {'line': b'-- Installing: /home/safal/Desktop/unitreego2nav/install/explore_lite_msgs/share/ament_index/resource_index/rosidl_interfaces/explore_lite_msgs\n'}
[5.988373] (explore_lite_msgs) StdoutLine: {'line': b'-- Installing: /home/safal/Desktop/unitreego2nav/install/explore_lite_msgs/include/explore_lite_msgs/explore_lite_msgs\n'}
[5.988504] (explore_lite_msgs) StdoutLine: {'line': b'-- Installing: /home/safal/Desktop/unitreego2nav/install/explore_lite_msgs/include/explore_lite_msgs/explore_lite_msgs/msg\n'}
[5.988653] (explore_lite_msgs) StdoutLine: {'line': b'-- Installing: /home/safal/Desktop/unitreego2nav/install/explore_lite_msgs/include/explore_lite_msgs/explore_lite_msgs/msg/detail\n'}
[5.988788] (explore_lite_msgs) StdoutLine: {'line': b'-- Installing: /home/safal/Desktop/unitreego2nav/install/explore_lite_msgs/include/explore_lite_msgs/explore_lite_msgs/msg/detail/explore_status__type_support.h\n'}
[5.988932] (explore_lite_msgs) StdoutLine: {'line': b'-- Installing: /home/safal/Desktop/unitreego2nav/install/explore_lite_msgs/include/explore_lite_msgs/explore_lite_msgs/msg/detail/explore_status__struct.h\n'}
[5.989080] (explore_lite_msgs) StdoutLine: {'line': b'-- Installing: /home/safal/Desktop/unitreego2nav/install/explore_lite_msgs/include/explore_lite_msgs/explore_lite_msgs/msg/detail/explore_status__functions.h\n'}
[5.989230] (explore_lite_msgs) StdoutLine: {'line': b'-- Installing: /home/safal/Desktop/unitreego2nav/install/explore_lite_msgs/include/explore_lite_msgs/explore_lite_msgs/msg/detail/explore_status__functions.c\n'}
[5.989342] (explore_lite_msgs) StdoutLine: {'line': b'-- Installing: /home/safal/Desktop/unitreego2nav/install/explore_lite_msgs/include/explore_lite_msgs/explore_lite_msgs/msg/rosidl_generator_c__visibility_control.h\n'}
[5.989472] (explore_lite_msgs) StdoutLine: {'line': b'-- Installing: /home/safal/Desktop/unitreego2nav/install/explore_lite_msgs/include/explore_lite_msgs/explore_lite_msgs/msg/explore_status.h\n'}
[5.989608] (explore_lite_msgs) StdoutLine: {'line': b'-- Installing: /home/safal/Desktop/unitreego2nav/install/explore_lite_msgs/share/explore_lite_msgs/environment/library_path.sh\n'}
[5.989733] (explore_lite_msgs) StdoutLine: {'line': b'-- Installing: /home/safal/Desktop/unitreego2nav/install/explore_lite_msgs/share/explore_lite_msgs/environment/library_path.dsv\n'}
[5.989853] (explore_lite_msgs) StdoutLine: {'line': b'-- Installing: /home/safal/Desktop/unitreego2nav/install/explore_lite_msgs/lib/libexplore_lite_msgs__rosidl_generator_c.so\n'}
[5.990220] (explore_lite_msgs) StdoutLine: {'line': b'-- Set non-toolchain portion of runtime path of "/home/safal/Desktop/unitreego2nav/install/explore_lite_msgs/lib/libexplore_lite_msgs__rosidl_generator_c.so" to ""\n'}
[5.990406] (explore_lite_msgs) StdoutLine: {'line': b'-- Up-to-date: /home/safal/Desktop/unitreego2nav/install/explore_lite_msgs/include/explore_lite_msgs/explore_lite_msgs\n'}
[5.990532] (explore_lite_msgs) StdoutLine: {'line': b'-- Up-to-date: /home/safal/Desktop/unitreego2nav/install/explore_lite_msgs/include/explore_lite_msgs/explore_lite_msgs/msg\n'}
[5.990675] (explore_lite_msgs) StdoutLine: {'line': b'-- Up-to-date: /home/safal/Desktop/unitreego2nav/install/explore_lite_msgs/include/explore_lite_msgs/explore_lite_msgs/msg/detail\n'}
[5.990794] (explore_lite_msgs) StdoutLine: {'line': b'-- Installing: /home/safal/Desktop/unitreego2nav/install/explore_lite_msgs/include/explore_lite_msgs/explore_lite_msgs/msg/detail/explore_status__rosidl_typesupport_fastrtps_c.h\n'}
[5.990873] (explore_lite_msgs) StdoutLine: {'line': b'-- Installing: /home/safal/Desktop/unitreego2nav/install/explore_lite_msgs/include/explore_lite_msgs/explore_lite_msgs/msg/rosidl_typesupport_fastrtps_c__visibility_control.h\n'}
[5.990951] (explore_lite_msgs) StdoutLine: {'line': b'-- Installing: /home/safal/Desktop/unitreego2nav/install/explore_lite_msgs/lib/libexplore_lite_msgs__rosidl_typesupport_fastrtps_c.so\n'}
[5.991088] (explore_lite_msgs) StdoutLine: {'line': b'-- Set non-toolchain portion of runtime path of "/home/safal/Desktop/unitreego2nav/install/explore_lite_msgs/lib/libexplore_lite_msgs__rosidl_typesupport_fastrtps_c.so" to ""\n'}
[5.991236] (explore_lite_msgs) StdoutLine: {'line': b'-- Up-to-date: /home/safal/Desktop/unitreego2nav/install/explore_lite_msgs/include/explore_lite_msgs/explore_lite_msgs\n'}
[5.991412] (explore_lite_msgs) StdoutLine: {'line': b'-- Up-to-date: /home/safal/Desktop/unitreego2nav/install/explore_lite_msgs/include/explore_lite_msgs/explore_lite_msgs/msg\n'}
[5.991509] (explore_lite_msgs) StdoutLine: {'line': b'-- Installing: /home/safal/Desktop/unitreego2nav/install/explore_lite_msgs/include/explore_lite_msgs/explore_lite_msgs/msg/rosidl_typesupport_introspection_c__visibility_control.h\n'}
[5.991666] (explore_lite_msgs) StdoutLine: {'line': b'-- Up-to-date: /home/safal/Desktop/unitreego2nav/install/explore_lite_msgs/include/explore_lite_msgs/explore_lite_msgs/msg/detail\n'}
[5.991794] (explore_lite_msgs) StdoutLine: {'line': b'-- Installing: /home/safal/Desktop/unitreego2nav/install/explore_lite_msgs/include/explore_lite_msgs/explore_lite_msgs/msg/detail/explore_status__rosidl_typesupport_introspection_c.h\n'}
[5.991873] (explore_lite_msgs) StdoutLine: {'line': b'-- Installing: /home/safal/Desktop/unitreego2nav/install/explore_lite_msgs/include/explore_lite_msgs/explore_lite_msgs/msg/detail/explore_status__type_support.c\n'}
[5.991951] (explore_lite_msgs) StdoutLine: {'line': b'-- Installing: /home/safal/Desktop/unitreego2nav/install/explore_lite_msgs/lib/libexplore_lite_msgs__rosidl_typesupport_introspection_c.so\n'}
[5.992081] (explore_lite_msgs) StdoutLine: {'line': b'-- Set non-toolchain portion of runtime path of "/home/safal/Desktop/unitreego2nav/install/explore_lite_msgs/lib/libexplore_lite_msgs__rosidl_typesupport_introspection_c.so" to ""\n'}
[5.992206] (explore_lite_msgs) StdoutLine: {'line': b'-- Installing: /home/safal/Desktop/unitreego2nav/install/explore_lite_msgs/lib/libexplore_lite_msgs__rosidl_typesupport_c.so\n'}
[5.992430] (explore_lite_msgs) StdoutLine: {'line': b'-- Set non-toolchain portion of runtime path of "/home/safal/Desktop/unitreego2nav/install/explore_lite_msgs/lib/libexplore_lite_msgs__rosidl_typesupport_c.so" to ""\n'}
[5.992588] (explore_lite_msgs) StdoutLine: {'line': b'-- Up-to-date: /home/safal/Desktop/unitreego2nav/install/explore_lite_msgs/include/explore_lite_msgs/explore_lite_msgs\n'}
[5.992785] (explore_lite_msgs) StdoutLine: {'line': b'-- Up-to-date: /home/safal/Desktop/unitreego2nav/install/explore_lite_msgs/include/explore_lite_msgs/explore_lite_msgs/msg\n'}
[5.992904] (explore_lite_msgs) StdoutLine: {'line': b'-- Installing: /home/safal/Desktop/unitreego2nav/install/explore_lite_msgs/include/explore_lite_msgs/explore_lite_msgs/msg/rosidl_generator_cpp__visibility_control.hpp\n'}
[5.993012] (explore_lite_msgs) StdoutLine: {'line': b'-- Up-to-date: /home/safal/Desktop/unitreego2nav/install/explore_lite_msgs/include/explore_lite_msgs/explore_lite_msgs/msg/detail\n'}
[5.993119] (explore_lite_msgs) StdoutLine: {'line': b'-- Installing: /home/safal/Desktop/unitreego2nav/install/explore_lite_msgs/include/explore_lite_msgs/explore_lite_msgs/msg/detail/explore_status__traits.hpp\n'}
[5.993262] (explore_lite_msgs) StdoutLine: {'line': b'-- Installing: /home/safal/Desktop/unitreego2nav/install/explore_lite_msgs/include/explore_lite_msgs/explore_lite_msgs/msg/detail/explore_status__struct.hpp\n'}
[5.993460] (explore_lite_msgs) StdoutLine: {'line': b'-- Installing: /home/safal/Desktop/unitreego2nav/install/explore_lite_msgs/include/explore_lite_msgs/explore_lite_msgs/msg/detail/explore_status__type_support.hpp\n'}
[5.993596] (explore_lite_msgs) StdoutLine: {'line': b'-- Installing: /home/safal/Desktop/unitreego2nav/install/explore_lite_msgs/include/explore_lite_msgs/explore_lite_msgs/msg/detail/explore_status__builder.hpp\n'}
[5.993730] (explore_lite_msgs) StdoutLine: {'line': b'-- Installing: /home/safal/Desktop/unitreego2nav/install/explore_lite_msgs/include/explore_lite_msgs/explore_lite_msgs/msg/explore_status.hpp\n'}
[5.993866] (explore_lite_msgs) StdoutLine: {'line': b'-- Up-to-date: /home/safal/Desktop/unitreego2nav/install/explore_lite_msgs/include/explore_lite_msgs/explore_lite_msgs\n'}
[5.993977] (explore_lite_msgs) StdoutLine: {'line': b'-- Up-to-date: /home/safal/Desktop/unitreego2nav/install/explore_lite_msgs/include/explore_lite_msgs/explore_lite_msgs/msg\n'}
[5.994113] (explore_lite_msgs) StdoutLine: {'line': b'-- Up-to-date: /home/safal/Desktop/unitreego2nav/install/explore_lite_msgs/include/explore_lite_msgs/explore_lite_msgs/msg/detail\n'}
[5.994196] (explore_lite_msgs) StdoutLine: {'line': b'-- Installing: /home/safal/Desktop/unitreego2nav/install/explore_lite_msgs/include/explore_lite_msgs/explore_lite_msgs/msg/detail/explore_status__rosidl_typesupport_fastrtps_cpp.hpp\n'}
[5.994327] (explore_lite_msgs) StdoutLine: {'line': b'-- Installing: /home/safal/Desktop/unitreego2nav/install/explore_lite_msgs/include/explore_lite_msgs/explore_lite_msgs/msg/detail/dds_fastrtps\n'}
[5.994482] (explore_lite_msgs) StdoutLine: {'line': b'-- Installing: /home/safal/Desktop/unitreego2nav/install/explore_lite_msgs/include/explore_lite_msgs/explore_lite_msgs/msg/rosidl_typesupport_fastrtps_cpp__visibility_control.h\n'}
[5.994587] (explore_lite_msgs) StdoutLine: {'line': b'-- Installing: /home/safal/Desktop/unitreego2nav/install/explore_lite_msgs/lib/libexplore_lite_msgs__rosidl_typesupport_fastrtps_cpp.so\n'}
[5.994722] (explore_lite_msgs) StdoutLine: {'line': b'-- Set non-toolchain portion of runtime path of "/home/safal/Desktop/unitreego2nav/install/explore_lite_msgs/lib/libexplore_lite_msgs__rosidl_typesupport_fastrtps_cpp.so" to ""\n'}
[5.994832] (explore_lite_msgs) StdoutLine: {'line': b'-- Up-to-date: /home/safal/Desktop/unitreego2nav/install/explore_lite_msgs/include/explore_lite_msgs/explore_lite_msgs\n'}
[5.994953] (explore_lite_msgs) StdoutLine: {'line': b'-- Up-to-date: /home/safal/Desktop/unitreego2nav/install/explore_lite_msgs/include/explore_lite_msgs/explore_lite_msgs/msg\n'}
[5.995039] (explore_lite_msgs) StdoutLine: {'line': b'-- Up-to-date: /home/safal/Desktop/unitreego2nav/install/explore_lite_msgs/include/explore_lite_msgs/explore_lite_msgs/msg/detail\n'}
[5.995202] (explore_lite_msgs) StdoutLine: {'line': b'-- Installing: /home/safal/Desktop/unitreego2nav/install/explore_lite_msgs/include/explore_lite_msgs/explore_lite_msgs/msg/detail/explore_status__type_support.cpp\n'}
[5.995343] (explore_lite_msgs) StdoutLine: {'line': b'-- Installing: /home/safal/Desktop/unitreego2nav/install/explore_lite_msgs/include/explore_lite_msgs/explore_lite_msgs/msg/detail/explore_status__rosidl_typesupport_introspection_cpp.hpp\n'}
[5.995481] (explore_lite_msgs) StdoutLine: {'line': b'-- Installing: /home/safal/Desktop/unitreego2nav/install/explore_lite_msgs/lib/libexplore_lite_msgs__rosidl_typesupport_introspection_cpp.so\n'}
[5.995668] (explore_lite_msgs) StdoutLine: {'line': b'-- Set non-toolchain portion of runtime path of "/home/safal/Desktop/unitreego2nav/install/explore_lite_msgs/lib/libexplore_lite_msgs__rosidl_typesupport_introspection_cpp.so" to ""\n'}
[5.995833] (explore_lite_msgs) StdoutLine: {'line': b'-- Installing: /home/safal/Desktop/unitreego2nav/install/explore_lite_msgs/lib/libexplore_lite_msgs__rosidl_typesupport_cpp.so\n'}
[5.995997] (explore_lite_msgs) StdoutLine: {'line': b'-- Set non-toolchain portion of runtime path of "/home/safal/Desktop/unitreego2nav/install/explore_lite_msgs/lib/libexplore_lite_msgs__rosidl_typesupport_cpp.so" to ""\n'}
[5.996142] (explore_lite_msgs) StdoutLine: {'line': b'-- Installing: /home/safal/Desktop/unitreego2nav/install/explore_lite_msgs/share/explore_lite_msgs/environment/pythonpath.sh\n'}
[5.996299] (explore_lite_msgs) StdoutLine: {'line': b'-- Installing: /home/safal/Desktop/unitreego2nav/install/explore_lite_msgs/share/explore_lite_msgs/environment/pythonpath.dsv\n'}
[5.996456] (explore_lite_msgs) StdoutLine: {'line': b'-- Installing: /home/safal/Desktop/unitreego2nav/install/explore_lite_msgs/local/lib/python3.10/dist-packages/explore_lite_msgs-1.0.0-py3.10.egg-info\n'}
[5.996625] (explore_lite_msgs) StdoutLine: {'line': b'-- Installing: /home/safal/Desktop/unitreego2nav/install/explore_lite_msgs/local/lib/python3.10/dist-packages/explore_lite_msgs-1.0.0-py3.10.egg-info/SOURCES.txt\n'}
[5.996811] (explore_lite_msgs) StdoutLine: {'line': b'-- Installing: /home/safal/Desktop/unitreego2nav/install/explore_lite_msgs/local/lib/python3.10/dist-packages/explore_lite_msgs-1.0.0-py3.10.egg-info/dependency_links.txt\n'}
[5.996957] (explore_lite_msgs) StdoutLine: {'line': b'-- Installing: /home/safal/Desktop/unitreego2nav/install/explore_lite_msgs/local/lib/python3.10/dist-packages/explore_lite_msgs-1.0.0-py3.10.egg-info/top_level.txt\n'}
[5.997114] (explore_lite_msgs) StdoutLine: {'line': b'-- Installing: /home/safal/Desktop/unitreego2nav/install/explore_lite_msgs/local/lib/python3.10/dist-packages/explore_lite_msgs-1.0.0-py3.10.egg-info/PKG-INFO\n'}
[5.997271] (explore_lite_msgs) StdoutLine: {'line': b'-- Installing: /home/safal/Desktop/unitreego2nav/install/explore_lite_msgs/local/lib/python3.10/dist-packages/explore_lite_msgs\n'}
[5.997423] (explore_lite_msgs) StdoutLine: {'line': b'-- Installing: /home/safal/Desktop/unitreego2nav/install/explore_lite_msgs/local/lib/python3.10/dist-packages/explore_lite_msgs/explore_lite_msgs_s__rosidl_typesupport_introspection_c.cpython-310-x86_64-linux-gnu.so\n'}
[5.997576] (explore_lite_msgs) StdoutLine: {'line': b'-- Installing: /home/safal/Desktop/unitreego2nav/install/explore_lite_msgs/local/lib/python3.10/dist-packages/explore_lite_msgs/msg\n'}
[5.997745] (explore_lite_msgs) StdoutLine: {'line': b'-- Installing: /home/safal/Desktop/unitreego2nav/install/explore_lite_msgs/local/lib/python3.10/dist-packages/explore_lite_msgs/msg/__init__.py\n'}
[5.997897] (explore_lite_msgs) StdoutLine: {'line': b'-- Installing: /home/safal/Desktop/unitreego2nav/install/explore_lite_msgs/local/lib/python3.10/dist-packages/explore_lite_msgs/msg/_explore_status.py\n'}
[5.998071] (explore_lite_msgs) StdoutLine: {'line': b'-- Installing: /home/safal/Desktop/unitreego2nav/install/explore_lite_msgs/local/lib/python3.10/dist-packages/explore_lite_msgs/msg/_explore_status_s.c\n'}
[5.998202] (explore_lite_msgs) StdoutLine: {'line': b'-- Installing: /home/safal/Desktop/unitreego2nav/install/explore_lite_msgs/local/lib/python3.10/dist-packages/explore_lite_msgs/explore_lite_msgs_s__rosidl_typesupport_c.cpython-310-x86_64-linux-gnu.so\n'}
[5.998334] (explore_lite_msgs) StdoutLine: {'line': b'-- Installing: /home/safal/Desktop/unitreego2nav/install/explore_lite_msgs/local/lib/python3.10/dist-packages/explore_lite_msgs/__init__.py\n'}
[5.998464] (explore_lite_msgs) StdoutLine: {'line': b'-- Installing: /home/safal/Desktop/unitreego2nav/install/explore_lite_msgs/local/lib/python3.10/dist-packages/explore_lite_msgs/libexplore_lite_msgs__rosidl_generator_py.so\n'}
[5.998605] (explore_lite_msgs) StdoutLine: {'line': b'-- Installing: /home/safal/Desktop/unitreego2nav/install/explore_lite_msgs/local/lib/python3.10/dist-packages/explore_lite_msgs/explore_lite_msgs_s__rosidl_typesupport_fastrtps_c.cpython-310-x86_64-linux-gnu.so\n'}
[5.998745] (explore_lite_msgs) StdoutLine: {'line': b'-- Installing: /home/safal/Desktop/unitreego2nav/install/explore_lite_msgs/local/lib/python3.10/dist-packages/explore_lite_msgs/_explore_lite_msgs_s.ep.rosidl_typesupport_fastrtps_c.c\n'}
[5.998886] (explore_lite_msgs) StdoutLine: {'line': b'-- Installing: /home/safal/Desktop/unitreego2nav/install/explore_lite_msgs/local/lib/python3.10/dist-packages/explore_lite_msgs/_explore_lite_msgs_s.ep.rosidl_typesupport_introspection_c.c\n'}
[5.999016] (explore_lite_msgs) StdoutLine: {'line': b'-- Installing: /home/safal/Desktop/unitreego2nav/install/explore_lite_msgs/local/lib/python3.10/dist-packages/explore_lite_msgs/_explore_lite_msgs_s.ep.rosidl_typesupport_c.c\n'}
[6.017710] (-) TimerEvent: {}
[6.030452] (explore_lite_msgs) StdoutLine: {'line': b"Listing '/home/safal/Desktop/unitreego2nav/install/explore_lite_msgs/local/lib/python3.10/dist-packages/explore_lite_msgs'...\n"}
[6.030759] (explore_lite_msgs) StdoutLine: {'line': b"Compiling '/home/safal/Desktop/unitreego2nav/install/explore_lite_msgs/local/lib/python3.10/dist-packages/explore_lite_msgs/__init__.py'...\n"}
[6.030960] (explore_lite_msgs) StdoutLine: {'line': b"Listing '/home/safal/Desktop/unitreego2nav/install/explore_lite_msgs/local/lib/python3.10/dist-packages/explore_lite_msgs/msg'...\n"}
[6.031154] (explore_lite_msgs) StdoutLine: {'line': b"Compiling '/home/safal/Desktop/unitreego2nav/install/explore_lite_msgs/local/lib/python3.10/dist-packages/explore_lite_msgs/msg/__init__.py'...\n"}
[6.031279] (explore_lite_msgs) StdoutLine: {'line': b"Compiling '/home/safal/Desktop/unitreego2nav/install/explore_lite_msgs/local/lib/python3.10/dist-packages/explore_lite_msgs/msg/_explore_status.py'...\n"}
[6.035920] (explore_lite_msgs) StdoutLine: {'line': b'-- Installing: /home/safal/Desktop/unitreego2nav/install/explore_lite_msgs/local/lib/python3.10/dist-packages/explore_lite_msgs/explore_lite_msgs_s__rosidl_typesupport_fastrtps_c.cpython-310-x86_64-linux-gnu.so\n'}
[6.036325] (explore_lite_msgs) StdoutLine: {'line': b'-- Set non-toolchain portion of runtime path of "/home/safal/Desktop/unitreego2nav/install/explore_lite_msgs/local/lib/python3.10/dist-packages/explore_lite_msgs/explore_lite_msgs_s__rosidl_typesupport_fastrtps_c.cpython-310-x86_64-linux-gnu.so" to ""\n'}
[6.036642] (explore_lite_msgs) StdoutLine: {'line': b'-- Installing: /home/safal/Desktop/unitreego2nav/install/explore_lite_msgs/local/lib/python3.10/dist-packages/explore_lite_msgs/explore_lite_msgs_s__rosidl_typesupport_introspection_c.cpython-310-x86_64-linux-gnu.so\n'}
[6.037013] (explore_lite_msgs) StdoutLine: {'line': b'-- Set non-toolchain portion of runtime path of "/home/safal/Desktop/unitreego2nav/install/explore_lite_msgs/local/lib/python3.10/dist-packages/explore_lite_msgs/explore_lite_msgs_s__rosidl_typesupport_introspection_c.cpython-310-x86_64-linux-gnu.so" to ""\n'}
[6.037249] (explore_lite_msgs) StdoutLine: {'line': b'-- Installing: /home/safal/Desktop/unitreego2nav/install/explore_lite_msgs/local/lib/python3.10/dist-packages/explore_lite_msgs/explore_lite_msgs_s__rosidl_typesupport_c.cpython-310-x86_64-linux-gnu.so\n'}
[6.037535] (explore_lite_msgs) StdoutLine: {'line': b'-- Set non-toolchain portion of runtime path of "/home/safal/Desktop/unitreego2nav/install/explore_lite_msgs/local/lib/python3.10/dist-packages/explore_lite_msgs/explore_lite_msgs_s__rosidl_typesupport_c.cpython-310-x86_64-linux-gnu.so" to ""\n'}
[6.037789] (explore_lite_msgs) StdoutLine: {'line': b'-- Installing: /home/safal/Desktop/unitreego2nav/install/explore_lite_msgs/lib/libexplore_lite_msgs__rosidl_generator_py.so\n'}
[6.038176] (explore_lite_msgs) StdoutLine: {'line': b'-- Set non-toolchain portion of runtime path of "/home/safal/Desktop/unitreego2nav/install/explore_lite_msgs/lib/libexplore_lite_msgs__rosidl_generator_py.so" to ""\n'}
[6.038342] (explore_lite_msgs) StdoutLine: {'line': b'-- Installing: /home/safal/Desktop/unitreego2nav/install/explore_lite_msgs/share/ament_index/resource_index/rust_packages/explore_lite_msgs\n'}
[6.038504] (explore_lite_msgs) StdoutLine: {'line': b'-- Installing: /home/safal/Desktop/unitreego2nav/install/explore_lite_msgs/share/explore_lite_msgs/rust\n'}
[6.038702] (explore_lite_msgs) StdoutLine: {'line': b'-- Installing: /home/safal/Desktop/unitreego2nav/install/explore_lite_msgs/share/explore_lite_msgs/rust/Cargo.toml\n'}
[6.038851] (explore_lite_msgs) StdoutLine: {'line': b'-- Installing: /home/safal/Desktop/unitreego2nav/install/explore_lite_msgs/share/explore_lite_msgs/rust/src\n'}
[6.039015] (explore_lite_msgs) StdoutLine: {'line': b'-- Installing: /home/safal/Desktop/unitreego2nav/install/explore_lite_msgs/share/explore_lite_msgs/rust/src/msg\n'}
[6.039168] (explore_lite_msgs) StdoutLine: {'line': b'-- Installing: /home/safal/Desktop/unitreego2nav/install/explore_lite_msgs/share/explore_lite_msgs/rust/src/msg/rmw.rs\n'}
[6.039318] (explore_lite_msgs) StdoutLine: {'line': b'-- Installing: /home/safal/Desktop/unitreego2nav/install/explore_lite_msgs/share/explore_lite_msgs/rust/src/lib.rs\n'}
[6.039457] (explore_lite_msgs) StdoutLine: {'line': b'-- Installing: /home/safal/Desktop/unitreego2nav/install/explore_lite_msgs/share/explore_lite_msgs/rust/src/msg.rs\n'}
[6.039618] (explore_lite_msgs) StdoutLine: {'line': b'-- Installing: /home/safal/Desktop/unitreego2nav/install/explore_lite_msgs/share/explore_lite_msgs/rust/build.rs\n'}
[6.039780] (explore_lite_msgs) StdoutLine: {'line': b'-- Installing: /home/safal/Desktop/unitreego2nav/install/explore_lite_msgs/share/explore_lite_msgs/msg/ExploreStatus.idl\n'}
[6.039913] (explore_lite_msgs) StdoutLine: {'line': b'-- Installing: /home/safal/Desktop/unitreego2nav/install/explore_lite_msgs/share/explore_lite_msgs/msg/ExploreStatus.msg\n'}
[6.040044] (explore_lite_msgs) StdoutLine: {'line': b'-- Installing: /home/safal/Desktop/unitreego2nav/install/explore_lite_msgs/share/ament_index/resource_index/package_run_dependencies/explore_lite_msgs\n'}
[6.040174] (explore_lite_msgs) StdoutLine: {'line': b'-- Installing: /home/safal/Desktop/unitreego2nav/install/explore_lite_msgs/share/ament_index/resource_index/parent_prefix_path/explore_lite_msgs\n'}
[6.040320] (explore_lite_msgs) StdoutLine: {'line': b'-- Installing: /home/safal/Desktop/unitreego2nav/install/explore_lite_msgs/share/explore_lite_msgs/environment/ament_prefix_path.sh\n'}
[6.040485] (explore_lite_msgs) StdoutLine: {'line': b'-- Installing: /home/safal/Desktop/unitreego2nav/install/explore_lite_msgs/share/explore_lite_msgs/environment/ament_prefix_path.dsv\n'}
[6.040626] (explore_lite_msgs) StdoutLine: {'line': b'-- Installing: /home/safal/Desktop/unitreego2nav/install/explore_lite_msgs/share/explore_lite_msgs/environment/path.sh\n'}
[6.040768] (explore_lite_msgs) StdoutLine: {'line': b'-- Installing: /home/safal/Desktop/unitreego2nav/install/explore_lite_msgs/share/explore_lite_msgs/environment/path.dsv\n'}
[6.040892] (explore_lite_msgs) StdoutLine: {'line': b'-- Installing: /home/safal/Desktop/unitreego2nav/install/explore_lite_msgs/share/explore_lite_msgs/local_setup.bash\n'}
[6.041038] (explore_lite_msgs) StdoutLine: {'line': b'-- Installing: /home/safal/Desktop/unitreego2nav/install/explore_lite_msgs/share/explore_lite_msgs/local_setup.sh\n'}
[6.041152] (explore_lite_msgs) StdoutLine: {'line': b'-- Installing: /home/safal/Desktop/unitreego2nav/install/explore_lite_msgs/share/explore_lite_msgs/local_setup.zsh\n'}
[6.041252] (explore_lite_msgs) StdoutLine: {'line': b'-- Installing: /home/safal/Desktop/unitreego2nav/install/explore_lite_msgs/share/explore_lite_msgs/local_setup.dsv\n'}
[6.041342] (explore_lite_msgs) StdoutLine: {'line': b'-- Installing: /home/safal/Desktop/unitreego2nav/install/explore_lite_msgs/share/explore_lite_msgs/package.dsv\n'}
[6.041466] (explore_lite_msgs) StdoutLine: {'line': b'-- Installing: /home/safal/Desktop/unitreego2nav/install/explore_lite_msgs/share/ament_index/resource_index/packages/explore_lite_msgs\n'}
[6.041597] (explore_lite_msgs) StdoutLine: {'line': b'-- Installing: /home/safal/Desktop/unitreego2nav/install/explore_lite_msgs/share/explore_lite_msgs/cmake/export_explore_lite_msgs__rosidl_generator_cExport.cmake\n'}
[6.041738] (explore_lite_msgs) StdoutLine: {'line': b'-- Installing: /home/safal/Desktop/unitreego2nav/install/explore_lite_msgs/share/explore_lite_msgs/cmake/export_explore_lite_msgs__rosidl_generator_cExport-noconfig.cmake\n'}
[6.041817] (explore_lite_msgs) StdoutLine: {'line': b'-- Installing: /home/safal/Desktop/unitreego2nav/install/explore_lite_msgs/share/explore_lite_msgs/cmake/export_explore_lite_msgs__rosidl_typesupport_fastrtps_cExport.cmake\n'}
[6.041935] (explore_lite_msgs) StdoutLine: {'line': b'-- Installing: /home/safal/Desktop/unitreego2nav/install/explore_lite_msgs/share/explore_lite_msgs/cmake/export_explore_lite_msgs__rosidl_typesupport_fastrtps_cExport-noconfig.cmake\n'}
[6.042054] (explore_lite_msgs) StdoutLine: {'line': b'-- Installing: /home/safal/Desktop/unitreego2nav/install/explore_lite_msgs/share/explore_lite_msgs/cmake/explore_lite_msgs__rosidl_typesupport_introspection_cExport.cmake\n'}
[6.042212] (explore_lite_msgs) StdoutLine: {'line': b'-- Installing: /home/safal/Desktop/unitreego2nav/install/explore_lite_msgs/share/explore_lite_msgs/cmake/explore_lite_msgs__rosidl_typesupport_introspection_cExport-noconfig.cmake\n'}
[6.042379] (explore_lite_msgs) StdoutLine: {'line': b'-- Installing: /home/safal/Desktop/unitreego2nav/install/explore_lite_msgs/share/explore_lite_msgs/cmake/explore_lite_msgs__rosidl_typesupport_cExport.cmake\n'}
[6.042532] (explore_lite_msgs) StdoutLine: {'line': b'-- Installing: /home/safal/Desktop/unitreego2nav/install/explore_lite_msgs/share/explore_lite_msgs/cmake/explore_lite_msgs__rosidl_typesupport_cExport-noconfig.cmake\n'}
[6.042701] (explore_lite_msgs) StdoutLine: {'line': b'-- Installing: /home/safal/Desktop/unitreego2nav/install/explore_lite_msgs/share/explore_lite_msgs/cmake/export_explore_lite_msgs__rosidl_generator_cppExport.cmake\n'}
[6.042910] (explore_lite_msgs) StdoutLine: {'line': b'-- Installing: /home/safal/Desktop/unitreego2nav/install/explore_lite_msgs/share/explore_lite_msgs/cmake/export_explore_lite_msgs__rosidl_typesupport_fastrtps_cppExport.cmake\n'}
[6.043081] (explore_lite_msgs) StdoutLine: {'line': b'-- Installing: /home/safal/Desktop/unitreego2nav/install/explore_lite_msgs/share/explore_lite_msgs/cmake/export_explore_lite_msgs__rosidl_typesupport_fastrtps_cppExport-noconfig.cmake\n'}
[6.043234] (explore_lite_msgs) StdoutLine: {'line': b'-- Installing: /home/safal/Desktop/unitreego2nav/install/explore_lite_msgs/share/explore_lite_msgs/cmake/explore_lite_msgs__rosidl_typesupport_introspection_cppExport.cmake\n'}
[6.043479] (explore_lite_msgs) StdoutLine: {'line': b'-- Installing: /home/safal/Desktop/unitreego2nav/install/explore_lite_msgs/share/explore_lite_msgs/cmake/explore_lite_msgs__rosidl_typesupport_introspection_cppExport-noconfig.cmake\n'}
[6.043681] (explore_lite_msgs) StdoutLine: {'line': b'-- Installing: /home/safal/Desktop/unitreego2nav/install/explore_lite_msgs/share/explore_lite_msgs/cmake/explore_lite_msgs__rosidl_typesupport_cppExport.cmake\n'}
[6.043927] (explore_lite_msgs) StdoutLine: {'line': b'-- Installing: /home/safal/Desktop/unitreego2nav/install/explore_lite_msgs/share/explore_lite_msgs/cmake/explore_lite_msgs__rosidl_typesupport_cppExport-noconfig.cmake\n'}
[6.044105] (explore_lite_msgs) StdoutLine: {'line': b'-- Installing: /home/safal/Desktop/unitreego2nav/install/explore_lite_msgs/share/explore_lite_msgs/cmake/export_explore_lite_msgs__rosidl_generator_pyExport.cmake\n'}
[6.044364] (explore_lite_msgs) StdoutLine: {'line': b'-- Installing: /home/safal/Desktop/unitreego2nav/install/explore_lite_msgs/share/explore_lite_msgs/cmake/export_explore_lite_msgs__rosidl_generator_pyExport-noconfig.cmake\n'}
[6.044577] (explore_lite_msgs) StdoutLine: {'line': b'-- Installing: /home/safal/Desktop/unitreego2nav/install/explore_lite_msgs/share/explore_lite_msgs/cmake/rosidl_cmake-extras.cmake\n'}
[6.044764] (explore_lite_msgs) StdoutLine: {'line': b'-- Installing: /home/safal/Desktop/unitreego2nav/install/explore_lite_msgs/share/explore_lite_msgs/cmake/ament_cmake_export_include_directories-extras.cmake\n'}
[6.044935] (explore_lite_msgs) StdoutLine: {'line': b'-- Installing: /home/safal/Desktop/unitreego2nav/install/explore_lite_msgs/share/explore_lite_msgs/cmake/ament_cmake_export_libraries-extras.cmake\n'}
[6.045136] (explore_lite_msgs) StdoutLine: {'line': b'-- Installing: /home/safal/Desktop/unitreego2nav/install/explore_lite_msgs/share/explore_lite_msgs/cmake/ament_cmake_export_targets-extras.cmake\n'}
[6.045307] (explore_lite_msgs) StdoutLine: {'line': b'-- Installing: /home/safal/Desktop/unitreego2nav/install/explore_lite_msgs/share/explore_lite_msgs/cmake/rosidl_cmake_export_typesupport_targets-extras.cmake\n'}
[6.045537] (explore_lite_msgs) StdoutLine: {'line': b'-- Installing: /home/safal/Desktop/unitreego2nav/install/explore_lite_msgs/share/explore_lite_msgs/cmake/ament_cmake_export_dependencies-extras.cmake\n'}
[6.045759] (explore_lite_msgs) StdoutLine: {'line': b'-- Installing: /home/safal/Desktop/unitreego2nav/install/explore_lite_msgs/share/explore_lite_msgs/cmake/rosidl_cmake_export_typesupport_libraries-extras.cmake\n'}
[6.045940] (explore_lite_msgs) StdoutLine: {'line': b'-- Installing: /home/safal/Desktop/unitreego2nav/install/explore_lite_msgs/share/explore_lite_msgs/cmake/explore_lite_msgsConfig.cmake\n'}
[6.046097] (explore_lite_msgs) StdoutLine: {'line': b'-- Installing: /home/safal/Desktop/unitreego2nav/install/explore_lite_msgs/share/explore_lite_msgs/cmake/explore_lite_msgsConfig-version.cmake\n'}
[6.046260] (explore_lite_msgs) StdoutLine: {'line': b'-- Installing: /home/safal/Desktop/unitreego2nav/install/explore_lite_msgs/share/explore_lite_msgs/package.xml\n'}
[6.048360] (explore_lite_msgs) CommandEnded: {'returncode': 0}
[6.068181] (explore_lite_msgs) JobEnded: {'identifier': 'explore_lite_msgs', 'rc': 0}
[6.069711] (explore_lite) JobStarted: {'identifier': 'explore_lite'}
[6.078820] (explore_lite) JobProgress: {'identifier': 'explore_lite', 'progress': 'cmake'}
[6.079450] (explore_lite) Command: {'cmd': ['/usr/bin/cmake', '/home/safal/Desktop/unitreego2nav/src/m-explore-ros2/explore', '-DCMAKE_INSTALL_PREFIX=/home/safal/Desktop/unitreego2nav/install/explore_lite'], 'cwd': '/home/safal/Desktop/unitreego2nav/build/explore_lite', 'env': OrderedDict([('LESSOPEN', '| /usr/bin/lesspipe %s'), ('USER', 'safal'), ('LC_TIME', 'bho_NP'), ('XDG_SESSION_TYPE', 'wayland'), ('SHLVL', '1'), ('LD_LIBRARY_PATH', '/home/safal/Desktop/unitreego2nav/install/explore_lite_msgs/lib:/usr/lib/x86_64-linux-gnu/gazebo-11/plugins:/opt/ros/humble/opt/rviz_ogre_vendor/lib:/opt/ros/humble/lib/x86_64-linux-gnu:/opt/ros/humble/lib'), ('HOME', '/home/safal'), ('CONDA_SHLVL', '0'), ('OLDPWD', '/home/safal'), ('DESKTOP_SESSION', 'ubuntu'), ('ROS_PYTHON_VERSION', '3'), ('GNOME_SHELL_SESSION_MODE', 'ubuntu'), ('GTK_MODULES', 'gail:atk-bridge'), ('LC_MONETARY', 'bho_NP'), ('SYSTEMD_EXEC_PID', '1655'), ('DBUS_SESSION_BUS_ADDRESS', 'unix:path=/run/user/1000/bus'), ('COLORTERM', 'truecolor'), ('_CE_M', ''), ('_CONDA_ROOT', '/home/safal/miniconda3'), ('IM_CONFIG_PHASE', '1'), ('WAYLAND_DISPLAY', 'wayland-0'), ('ROS_DISTRO', 'humble'), ('LOGNAME', 'safal'), ('_', '/usr/bin/colcon'), ('ROS_VERSION', '2'), ('XDG_SESSION_CLASS', 'user'), ('USERNAME', 'safal'), ('TERM', 'xterm-256color'), ('GNOME_DESKTOP_SESSION_ID', 'this-is-deprecated'), ('_CE_CONDA', ''), ('ROS_LOCALHOST_ONLY', '0'), ('PATH', '/opt/ros/humble/bin:/home/safal/miniconda3/condabin:/home/safal/.local/bin:/usr/local/sbin:/usr/local/bin:/usr/sbin:/usr/bin:/sbin:/bin:/usr/games:/usr/local/games:/snap/bin:/snap/bin'), ('SESSION_MANAGER', 'local/safal:@/tmp/.ICE-unix/1615,unix/safal:/tmp/.ICE-unix/1615'), ('XDG_MENU_PREFIX', 'gnome-'), ('LC_ADDRESS', 'bho_NP'), ('GNOME_TERMINAL_SCREEN', '/org/gnome/Terminal/screen/1e56160b_9632_47f5_a587_c3e5614d5f40'), ('GNOME_SETUP_DISPLAY', ':1'), ('COLCON_CMAKE_ARGS', '-DCMAKE_POLICY_VERSION_MINIMUM=3.5'), ('XDG_RUNTIME_DIR', '/run/user/1000'), ('DISPLAY', ':0'), ('LANG', 'en_US.UTF-8'), ('XDG_CURRENT_DESKTOP', 'ubuntu:GNOME'), ('LC_TELEPHONE', 'bho_NP'), ('XMODIFIERS', '@im=ibus'), ('XDG_SESSION_DESKTOP', 'ubuntu'), ('XAUTHORITY', '/run/user/1000/.mutter-Xwaylandauth.TNARR3'), ('LS_COLORS', 'rs=0:di=01;34:ln=01;36:mh=00:pi=40;33:so=01;35:do=01;35:bd=40;33;01:cd=40;33;01:or=40;31;01:mi=00:su=37;41:sg=30;43:ca=30;41:tw=30;42:ow=34;42:st=37;44:ex=01;32:*.tar=01;31:*.tgz=01;31:*.arc=01;31:*.arj=01;31:*.taz=01;31:*.lha=01;31:*.lz4=01;31:*.lzh=01;31:*.lzma=01;31:*.tlz=01;31:*.txz=01;31:*.tzo=01;31:*.t7z=01;31:*.zip=01;31:*.z=01;31:*.dz=01;31:*.gz=01;31:*.lrz=01;31:*.lz=01;31:*.lzo=01;31:*.xz=01;31:*.zst=01;31:*.tzst=01;31:*.bz2=01;31:*.bz=01;31:*.tbz=01;31:*.tbz2=01;31:*.tz=01;31:*.deb=01;31:*.rpm=01;31:*.jar=01;31:*.war=01;31:*.ear=01;31:*.sar=01;31:*.rar=01;31:*.alz=01;31:*.ace=01;31:*.zoo=01;31:*.cpio=01;31:*.7z=01;31:*.rz=01;31:*.cab=01;31:*.wim=01;31:*.swm=01;31:*.dwm=01;31:*.esd=01;31:*.jpg=01;35:*.jpeg=01;35:*.mjpg=01;35:*.mjpeg=01;35:*.gif=01;35:*.bmp=01;35:*.pbm=01;35:*.pgm=01;35:*.ppm=01;35:*.tga=01;35:*.xbm=01;35:*.xpm=01;35:*.tif=01;35:*.tiff=01;35:*.png=01;35:*.svg=01;35:*.svgz=01;35:*.mng=01;35:*.pcx=01;35:*.mov=01;35:*.mpg=01;35:*.mpeg=01;35:*.m2v=01;35:*.mkv=01;35:*.webm=01;35:*.webp=01;35:*.ogm=01;35:*.mp4=01;35:*.m4v=01;35:*.mp4v=01;35:*.vob=01;35:*.qt=01;35:*.nuv=01;35:*.wmv=01;35:*.asf=01;35:*.rm=01;35:*.rmvb=01;35:*.flc=01;35:*.avi=01;35:*.fli=01;35:*.flv=01;35:*.gl=01;35:*.dl=01;35:*.xcf=01;35:*.xwd=01;35:*.yuv=01;35:*.cgm=01;35:*.emf=01;35:*.ogv=01;35:*.ogx=01;35:*.aac=00;36:*.au=00;36:*.flac=00;36:*.m4a=00;36:*.mid=00;36:*.midi=00;36:*.mka=00;36:*.mp3=00;36:*.mpc=00;36:*.ogg=00;36:*.ra=00;36:*.wav=00;36:*.oga=00;36:*.opus=00;36:*.spx=00;36:*.xspf=00;36:'), ('GNOME_TERMINAL_SERVICE', ':1.385'), ('SSH_AGENT_LAUNCHER', 'gnome-keyring'), ('SSH_AUTH_SOCK', '/run/user/1000/keyring/ssh'), ('AMENT_PREFIX_PATH', '/home/safal/Desktop/unitreego2nav/install/explore_lite_msgs:/opt/ros/humble'), ('CONDA_PYTHON_EXE', '/home/safal/miniconda3/bin/python'), ('SHELL', '/bin/bash'), ('LC_NAME', 'bho_NP'), ('QT_ACCESSIBILITY', '1'), ('GDMSESSION', 'ubuntu'), ('LESSCLOSE', '/usr/bin/lesspipe %s %s'), ('LC_MEASUREMENT', 'bho_NP'), ('_CONDA_EXE', '/home/safal/miniconda3/bin/conda'), ('LC_IDENTIFICATION', 'bho_NP'), ('QT_IM_MODULE', 'ibus'), ('PWD', '/home/safal/Desktop/unitreego2nav/build/explore_lite'), ('LC_ALL', 'en_US.UTF-8'), ('XDG_CONFIG_DIRS', '/etc/xdg/xdg-ubuntu:/etc/xdg'), ('CONDA_EXE', '/home/safal/miniconda3/bin/conda'), ('XDG_DATA_DIRS', '/usr/share/ubuntu:/usr/local/share/:/usr/share/:/var/lib/snapd/desktop'), ('PYTHONPATH', '/home/safal/Desktop/unitreego2nav/install/explore_lite_msgs/local/lib/python3.10/dist-packages:/opt/ros/humble/lib/python3.10/site-packages:/opt/ros/humble/local/lib/python3.10/dist-packages'), ('LC_NUMERIC', 'bho_NP'), ('LC_PAPER', 'bho_NP'), ('COLCON', '1'), ('VTE_VERSION', '6800'), ('CMAKE_PREFIX_PATH', '/home/safal/Desktop/unitreego2nav/install/explore_lite_msgs:/opt/ros/humble')]), 'shell': False}
[6.085557] (explore_lite) StderrLine: {'line': b'\x1b[0mCMake Deprecation Warning at CMakeLists.txt:1 (cmake_minimum_required):\n'}
[6.085851] (explore_lite) StderrLine: {'line': b'  Compatibility with CMake < 3.10 will be removed from a future version of\n'}
[6.085992] (explore_lite) StderrLine: {'line': b'  CMake.\n'}
[6.086124] (explore_lite) StderrLine: {'line': b'\n'}
[6.086253] (explore_lite) StderrLine: {'line': b'  Update the VERSION argument <min> value.  Or, use the <min>...<max> syntax\n'}
[6.086402] (explore_lite) StderrLine: {'line': b'  to tell CMake that the project requires at least <min> but has been updated\n'}
[6.086535] (explore_lite) StderrLine: {'line': b'  to work with policies introduced by <max> or earlier.\n'}
[6.086693] (explore_lite) StderrLine: {'line': b'\n'}
[6.086848] (explore_lite) StderrLine: {'line': b'\x1b[0m\n'}
[6.117843] (-) TimerEvent: {}
[6.132558] (explore_lite) StdoutLine: {'line': b'-- The C compiler identification is GNU 11.4.0\n'}
[6.196978] (explore_lite) StdoutLine: {'line': b'-- The CXX compiler identification is GNU 11.4.0\n'}
[6.204451] (explore_lite) StdoutLine: {'line': b'-- Detecting C compiler ABI info\n'}
[6.217956] (-) TimerEvent: {}
[6.259205] (explore_lite) StdoutLine: {'line': b'-- Detecting C compiler ABI info - done\n'}
[6.275451] (explore_lite) StdoutLine: {'line': b'-- Check for working C compiler: /usr/bin/cc - skipped\n'}
[6.275901] (explore_lite) StdoutLine: {'line': b'-- Detecting C compile features\n'}
[6.276357] (explore_lite) StdoutLine: {'line': b'-- Detecting C compile features - done\n'}
[6.285539] (explore_lite) StdoutLine: {'line': b'-- Detecting CXX compiler ABI info\n'}
[6.318046] (-) TimerEvent: {}
[6.346366] (explore_lite) StdoutLine: {'line': b'-- Detecting CXX compiler ABI info - done\n'}
[6.362705] (explore_lite) StdoutLine: {'line': b'-- Check for working CXX compiler: /usr/bin/c++ - skipped\n'}
[6.363117] (explore_lite) StdoutLine: {'line': b'-- Detecting CXX compile features\n'}
[6.363790] (explore_lite) StdoutLine: {'line': b'-- Detecting CXX compile features - done\n'}
[6.368977] (explore_lite) StdoutLine: {'line': b'-- BuilD for ROS2: humble\n'}
[6.371573] (explore_lite) StdoutLine: {'line': b'-- Found ament_cmake: 1.3.14 (/opt/ros/humble/share/ament_cmake/cmake)\n'}
[6.418150] (-) TimerEvent: {}
[6.518506] (-) TimerEvent: {}
[6.539174] (explore_lite) StdoutLine: {'line': b'-- Found Python3: /usr/bin/python3 (found version "3.10.12") found components: Interpreter\n'}
[6.618634] (-) TimerEvent: {}
[6.626385] (explore_lite) StdoutLine: {'line': b'-- Found rclcpp: 16.0.19 (/opt/ros/humble/share/rclcpp/cmake)\n'}
[6.675173] (explore_lite) StdoutLine: {'line': b'-- Found rosidl_generator_c: 3.1.8 (/opt/ros/humble/share/rosidl_generator_c/cmake)\n'}
[6.681900] (explore_lite) StdoutLine: {'line': b'-- Found rosidl_adapter: 3.1.8 (/opt/ros/humble/share/rosidl_adapter/cmake)\n'}
[6.691845] (explore_lite) StdoutLine: {'line': b'-- Found rosidl_generator_cpp: 3.1.8 (/opt/ros/humble/share/rosidl_generator_cpp/cmake)\n'}
[6.704828] (explore_lite) StdoutLine: {'line': b'-- Using all available rosidl_typesupport_c: rosidl_typesupport_fastrtps_c;rosidl_typesupport_introspection_c\n'}
[6.718730] (-) TimerEvent: {}
[6.724831] (explore_lite) StdoutLine: {'line': b'-- Using all available rosidl_typesupport_cpp: rosidl_typesupport_fastrtps_cpp;rosidl_typesupport_introspection_cpp\n'}
[6.759232] (multirobot_map_merge) StderrLine: {'line': b'HTTP request sent, awaiting response... 200 OK\n'}
[6.759520] (multirobot_map_merge) StderrLine: {'line': b'Length: 4194362 (4.0M) [application/octet-stream]\n'}
[6.759667] (multirobot_map_merge) StderrLine: {'line': b'Saving to: \xe2\x80\x98/home/safal/Desktop/unitreego2nav/build/multirobot_map_merge/map00.pgm\xe2\x80\x99\n'}
[6.759751] (multirobot_map_merge) StderrLine: {'line': b'\n'}
[6.780787] (explore_lite) StdoutLine: {'line': b'-- Found rmw_implementation_cmake: 6.1.2 (/opt/ros/humble/share/rmw_implementation_cmake/cmake)\n'}
[6.784128] (explore_lite) StdoutLine: {'line': b'-- Found rmw_fastrtps_cpp: 6.2.10 (/opt/ros/humble/share/rmw_fastrtps_cpp/cmake)\n'}
[6.792843] (multirobot_map_merge) StderrLine: {'line': b'     0K .......... .......... .......... .......... ..........  1% 1.46M 3s\n'}
[6.818809] (-) TimerEvent: {}
[6.821293] (multirobot_map_merge) StderrLine: {'line': b'    50K .......... .......... .......... .......... ..........  2% 1.72M 2s\n'}
[6.827337] (multirobot_map_merge) StderrLine: {'line': b'   100K .......... .......... .......... .......... ..........  3% 8.09M 2s\n'}
[6.843086] (multirobot_map_merge) StderrLine: {'line': b'   150K .......... .......... .......... .......... ..........  4% 3.11M 2s\n'}
[6.850523] (multirobot_map_merge) StderrLine: {'line': b'   200K .......... .......... .......... .......... ..........  6% 6.54M 1s\n'}
[6.854342] (multirobot_map_merge) StderrLine: {'line': b'   250K .......... .......... .......... .......... ..........  7% 12.5M 1s\n'}
[6.857572] (multirobot_map_merge) StderrLine: {'line': b'   300K .......... .......... .......... .......... ..........  8% 15.1M 1s\n'}
[6.861527] (multirobot_map_merge) StderrLine: {'line': b'   350K .......... .......... .......... .......... ..........  9% 12.7M 1s\n'}
[6.874774] (multirobot_map_merge) StderrLine: {'line': b'   400K .......... .......... .......... .......... .......... 10% 3.67M 1s\n'}
[6.876985] (multirobot_map_merge) StderrLine: {'line': b'   450K .......... .......... .......... .......... .......... 12% 21.8M 1s\n'}
[6.878160] (explore_lite) StdoutLine: {'line': b'-- Found OpenSSL: /usr/lib/x86_64-linux-gnu/libcrypto.so (found version "3.0.2")\n'}
[6.880665] (multirobot_map_merge) StderrLine: {'line': b'   500K .......... .......... .......... .......... .......... 13% 13.2M 1s\n'}
[6.881400] (multirobot_map_merge) StderrLine: {'line': b'   550K .......... .......... .......... .......... .......... 14% 62.4M 1s\n'}
[6.884017] (multirobot_map_merge) StderrLine: {'line': b'   600K .......... .......... .......... .......... .......... 15% 18.6M 1s\n'}
[6.886357] (multirobot_map_merge) StderrLine: {'line': b'   650K .......... .......... .......... .......... .......... 17% 21.5M 1s\n'}
[6.888655] (multirobot_map_merge) StderrLine: {'line': b'   700K .......... .......... .......... .......... .......... 18% 21.2M 1s\n'}
[6.889842] (multirobot_map_merge) StderrLine: {'line': b'   750K .......... .......... .......... .......... .......... 19% 39.5M 1s\n'}
[6.895799] (multirobot_map_merge) StderrLine: {'line': b'   800K .......... .......... .......... .......... .......... 20% 8.16M 1s\n'}
[6.896504] (multirobot_map_merge) StderrLine: {'line': b'   850K .......... .......... .......... .......... .......... 21% 69.1M 0s\n'}
[6.902765] (multirobot_map_merge) StderrLine: {'line': b'   900K .......... .......... .......... .......... .......... 23% 7.82M 0s\n'}
[6.905554] (multirobot_map_merge) StderrLine: {'line': b'   950K .......... .......... .......... .......... .......... 24% 17.7M 0s\n'}
[6.907470] (multirobot_map_merge) StderrLine: {'line': b'  1000K .......... .......... .......... .......... .......... 25% 25.2M 0s\n'}
[6.909834] (multirobot_map_merge) StderrLine: {'line': b'  1050K .......... .......... .......... .......... .......... 26% 20.6M 0s\n'}
[6.910688] (multirobot_map_merge) StderrLine: {'line': b'  1100K .......... .......... .......... .......... .......... 28% 58.1M 0s\n'}
[6.911965] (multirobot_map_merge) StderrLine: {'line': b'  1150K .......... .......... .......... .......... .......... 29% 37.8M 0s\n'}
[6.913417] (multirobot_map_merge) StderrLine: {'line': b'  1200K .......... .......... .......... .......... .......... 30% 33.6M 0s\n'}
[6.914707] (multirobot_map_merge) StderrLine: {'line': b'  1250K .......... .......... .......... .......... .......... 31% 37.7M 0s\n'}
[6.916133] (multirobot_map_merge) StderrLine: {'line': b'  1300K .......... .......... .......... .......... .......... 32% 34.4M 0s\n'}
[6.918764] (multirobot_map_merge) StderrLine: {'line': b'  1350K .......... .......... .......... .......... .......... 34% 19.2M 0s\n'}
[6.918947] (-) TimerEvent: {}
[6.919617] (multirobot_map_merge) StderrLine: {'line': b'  1400K .......... .......... .......... .......... .......... 35% 53.8M 0s\n'}
[6.920585] (multirobot_map_merge) StderrLine: {'line': b'  1450K .......... .......... .......... .......... .......... 36% 49.9M 0s\n'}
[6.922010] (multirobot_map_merge) StderrLine: {'line': b'  1500K .......... .......... .......... .......... .......... 37% 34.2M 0s\n'}
[6.923924] (multirobot_map_merge) StderrLine: {'line': b'  1550K .......... .......... .......... .......... .......... 39% 25.4M 0s\n'}
[6.925094] (multirobot_map_merge) StderrLine: {'line': b'  1600K .......... .......... .......... .......... .......... 40% 41.7M 0s\n'}
[6.926624] (multirobot_map_merge) StderrLine: {'line': b'  1650K .......... .......... .......... .......... .......... 41% 31.9M 0s\n'}
[6.927160] (explore_lite) StdoutLine: {'line': b'-- Found FastRTPS: /opt/ros/humble/include\n'}
[6.927759] (multirobot_map_merge) StderrLine: {'line': b'  1700K .......... .......... .......... .......... .......... 42% 43.1M 0s\n'}
[6.929187] (multirobot_map_merge) StderrLine: {'line': b'  1750K .......... .......... .......... .......... .......... 43% 34.3M 0s\n'}
[6.930933] (multirobot_map_merge) StderrLine: {'line': b'  1800K .......... .......... .......... .......... .......... 45% 28.3M 0s\n'}
[6.932485] (multirobot_map_merge) StderrLine: {'line': b'  1850K .......... .......... .......... .......... .......... 46% 31.1M 0s\n'}
[6.936505] (multirobot_map_merge) StderrLine: {'line': b'  1900K .......... .......... .......... .......... .......... 47% 12.6M 0s\n'}
[6.936993] (multirobot_map_merge) StderrLine: {'line': b'  1950K .......... .......... .......... .......... .......... 48% 84.0M 0s\n'}
[6.937687] (multirobot_map_merge) StderrLine: {'line': b'  2000K .......... .......... .......... .......... .......... 50% 66.1M 0s\n'}
[6.938334] (multirobot_map_merge) StderrLine: {'line': b'  2050K .......... .......... .......... .......... .......... 51% 73.2M 0s\n'}
[6.939634] (multirobot_map_merge) StderrLine: {'line': b'  2100K .......... .......... .......... .......... .......... 52% 38.1M 0s\n'}
[6.940754] (multirobot_map_merge) StderrLine: {'line': b'  2150K .......... .......... .......... .......... .......... 53% 42.9M 0s\n'}
[6.961911] (multirobot_map_merge) StderrLine: {'line': b'  2200K .......... .......... .......... .......... .......... 54% 2.31M 0s\n'}
[6.962581] (multirobot_map_merge) StderrLine: {'line': b'  2250K .......... .......... .......... .......... .......... 56% 73.3M 0s\n'}
[6.963993] (multirobot_map_merge) StderrLine: {'line': b'  2300K .......... .......... .......... .......... .......... 57% 34.1M 0s\n'}
[6.966005] (multirobot_map_merge) StderrLine: {'line': b'  2350K .......... .......... .......... .......... .......... 58% 24.2M 0s\n'}
[6.966901] (multirobot_map_merge) StderrLine: {'line': b'  2400K .......... .......... .......... .......... .......... 59% 53.7M 0s\n'}
[6.968161] (multirobot_map_merge) StderrLine: {'line': b'  2450K .......... .......... .......... .......... .......... 61% 38.8M 0s\n'}
[6.969448] (multirobot_map_merge) StderrLine: {'line': b'  2500K .......... .......... .......... .......... .......... 62% 38.0M 0s\n'}
[6.970874] (multirobot_map_merge) StderrLine: {'line': b'  2550K .......... .......... .......... .......... .......... 63% 34.1M 0s\n'}
[6.972595] (multirobot_map_merge) StderrLine: {'line': b'  2600K .......... .......... .......... .......... .......... 64% 28.4M 0s\n'}
[6.975120] (multirobot_map_merge) StderrLine: {'line': b'  2650K .......... .......... .......... .......... .......... 65% 20.1M 0s\n'}
[6.975732] (multirobot_map_merge) StderrLine: {'line': b'  2700K .......... .......... .......... .......... .......... 67% 70.2M 0s\n'}
[6.978556] (multirobot_map_merge) StderrLine: {'line': b'  2750K .......... .......... .......... .......... .......... 68% 17.6M 0s\n'}
[6.979259] (multirobot_map_merge) StderrLine: {'line': b'  2800K .......... .......... .......... .......... .......... 69% 66.1M 0s\n'}
[6.979978] (multirobot_map_merge) StderrLine: {'line': b'  2850K .......... .......... .......... .......... .......... 70% 69.5M 0s\n'}
[6.980915] (multirobot_map_merge) StderrLine: {'line': b'  2900K .......... .......... .......... .......... .......... 72% 49.6M 0s\n'}
[6.982195] (multirobot_map_merge) StderrLine: {'line': b'  2950K .......... .......... .......... .......... .......... 73% 37.9M 0s\n'}
[6.984344] (multirobot_map_merge) StderrLine: {'line': b'  3000K .......... .......... .......... .......... .......... 74% 23.0M 0s\n'}
[6.986752] (multirobot_map_merge) StderrLine: {'line': b'  3050K .......... .......... .......... .......... .......... 75% 20.4M 0s\n'}
[6.987466] (multirobot_map_merge) StderrLine: {'line': b'  3100K .......... .......... .......... .......... .......... 76% 70.9M 0s\n'}
[6.988792] (multirobot_map_merge) StderrLine: {'line': b'  3150K .......... .......... .......... .......... .......... 78% 35.7M 0s\n'}
[6.989924] (multirobot_map_merge) StderrLine: {'line': b'  3200K .......... .......... .......... .......... .......... 79% 41.4M 0s\n'}
[6.991215] (multirobot_map_merge) StderrLine: {'line': b'  3250K .......... .......... .......... .......... .......... 80% 38.3M 0s\n'}
[6.992653] (multirobot_map_merge) StderrLine: {'line': b'  3300K .......... .......... .......... .......... .......... 81% 34.1M 0s\n'}
[6.993983] (multirobot_map_merge) StderrLine: {'line': b'  3350K .......... .......... .......... .......... .......... 83% 36.9M 0s\n'}
[6.994242] (explore_lite) StdoutLine: {'line': b"-- Using RMW implementation 'rmw_fastrtps_cpp' as default\n"}
[6.997342] (multirobot_map_merge) StderrLine: {'line': b'  3400K .......... .......... .......... .......... .......... 84% 14.8M 0s\n'}
[6.997738] (multirobot_map_merge) StderrLine: {'line': b'  3450K .......... .......... .......... .......... .......... 85%  115M 0s\n'}
[6.998777] (multirobot_map_merge) StderrLine: {'line': b'  3500K .......... .......... .......... .......... .......... 86% 52.9M 0s\n'}
[6.999932] (multirobot_map_merge) StderrLine: {'line': b'  3550K .......... .......... .......... .......... .......... 87% 38.5M 0s\n'}
[7.001427] (multirobot_map_merge) StderrLine: {'line': b'  3600K .......... .......... .......... .......... .......... 89% 32.6M 0s\n'}
[7.002712] (multirobot_map_merge) StderrLine: {'line': b'  3650K .......... .......... .......... .......... .......... 90% 38.1M 0s\n'}
[7.004454] (multirobot_map_merge) StderrLine: {'line': b'  3700K .......... .......... .......... .......... .......... 91% 27.9M 0s\n'}
[7.005522] (multirobot_map_merge) StderrLine: {'line': b'  3750K .......... .......... .......... .......... .......... 92% 44.8M 0s\n'}
[7.007871] (multirobot_map_merge) StderrLine: {'line': b'  3800K .......... .......... .......... .......... .......... 93% 21.3M 0s\n'}
[7.009101] (multirobot_map_merge) StderrLine: {'line': b'  3850K .......... .......... .......... .......... .......... 95% 38.4M 0s\n'}
[7.010371] (multirobot_map_merge) StderrLine: {'line': b'  3900K .......... .......... .......... .......... .......... 96% 38.2M 0s\n'}
[7.012460] (explore_lite) StdoutLine: {'line': b'-- Performing Test CMAKE_HAVE_LIBC_PTHREAD\n'}
[7.013568] (multirobot_map_merge) StderrLine: {'line': b'  3950K .......... .......... .......... .......... .......... 97% 15.6M 0s\n'}
[7.014222] (multirobot_map_merge) StderrLine: {'line': b'  4000K .......... .......... .......... .......... .......... 98% 65.5M 0s\n'}
[7.014873] (multirobot_map_merge) StderrLine: {'line': b'  4050K .......... .......... .......... .......... ......    100% 71.2M=0.3s\n'}
[7.015023] (multirobot_map_merge) StderrLine: {'line': b'\n'}
[7.015108] (multirobot_map_merge) StderrLine: {'line': b'2026-07-01 18:05:58 (15.7 MB/s) - \xe2\x80\x98/home/safal/Desktop/unitreego2nav/build/multirobot_map_merge/map00.pgm\xe2\x80\x99 saved [4194362/4194362]\n'}
[7.015190] (multirobot_map_merge) StderrLine: {'line': b'\n'}
[7.019034] (-) TimerEvent: {}
[7.026230] (multirobot_map_merge) StdoutLine: {'line': b'Checking MD5 sum of /home/safal/Desktop/unitreego2nav/build/multirobot_map_merge/map00.pgm\n'}
[7.037233] (multirobot_map_merge) StdoutLine: {'line': b'/home/safal/Desktop/unitreego2nav/build/multirobot_map_merge/map00.pgm: OK\n'}
[7.041823] (multirobot_map_merge) StderrLine: {'line': b'--2026-07-01 18:05:58--  https://raw.githubusercontent.com/hrnr/m-explore-extra/master/map_merge/hector_maps/map05.pgm\n'}
[7.045475] (multirobot_map_merge) StderrLine: {'line': b'Resolving raw.githubusercontent.com (raw.githubusercontent.com)... 2606:50c0:8002::154, 2606:50c0:8003::154, 2606:50c0:8000::154, ...\n'}
[7.064003] (multirobot_map_merge) StderrLine: {'line': b'Connecting to raw.githubusercontent.com (raw.githubusercontent.com)|2606:50c0:8002::154|:443... connected.\n'}
[7.078584] (explore_lite) StdoutLine: {'line': b'-- Performing Test CMAKE_HAVE_LIBC_PTHREAD - Success\n'}
[7.079805] (explore_lite) StdoutLine: {'line': b'-- Found Threads: TRUE\n'}
[7.119179] (-) TimerEvent: {}
[7.162918] (explore_lite) StdoutLine: {'line': b'-- Found sensor_msgs: 4.9.1 (/opt/ros/humble/share/sensor_msgs/cmake)\n'}
[7.208763] (explore_lite) StdoutLine: {'line': b'-- Found tf2_ros: 0.25.20 (/opt/ros/humble/share/tf2_ros/cmake)\n'}
[7.219253] (-) TimerEvent: {}
[7.319590] (-) TimerEvent: {}
[7.338679] (explore_lite) StdoutLine: {'line': b'-- Found tf2_geometry_msgs: 0.25.20 (/opt/ros/humble/share/tf2_geometry_msgs/cmake)\n'}
[7.356444] (explore_lite) StdoutLine: {'line': b'-- Found eigen3_cmake_module: 0.1.1 (/opt/ros/humble/share/eigen3_cmake_module/cmake)\n'}
[7.358010] (explore_lite) StdoutLine: {'line': b'-- Found Eigen3: TRUE (found version "3.4.0")\n'}
[7.358321] (explore_lite) StdoutLine: {'line': b'-- Ensuring Eigen3 include directory is part of orocos-kdl CMake target\n'}
[7.373228] (explore_lite) StdoutLine: {'line': b'-- Found nav2_msgs: 1.1.20 (/opt/ros/humble/share/nav2_msgs/cmake)\n'}
[7.419632] (-) TimerEvent: {}
[7.431072] (explore_lite) StdoutLine: {'line': b'-- Found map_msgs: 2.1.0 (/opt/ros/humble/share/map_msgs/cmake)\n'}
[7.460429] (explore_lite) StdoutLine: {'line': b'-- Found visualization_msgs: 4.9.1 (/opt/ros/humble/share/visualization_msgs/cmake)\n'}
[7.491332] (explore_lite) StdoutLine: {'line': b'-- Found nav2_costmap_2d: 1.1.20 (/opt/ros/humble/share/nav2_costmap_2d/cmake)\n'}
[7.519762] (-) TimerEvent: {}
[7.620114] (-) TimerEvent: {}
[7.661642] (explore_lite) StdoutLine: {'line': b'-- Found explore_lite_msgs: 1.0.0 (/home/safal/Desktop/unitreego2nav/install/explore_lite_msgs/share/explore_lite_msgs/cmake)\n'}
[7.673988] (explore_lite) StdoutLine: {'line': b'-- Found ament_lint_auto: 0.12.15 (/opt/ros/humble/share/ament_lint_auto/cmake)\n'}
[7.720228] (-) TimerEvent: {}
[7.751020] (explore_lite) StdoutLine: {'line': b'-- Found ament_cmake_gtest: 1.3.14 (/opt/ros/humble/share/ament_cmake_gtest/cmake)\n'}
[7.755476] (explore_lite) StdoutLine: {'line': b"-- Found gtest sources under '/opt/ros/humble/src/gtest_vendor': C++ tests using 'Google Test' will be built\n"}
[7.758688] (explore_lite) StderrLine: {'line': b'\x1b[0mCMake Deprecation Warning at /opt/ros/humble/src/gtest_vendor/CMakeLists.txt:2 (cmake_minimum_required):\n'}
[7.758890] (explore_lite) StderrLine: {'line': b'  Compatibility with CMake < 3.10 will be removed from a future version of\n'}
[7.759030] (explore_lite) StderrLine: {'line': b'  CMake.\n'}
[7.759166] (explore_lite) StderrLine: {'line': b'\n'}
[7.759300] (explore_lite) StderrLine: {'line': b'  Update the VERSION argument <min> value.  Or, use the <min>...<max> syntax\n'}
[7.759428] (explore_lite) StderrLine: {'line': b'  to tell CMake that the project requires at least <min> but has been updated\n'}
[7.759567] (explore_lite) StderrLine: {'line': b'  to work with policies introduced by <max> or earlier.\n'}
[7.759716] (explore_lite) StderrLine: {'line': b'\n'}
[7.759841] (explore_lite) StderrLine: {'line': b'\x1b[0m\n'}
[7.767251] (explore_lite) StdoutLine: {'line': b"-- Added test 'cppcheck' to perform static code analysis on C / C++ code\n"}
[7.767503] (explore_lite) StdoutLine: {'line': b'-- Configured cppcheck include dirs: /home/safal/Desktop/unitreego2nav/src/m-explore-ros2/explore/include;$<BUILD_INTERFACE:/home/safal/Desktop/unitreego2nav/src/m-explore-ros2/explore/include>\n'}
[7.767601] (explore_lite) StdoutLine: {'line': b'-- Configured cppcheck exclude dirs and/or files: \n'}
[7.768401] (explore_lite) StdoutLine: {'line': b"-- Added test 'flake8' to check Python code syntax and style conventions\n"}
[7.769345] (explore_lite) StdoutLine: {'line': b"-- Added test 'lint_cmake' to check CMake code style\n"}
[7.770160] (explore_lite) StdoutLine: {'line': b"-- Added test 'pep257' to check Python code against some of the docstring style conventions in PEP 257\n"}
[7.771848] (explore_lite) StdoutLine: {'line': b"-- Added test 'uncrustify' to check C / C++ code style\n"}
[7.771980] (explore_lite) StdoutLine: {'line': b'-- Configured uncrustify additional arguments: \n'}
[7.772782] (explore_lite) StdoutLine: {'line': b"-- Added test 'xmllint' to check XML markup files\n"}
[7.775211] (explore_lite) StdoutLine: {'line': b'-- Configuring done (1.7s)\n'}
[7.820363] (-) TimerEvent: {}
[7.835000] (explore_lite) StdoutLine: {'line': b'-- Generating done (0.1s)\n'}
[7.912471] (explore_lite) StdoutLine: {'line': b'-- Build files have been written to: /home/safal/Desktop/unitreego2nav/build/explore_lite\n'}
[7.920478] (-) TimerEvent: {}
[7.926771] (explore_lite) CommandEnded: {'returncode': 0}
[7.927643] (explore_lite) JobProgress: {'identifier': 'explore_lite', 'progress': 'build'}
[7.928199] (explore_lite) Command: {'cmd': ['/usr/bin/cmake', '--build', '/home/safal/Desktop/unitreego2nav/build/explore_lite', '--', '-j8', '-l8'], 'cwd': '/home/safal/Desktop/unitreego2nav/build/explore_lite', 'env': OrderedDict([('LESSOPEN', '| /usr/bin/lesspipe %s'), ('USER', 'safal'), ('LC_TIME', 'bho_NP'), ('XDG_SESSION_TYPE', 'wayland'), ('SHLVL', '1'), ('LD_LIBRARY_PATH', '/home/safal/Desktop/unitreego2nav/install/explore_lite_msgs/lib:/usr/lib/x86_64-linux-gnu/gazebo-11/plugins:/opt/ros/humble/opt/rviz_ogre_vendor/lib:/opt/ros/humble/lib/x86_64-linux-gnu:/opt/ros/humble/lib'), ('HOME', '/home/safal'), ('CONDA_SHLVL', '0'), ('OLDPWD', '/home/safal'), ('DESKTOP_SESSION', 'ubuntu'), ('ROS_PYTHON_VERSION', '3'), ('GNOME_SHELL_SESSION_MODE', 'ubuntu'), ('GTK_MODULES', 'gail:atk-bridge'), ('LC_MONETARY', 'bho_NP'), ('SYSTEMD_EXEC_PID', '1655'), ('DBUS_SESSION_BUS_ADDRESS', 'unix:path=/run/user/1000/bus'), ('COLORTERM', 'truecolor'), ('_CE_M', ''), ('_CONDA_ROOT', '/home/safal/miniconda3'), ('IM_CONFIG_PHASE', '1'), ('WAYLAND_DISPLAY', 'wayland-0'), ('ROS_DISTRO', 'humble'), ('LOGNAME', 'safal'), ('_', '/usr/bin/colcon'), ('ROS_VERSION', '2'), ('XDG_SESSION_CLASS', 'user'), ('USERNAME', 'safal'), ('TERM', 'xterm-256color'), ('GNOME_DESKTOP_SESSION_ID', 'this-is-deprecated'), ('_CE_CONDA', ''), ('ROS_LOCALHOST_ONLY', '0'), ('PATH', '/opt/ros/humble/bin:/home/safal/miniconda3/condabin:/home/safal/.local/bin:/usr/local/sbin:/usr/local/bin:/usr/sbin:/usr/bin:/sbin:/bin:/usr/games:/usr/local/games:/snap/bin:/snap/bin'), ('SESSION_MANAGER', 'local/safal:@/tmp/.ICE-unix/1615,unix/safal:/tmp/.ICE-unix/1615'), ('XDG_MENU_PREFIX', 'gnome-'), ('LC_ADDRESS', 'bho_NP'), ('GNOME_TERMINAL_SCREEN', '/org/gnome/Terminal/screen/1e56160b_9632_47f5_a587_c3e5614d5f40'), ('GNOME_SETUP_DISPLAY', ':1'), ('COLCON_CMAKE_ARGS', '-DCMAKE_POLICY_VERSION_MINIMUM=3.5'), ('XDG_RUNTIME_DIR', '/run/user/1000'), ('DISPLAY', ':0'), ('LANG', 'en_US.UTF-8'), ('XDG_CURRENT_DESKTOP', 'ubuntu:GNOME'), ('LC_TELEPHONE', 'bho_NP'), ('XMODIFIERS', '@im=ibus'), ('XDG_SESSION_DESKTOP', 'ubuntu'), ('XAUTHORITY', '/run/user/1000/.mutter-Xwaylandauth.TNARR3'), ('LS_COLORS', 'rs=0:di=01;34:ln=01;36:mh=00:pi=40;33:so=01;35:do=01;35:bd=40;33;01:cd=40;33;01:or=40;31;01:mi=00:su=37;41:sg=30;43:ca=30;41:tw=30;42:ow=34;42:st=37;44:ex=01;32:*.tar=01;31:*.tgz=01;31:*.arc=01;31:*.arj=01;31:*.taz=01;31:*.lha=01;31:*.lz4=01;31:*.lzh=01;31:*.lzma=01;31:*.tlz=01;31:*.txz=01;31:*.tzo=01;31:*.t7z=01;31:*.zip=01;31:*.z=01;31:*.dz=01;31:*.gz=01;31:*.lrz=01;31:*.lz=01;31:*.lzo=01;31:*.xz=01;31:*.zst=01;31:*.tzst=01;31:*.bz2=01;31:*.bz=01;31:*.tbz=01;31:*.tbz2=01;31:*.tz=01;31:*.deb=01;31:*.rpm=01;31:*.jar=01;31:*.war=01;31:*.ear=01;31:*.sar=01;31:*.rar=01;31:*.alz=01;31:*.ace=01;31:*.zoo=01;31:*.cpio=01;31:*.7z=01;31:*.rz=01;31:*.cab=01;31:*.wim=01;31:*.swm=01;31:*.dwm=01;31:*.esd=01;31:*.jpg=01;35:*.jpeg=01;35:*.mjpg=01;35:*.mjpeg=01;35:*.gif=01;35:*.bmp=01;35:*.pbm=01;35:*.pgm=01;35:*.ppm=01;35:*.tga=01;35:*.xbm=01;35:*.xpm=01;35:*.tif=01;35:*.tiff=01;35:*.png=01;35:*.svg=01;35:*.svgz=01;35:*.mng=01;35:*.pcx=01;35:*.mov=01;35:*.mpg=01;35:*.mpeg=01;35:*.m2v=01;35:*.mkv=01;35:*.webm=01;35:*.webp=01;35:*.ogm=01;35:*.mp4=01;35:*.m4v=01;35:*.mp4v=01;35:*.vob=01;35:*.qt=01;35:*.nuv=01;35:*.wmv=01;35:*.asf=01;35:*.rm=01;35:*.rmvb=01;35:*.flc=01;35:*.avi=01;35:*.fli=01;35:*.flv=01;35:*.gl=01;35:*.dl=01;35:*.xcf=01;35:*.xwd=01;35:*.yuv=01;35:*.cgm=01;35:*.emf=01;35:*.ogv=01;35:*.ogx=01;35:*.aac=00;36:*.au=00;36:*.flac=00;36:*.m4a=00;36:*.mid=00;36:*.midi=00;36:*.mka=00;36:*.mp3=00;36:*.mpc=00;36:*.ogg=00;36:*.ra=00;36:*.wav=00;36:*.oga=00;36:*.opus=00;36:*.spx=00;36:*.xspf=00;36:'), ('GNOME_TERMINAL_SERVICE', ':1.385'), ('SSH_AGENT_LAUNCHER', 'gnome-keyring'), ('SSH_AUTH_SOCK', '/run/user/1000/keyring/ssh'), ('AMENT_PREFIX_PATH', '/home/safal/Desktop/unitreego2nav/install/explore_lite_msgs:/opt/ros/humble'), ('CONDA_PYTHON_EXE', '/home/safal/miniconda3/bin/python'), ('SHELL', '/bin/bash'), ('LC_NAME', 'bho_NP'), ('QT_ACCESSIBILITY', '1'), ('GDMSESSION', 'ubuntu'), ('LESSCLOSE', '/usr/bin/lesspipe %s %s'), ('LC_MEASUREMENT', 'bho_NP'), ('_CONDA_EXE', '/home/safal/miniconda3/bin/conda'), ('LC_IDENTIFICATION', 'bho_NP'), ('QT_IM_MODULE', 'ibus'), ('PWD', '/home/safal/Desktop/unitreego2nav/build/explore_lite'), ('LC_ALL', 'en_US.UTF-8'), ('XDG_CONFIG_DIRS', '/etc/xdg/xdg-ubuntu:/etc/xdg'), ('CONDA_EXE', '/home/safal/miniconda3/bin/conda'), ('XDG_DATA_DIRS', '/usr/share/ubuntu:/usr/local/share/:/usr/share/:/var/lib/snapd/desktop'), ('PYTHONPATH', '/home/safal/Desktop/unitreego2nav/install/explore_lite_msgs/local/lib/python3.10/dist-packages:/opt/ros/humble/lib/python3.10/site-packages:/opt/ros/humble/local/lib/python3.10/dist-packages'), ('LC_NUMERIC', 'bho_NP'), ('LC_PAPER', 'bho_NP'), ('COLCON', '1'), ('VTE_VERSION', '6800'), ('CMAKE_PREFIX_PATH', '/home/safal/Desktop/unitreego2nav/install/explore_lite_msgs:/opt/ros/humble')]), 'shell': False}
[7.958685] (explore_lite) StdoutLine: {'line': b'[ 30%] \x1b[32mBuilding CXX object CMakeFiles/explore.dir/src/frontier_search.cpp.o\x1b[0m\n'}
[7.958924] (explore_lite) StdoutLine: {'line': b'[ 30%] \x1b[32mBuilding CXX object gtest/CMakeFiles/gtest.dir/src/gtest-all.cc.o\x1b[0m\n'}
[7.959025] (explore_lite) StdoutLine: {'line': b'[ 30%] \x1b[32mBuilding CXX object gtest/CMakeFiles/gtest_main.dir/src/gtest_main.cc.o\x1b[0m\n'}
[7.959173] (explore_lite) StdoutLine: {'line': b'[ 40%] \x1b[32mBuilding CXX object CMakeFiles/explore.dir/src/costmap_client.cpp.o\x1b[0m\n'}
[7.959350] (explore_lite) StdoutLine: {'line': b'[ 50%] \x1b[32mBuilding CXX object CMakeFiles/explore.dir/src/explore.cpp.o\x1b[0m\n'}
[8.020601] (-) TimerEvent: {}
[8.120971] (-) TimerEvent: {}
[8.221347] (-) TimerEvent: {}
[8.321710] (-) TimerEvent: {}
[8.422080] (-) TimerEvent: {}
[8.522479] (-) TimerEvent: {}
[8.622897] (-) TimerEvent: {}
[8.723297] (-) TimerEvent: {}
[8.823696] (-) TimerEvent: {}
[8.856086] (explore_lite) StdoutLine: {'line': b'[ 60%] \x1b[1m\x1b[32mLinking CXX static library libgtest_main.a\x1b[0m\n'}
[8.923818] (-) TimerEvent: {}
[9.004523] (explore_lite) StdoutLine: {'line': b'[ 60%] Built target gtest_main\n'}
[9.023932] (-) TimerEvent: {}
[9.124337] (-) TimerEvent: {}
[9.224725] (-) TimerEvent: {}
[9.325120] (-) TimerEvent: {}
[9.423657] (multirobot_map_merge) StderrLine: {'line': b'HTTP request sent, awaiting response... 200 OK\n'}
[9.423941] (multirobot_map_merge) StderrLine: {'line': b'Length: 4194362 (4.0M) [application/octet-stream]\n'}
[9.424091] (multirobot_map_merge) StderrLine: {'line': b'Saving to: \xe2\x80\x98/home/safal/Desktop/unitreego2nav/build/multirobot_map_merge/map05.pgm\xe2\x80\x99\n'}
[9.424247] (multirobot_map_merge) StderrLine: {'line': b'\n'}
[9.425201] (-) TimerEvent: {}
[9.449646] (multirobot_map_merge) StderrLine: {'line': b'     0K .......... .......... .......... .......... ..........  1% 1.79M 2s\n'}
[9.472144] (multirobot_map_merge) StderrLine: {'line': b'    50K .......... .......... .......... .......... ..........  2% 2.18M 2s\n'}
[9.479654] (multirobot_map_merge) StderrLine: {'line': b'   100K .......... .......... .......... .......... ..........  3% 6.52M 2s\n'}
[9.484717] (multirobot_map_merge) StderrLine: {'line': b'   150K .......... .......... .......... .......... ..........  4% 9.44M 1s\n'}
[9.492970] (multirobot_map_merge) StderrLine: {'line': b'   200K .......... .......... .......... .......... ..........  6% 5.98M 1s\n'}
[9.495412] (multirobot_map_merge) StderrLine: {'line': b'   250K .......... .......... .......... .......... ..........  7% 19.0M 1s\n'}
[9.500279] (multirobot_map_merge) StderrLine: {'line': b'   300K .......... .......... .......... .......... ..........  8% 10.1M 1s\n'}
[9.502540] (multirobot_map_merge) StderrLine: {'line': b'   350K .......... .......... .......... .......... ..........  9% 21.6M 1s\n'}
[9.504583] (multirobot_map_merge) StderrLine: {'line': b'   400K .......... .......... .......... .......... .......... 10% 23.7M 1s\n'}
[9.509708] (multirobot_map_merge) StderrLine: {'line': b'   450K .......... .......... .......... .......... .......... 12% 11.1M 1s\n'}
[9.514435] (multirobot_map_merge) StderrLine: {'line': b'   500K .......... .......... .......... .......... .......... 13% 9.14M 1s\n'}
[9.515548] (multirobot_map_merge) StderrLine: {'line': b'   550K .......... .......... .......... .......... .......... 14% 40.3M 1s\n'}
[9.516669] (multirobot_map_merge) StderrLine: {'line': b'   600K .......... .......... .......... .......... .......... 15% 42.8M 0s\n'}
[9.518263] (multirobot_map_merge) StderrLine: {'line': b'   650K .......... .......... .......... .......... .......... 17% 30.7M 0s\n'}
[9.520760] (multirobot_map_merge) StderrLine: {'line': b'   700K .......... .......... .......... .......... .......... 18% 29.4M 0s\n'}
[9.522082] (multirobot_map_merge) StderrLine: {'line': b'   750K .......... .......... .......... .......... .......... 19% 22.8M 0s\n'}
[9.523195] (multirobot_map_merge) StderrLine: {'line': b'   800K .......... .......... .......... .......... .......... 20% 41.0M 0s\n'}
[9.525297] (-) TimerEvent: {}
[9.525700] (multirobot_map_merge) StderrLine: {'line': b'   850K .......... .......... .......... .......... .......... 21% 19.8M 0s\n'}
[9.526517] (multirobot_map_merge) StderrLine: {'line': b'   900K .......... .......... .......... .......... .......... 23% 59.0M 0s\n'}
[9.528302] (multirobot_map_merge) StderrLine: {'line': b'   950K .......... .......... .......... .......... .......... 24% 27.3M 0s\n'}
[9.530164] (multirobot_map_merge) StderrLine: {'line': b'  1000K .......... .......... .......... .......... .......... 25% 26.1M 0s\n'}
[9.531528] (multirobot_map_merge) StderrLine: {'line': b'  1050K .......... .......... .......... .......... .......... 26% 36.0M 0s\n'}
[9.538272] (multirobot_map_merge) StderrLine: {'line': b'  1100K .......... .......... .......... .......... .......... 28% 8.31M 0s\n'}
[9.540185] (multirobot_map_merge) StderrLine: {'line': b'  1150K .......... .......... .......... .......... .......... 29% 18.9M 0s\n'}
[9.541330] (multirobot_map_merge) StderrLine: {'line': b'  1200K .......... .......... .......... .......... .......... 30% 40.5M 0s\n'}
[9.542466] (multirobot_map_merge) StderrLine: {'line': b'  1250K .......... .......... .......... .......... .......... 31% 40.6M 0s\n'}
[9.543454] (multirobot_map_merge) StderrLine: {'line': b'  1300K .......... .......... .......... .......... .......... 32% 48.6M 0s\n'}
[9.544787] (multirobot_map_merge) StderrLine: {'line': b'  1350K .......... .......... .......... .......... .......... 34% 36.0M 0s\n'}
[9.546332] (multirobot_map_merge) StderrLine: {'line': b'  1400K .......... .......... .......... .......... .......... 35% 31.5M 0s\n'}
[9.547523] (multirobot_map_merge) StderrLine: {'line': b'  1450K .......... .......... .......... .......... .......... 36% 40.7M 0s\n'}
[9.549582] (multirobot_map_merge) StderrLine: {'line': b'  1500K .......... .......... .......... .......... .......... 37% 26.5M 0s\n'}
[9.550858] (multirobot_map_merge) StderrLine: {'line': b'  1550K .......... .......... .......... .......... .......... 39% 33.8M 0s\n'}
[9.553216] (multirobot_map_merge) StderrLine: {'line': b'  1600K .......... .......... .......... .......... .......... 40% 25.8M 0s\n'}
[9.554062] (multirobot_map_merge) StderrLine: {'line': b'  1650K .......... .......... .......... .......... .......... 41% 37.4M 0s\n'}
[9.554839] (multirobot_map_merge) StderrLine: {'line': b'  1700K .......... .......... .......... .......... .......... 42% 61.3M 0s\n'}
[9.556503] (multirobot_map_merge) StderrLine: {'line': b'  1750K .......... .......... .......... .......... .......... 43% 29.4M 0s\n'}
[9.558522] (multirobot_map_merge) StderrLine: {'line': b'  1800K .......... .......... .......... .......... .......... 45% 23.5M 0s\n'}
[9.560235] (multirobot_map_merge) StderrLine: {'line': b'  1850K .......... .......... .......... .......... .......... 46% 37.0M 0s\n'}
[9.561001] (multirobot_map_merge) StderrLine: {'line': b'  1900K .......... .......... .......... .......... .......... 47% 46.6M 0s\n'}
[9.562103] (multirobot_map_merge) StderrLine: {'line': b'  1950K .......... .......... .......... .......... .......... 48% 39.7M 0s\n'}
[9.563319] (multirobot_map_merge) StderrLine: {'line': b'  2000K .......... .......... .......... .......... .......... 50% 41.6M 0s\n'}
[9.565351] (multirobot_map_merge) StderrLine: {'line': b'  2050K .......... .......... .......... .......... .......... 51% 24.2M 0s\n'}
[9.568184] (multirobot_map_merge) StderrLine: {'line': b'  2100K .......... .......... .......... .......... .......... 52% 18.0M 0s\n'}
[9.570012] (multirobot_map_merge) StderrLine: {'line': b'  2150K .......... .......... .......... .......... .......... 53% 26.1M 0s\n'}
[9.573009] (multirobot_map_merge) StderrLine: {'line': b'  2200K .......... .......... .......... .......... .......... 54% 17.2M 0s\n'}
[9.575020] (multirobot_map_merge) StderrLine: {'line': b'  2250K .......... .......... .......... .......... .......... 56% 23.9M 0s\n'}
[9.576191] (multirobot_map_merge) StderrLine: {'line': b'  2300K .......... .......... .......... .......... .......... 57% 39.5M 0s\n'}
[9.577347] (multirobot_map_merge) StderrLine: {'line': b'  2350K .......... .......... .......... .......... .......... 58% 41.8M 0s\n'}
[9.578729] (multirobot_map_merge) StderrLine: {'line': b'  2400K .......... .......... .......... .......... .......... 59% 43.0M 0s\n'}
[9.578923] (multirobot_map_merge) StderrLine: {'line': b'  2450K .......... .......... .......... .......... .......... 61%  166M 0s\n'}
[9.580389] (multirobot_map_merge) StderrLine: {'line': b'  2500K .......... .......... .......... .......... .......... 62% 31.5M 0s\n'}
[9.581627] (multirobot_map_merge) StderrLine: {'line': b'  2550K .......... .......... .......... .......... .......... 63% 40.9M 0s\n'}
[9.582829] (multirobot_map_merge) StderrLine: {'line': b'  2600K .......... .......... .......... .......... .......... 64% 40.6M 0s\n'}
[9.585170] (multirobot_map_merge) StderrLine: {'line': b'  2650K .......... .......... .......... .......... .......... 65% 23.7M 0s\n'}
[9.585410] (multirobot_map_merge) StderrLine: {'line': b'  2700K .......... .......... .......... .......... .......... 67%  153M 0s\n'}
[9.585904] (multirobot_map_merge) StderrLine: {'line': b'  2750K .......... .......... .......... .......... .......... 68% 58.0M 0s\n'}
[9.586844] (multirobot_map_merge) StderrLine: {'line': b'  2800K .......... .......... .......... .......... .......... 69% 53.0M 0s\n'}
[9.588254] (multirobot_map_merge) StderrLine: {'line': b'  2850K .......... .......... .......... .......... .......... 70% 37.0M 0s\n'}
[9.589917] (multirobot_map_merge) StderrLine: {'line': b'  2900K .......... .......... .......... .......... .......... 72% 29.6M 0s\n'}
[9.591146] (multirobot_map_merge) StderrLine: {'line': b'  2950K .......... .......... .......... .......... .......... 73% 37.3M 0s\n'}
[9.592323] (multirobot_map_merge) StderrLine: {'line': b'  3000K .......... .......... .......... .......... .......... 74% 42.0M 0s\n'}
[9.594325] (multirobot_map_merge) StderrLine: {'line': b'  3050K .......... .......... .......... .......... .......... 75% 23.1M 0s\n'}
[9.595808] (multirobot_map_merge) StderrLine: {'line': b'  3100K .......... .......... .......... .......... .......... 76% 38.6M 0s\n'}
[9.596655] (multirobot_map_merge) StderrLine: {'line': b'  3150K .......... .......... .......... .......... .......... 78% 44.7M 0s\n'}
[9.597502] (multirobot_map_merge) StderrLine: {'line': b'  3200K .......... .......... .......... .......... .......... 79% 57.7M 0s\n'}
[9.599045] (multirobot_map_merge) StderrLine: {'line': b'  3250K .......... .......... .......... .......... .......... 80% 33.5M 0s\n'}
[9.623122] (multirobot_map_merge) StderrLine: {'line': b'  3300K .......... .......... .......... .......... .......... 81% 2.03M 0s\n'}
[9.625461] (-) TimerEvent: {}
[9.626351] (multirobot_map_merge) StderrLine: {'line': b'  3350K .......... .......... .......... .......... .......... 83% 15.3M 0s\n'}
[9.626746] (multirobot_map_merge) StderrLine: {'line': b'  3400K .......... .......... .......... .......... .......... 84% 93.3M 0s\n'}
[9.629646] (multirobot_map_merge) StderrLine: {'line': b'  3450K .......... .......... .......... .......... .......... 85% 17.3M 0s\n'}
[9.631019] (multirobot_map_merge) StderrLine: {'line': b'  3500K .......... .......... .......... .......... .......... 86% 41.6M 0s\n'}
[9.635096] (multirobot_map_merge) StderrLine: {'line': b'  3550K .......... .......... .......... .......... .......... 87% 12.3M 0s\n'}
[9.635574] (multirobot_map_merge) StderrLine: {'line': b'  3600K .......... .......... .......... .......... .......... 89%  148M 0s\n'}
[9.635927] (multirobot_map_merge) StderrLine: {'line': b'  3650K .......... .......... .......... .......... .......... 90%  200M 0s\n'}
[9.638574] (multirobot_map_merge) StderrLine: {'line': b'  3700K .......... .......... .......... .......... .......... 91% 15.7M 0s\n'}
[9.642402] (multirobot_map_merge) StderrLine: {'line': b'  3750K .......... .......... .......... .......... .......... 92% 13.3M 0s\n'}
[9.642856] (multirobot_map_merge) StderrLine: {'line': b'  3800K .......... .......... .......... .......... .......... 93%  212M 0s\n'}
[9.648617] (multirobot_map_merge) StderrLine: {'line': b'  3850K .......... .......... .......... .......... .......... 95% 8.51M 0s\n'}
[9.648874] (multirobot_map_merge) StderrLine: {'line': b'  3900K .......... .......... .......... .......... .......... 96%  194M 0s\n'}
[9.651575] (multirobot_map_merge) StderrLine: {'line': b'  3950K .......... .......... .......... .......... .......... 97% 85.6M 0s\n'}
[9.654799] (multirobot_map_merge) StderrLine: {'line': b'  4000K .......... .......... .......... .......... .......... 98%  215M 0s\n'}
[9.654982] (multirobot_map_merge) StderrLine: {'line': b'  4050K .......... .......... .......... .......... ......    100% 19.7M=0.2s\n'}
[9.655116] (multirobot_map_merge) StderrLine: {'line': b'\n'}
[9.655235] (multirobot_map_merge) StderrLine: {'line': b'2026-07-01 18:06:00 (17.5 MB/s) - \xe2\x80\x98/home/safal/Desktop/unitreego2nav/build/multirobot_map_merge/map05.pgm\xe2\x80\x99 saved [4194362/4194362]\n'}
[9.655377] (multirobot_map_merge) StderrLine: {'line': b'\n'}
[9.655498] (multirobot_map_merge) StdoutLine: {'line': b'Checking MD5 sum of /home/safal/Desktop/unitreego2nav/build/multirobot_map_merge/map05.pgm\n'}
[9.664065] (multirobot_map_merge) StdoutLine: {'line': b'/home/safal/Desktop/unitreego2nav/build/multirobot_map_merge/map05.pgm: OK\n'}
[9.671207] (multirobot_map_merge) StderrLine: {'line': b'--2026-07-01 18:06:00--  https://raw.githubusercontent.com/hrnr/m-explore-extra/master/map_merge/gmapping_maps/2011-08-09-12-22-52.pgm\n'}
[9.676600] (multirobot_map_merge) StderrLine: {'line': b'Resolving raw.githubusercontent.com (raw.githubusercontent.com)... 2606:50c0:8000::154, 2606:50c0:8002::154, 2606:50c0:8001::154, ...\n'}
[9.695642] (multirobot_map_merge) StderrLine: {'line': b'Connecting to raw.githubusercontent.com (raw.githubusercontent.com)|2606:50c0:8000::154|:443... connected.\n'}
[9.725623] (-) TimerEvent: {}
[9.826043] (-) TimerEvent: {}
[9.926427] (-) TimerEvent: {}
[10.026822] (-) TimerEvent: {}
[10.127215] (-) TimerEvent: {}
[10.227608] (-) TimerEvent: {}
[10.328065] (-) TimerEvent: {}
[10.428557] (-) TimerEvent: {}
[10.528951] (-) TimerEvent: {}
[10.629401] (-) TimerEvent: {}
[10.729876] (-) TimerEvent: {}
[10.830269] (-) TimerEvent: {}
[10.930648] (-) TimerEvent: {}
[11.031036] (-) TimerEvent: {}
[11.131385] (-) TimerEvent: {}
[11.231757] (-) TimerEvent: {}
[11.332221] (-) TimerEvent: {}
[11.432744] (-) TimerEvent: {}
[11.533133] (-) TimerEvent: {}
[11.633529] (-) TimerEvent: {}
[11.733928] (-) TimerEvent: {}
[11.799962] (explore_lite) StdoutLine: {'line': b'[ 70%] \x1b[1m\x1b[32mLinking CXX static library libgtest.a\x1b[0m\n'}
[11.834042] (-) TimerEvent: {}
[11.882640] (explore_lite) StdoutLine: {'line': b'[ 70%] Built target gtest\n'}
[11.894678] (explore_lite) StdoutLine: {'line': b'[ 80%] \x1b[32mBuilding CXX object CMakeFiles/test_explore.dir/test/test_explore.cpp.o\x1b[0m\n'}
[11.934167] (-) TimerEvent: {}
[12.034588] (-) TimerEvent: {}
[12.134978] (-) TimerEvent: {}
[12.235387] (-) TimerEvent: {}
[12.335823] (-) TimerEvent: {}
[12.436236] (-) TimerEvent: {}
[12.536641] (-) TimerEvent: {}
[12.637036] (-) TimerEvent: {}
[12.681139] (multirobot_map_merge) StderrLine: {'line': b'HTTP request sent, awaiting response... 200 OK\n'}
[12.681484] (multirobot_map_merge) StderrLine: {'line': b'Length: 16000058 (15M) [application/octet-stream]\n'}
[12.681637] (multirobot_map_merge) StderrLine: {'line': b'Saving to: \xe2\x80\x98/home/safal/Desktop/unitreego2nav/build/multirobot_map_merge/2011-08-09-12-22-52.pgm\xe2\x80\x99\n'}
[12.681770] (multirobot_map_merge) StderrLine: {'line': b'\n'}
[12.704773] (multirobot_map_merge) StderrLine: {'line': b'     0K .......... .......... .......... .......... ..........  0% 2.08M 7s\n'}
[12.713798] (multirobot_map_merge) StderrLine: {'line': b'    50K .......... .......... .......... .......... ..........  0% 5.41M 5s\n'}
[12.726608] (multirobot_map_merge) StderrLine: {'line': b'   100K .......... .......... .......... .......... ..........  0% 3.81M 5s\n'}
[12.729975] (multirobot_map_merge) StderrLine: {'line': b'   150K .......... .......... .......... .......... ..........  1% 14.4M 4s\n'}
[12.735243] (multirobot_map_merge) StderrLine: {'line': b'   200K .......... .......... .......... .......... ..........  1% 9.18M 3s\n'}
[12.737151] (-) TimerEvent: {}
[12.741794] (multirobot_map_merge) StderrLine: {'line': b'   250K .......... .......... .......... .......... ..........  1% 7.48M 3s\n'}
[12.746410] (multirobot_map_merge) StderrLine: {'line': b'   300K .......... .......... .......... .......... ..........  2% 10.5M 3s\n'}
[12.748743] (multirobot_map_merge) StderrLine: {'line': b'   350K .......... .......... .......... .......... ..........  2% 22.0M 3s\n'}
[12.753279] (multirobot_map_merge) StderrLine: {'line': b'   400K .......... .......... .......... .......... ..........  2% 10.6M 2s\n'}
[12.753743] (multirobot_map_merge) StderrLine: {'line': b'   450K .......... .......... .......... .......... ..........  3%  120M 2s\n'}
[12.758310] (multirobot_map_merge) StderrLine: {'line': b'   500K .......... .......... .......... .......... ..........  3% 11.0M 2s\n'}
[12.763164] (multirobot_map_merge) StderrLine: {'line': b'   550K .......... .......... .......... .......... ..........  3% 9.83M 2s\n'}
[12.763903] (multirobot_map_merge) StderrLine: {'line': b'   600K .......... .......... .......... .......... ..........  4% 55.2M 2s\n'}
[12.770201] (multirobot_map_merge) StderrLine: {'line': b'   650K .......... .......... .......... .......... ..........  4% 8.08M 2s\n'}
[12.770548] (multirobot_map_merge) StderrLine: {'line': b'   700K .......... .......... .......... .......... ..........  4%  119M 2s\n'}
[12.772069] (multirobot_map_merge) StderrLine: {'line': b'   750K .......... .......... .......... .......... ..........  5% 29.3M 2s\n'}
[12.772381] (multirobot_map_merge) StderrLine: {'line': b'   800K .......... .......... .......... .......... ..........  5%  147M 2s\n'}
[12.772736] (multirobot_map_merge) StderrLine: {'line': b'   850K .......... .......... .......... .......... ..........  5%  114M 1s\n'}
[12.777278] (multirobot_map_merge) StderrLine: {'line': b'   900K .......... .......... .......... .......... ..........  6% 11.0M 1s\n'}
[12.778279] (multirobot_map_merge) StderrLine: {'line': b'   950K .......... .......... .......... .......... ..........  6% 48.1M 1s\n'}
[12.779219] (multirobot_map_merge) StderrLine: {'line': b'  1000K .......... .......... .......... .......... ..........  6% 48.9M 1s\n'}
[12.781315] (multirobot_map_merge) StderrLine: {'line': b'  1050K .......... .......... .......... .......... ..........  7% 23.9M 1s\n'}
[12.783501] (multirobot_map_merge) StderrLine: {'line': b'  1100K .......... .......... .......... .......... ..........  7% 22.1M 1s\n'}
[12.786427] (multirobot_map_merge) StderrLine: {'line': b'  1150K .......... .......... .......... .......... ..........  7% 17.5M 1s\n'}
[12.787104] (multirobot_map_merge) StderrLine: {'line': b'  1200K .......... .......... .......... .......... ..........  7% 57.8M 1s\n'}
[12.789191] (multirobot_map_merge) StderrLine: {'line': b'  1250K .......... .......... .......... .......... ..........  8% 24.9M 1s\n'}
[12.790029] (explore_lite) StdoutLine: {'line': b'[ 90%] \x1b[1m\x1b[32mLinking CXX executable test_explore\x1b[0m\n'}
[12.791730] (multirobot_map_merge) StderrLine: {'line': b'  1300K .......... .......... .......... .......... ..........  8% 19.2M 1s\n'}
[12.792030] (multirobot_map_merge) StderrLine: {'line': b'  1350K .......... .......... .......... .......... ..........  8%  174M 1s\n'}
[12.794618] (multirobot_map_merge) StderrLine: {'line': b'  1400K .......... .......... .......... .......... ..........  9% 18.5M 1s\n'}
[12.794916] (multirobot_map_merge) StderrLine: {'line': b'  1450K .......... .......... .......... .......... ..........  9%  185M 1s\n'}
[12.795433] (multirobot_map_merge) StderrLine: {'line': b'  1500K .......... .......... .......... .......... ..........  9% 78.0M 1s\n'}
[12.796654] (multirobot_map_merge) StderrLine: {'line': b'  1550K .......... .......... .......... .......... .......... 10% 41.1M 1s\n'}
[12.797892] (multirobot_map_merge) StderrLine: {'line': b'  1600K .......... .......... .......... .......... .......... 10% 38.8M 1s\n'}
[12.799499] (multirobot_map_merge) StderrLine: {'line': b'  1650K .......... .......... .......... .......... .......... 10% 29.8M 1s\n'}
[12.801264] (multirobot_map_merge) StderrLine: {'line': b'  1700K .......... .......... .......... .......... .......... 11% 28.2M 1s\n'}
[12.803965] (multirobot_map_merge) StderrLine: {'line': b'  1750K .......... .......... .......... .......... .......... 11% 18.0M 1s\n'}
[12.811235] (multirobot_map_merge) StderrLine: {'line': b'  1800K .......... .......... .......... .......... .......... 11% 92.2M 1s\n'}
[12.811932] (multirobot_map_merge) StderrLine: {'line': b'  1850K .......... .......... .......... .......... .......... 12% 6.80M 1s\n'}
[12.812387] (multirobot_map_merge) StderrLine: {'line': b'  1900K .......... .......... .......... .......... .......... 12% 70.5M 1s\n'}
[12.813390] (multirobot_map_merge) StderrLine: {'line': b'  1950K .......... .......... .......... .......... .......... 12% 52.6M 1s\n'}
[12.815993] (multirobot_map_merge) StderrLine: {'line': b'  2000K .......... .......... .......... .......... .......... 13% 18.3M 1s\n'}
[12.816522] (multirobot_map_merge) StderrLine: {'line': b'  2050K .......... .......... .......... .......... .......... 13% 82.3M 1s\n'}
[12.817388] (multirobot_map_merge) StderrLine: {'line': b'  2100K .......... .......... .......... .......... .......... 13% 62.8M 1s\n'}
[12.817907] (multirobot_map_merge) StderrLine: {'line': b'  2150K .......... .......... .......... .......... .......... 14% 79.1M 1s\n'}
[12.818894] (multirobot_map_merge) StderrLine: {'line': b'  2200K .......... .......... .......... .......... .......... 14% 57.8M 1s\n'}
[12.819433] (multirobot_map_merge) StderrLine: {'line': b'  2250K .......... .......... .......... .......... .......... 14% 73.6M 1s\n'}
[12.820161] (multirobot_map_merge) StderrLine: {'line': b'  2300K .......... .......... .......... .......... .......... 15% 70.1M 1s\n'}
[12.821236] (multirobot_map_merge) StderrLine: {'line': b'  2350K .......... .......... .......... .......... .......... 15% 68.6M 1s\n'}
[12.821597] (multirobot_map_merge) StderrLine: {'line': b'  2400K .......... .......... .......... .......... .......... 15% 67.8M 1s\n'}
[12.822286] (multirobot_map_merge) StderrLine: {'line': b'  2450K .......... .......... .......... .......... .......... 15% 70.1M 1s\n'}
[12.825509] (multirobot_map_merge) StderrLine: {'line': b'  2500K .......... .......... .......... .......... .......... 16% 15.6M 1s\n'}
[12.829486] (multirobot_map_merge) StderrLine: {'line': b'  2550K .......... .......... .......... .......... .......... 16% 15.6M 1s\n'}
[12.829731] (multirobot_map_merge) StderrLine: {'line': b'  2600K .......... .......... .......... .......... .......... 16% 42.9M 1s\n'}
[12.832198] (multirobot_map_merge) StderrLine: {'line': b'  2650K .......... .......... .......... .......... .......... 17% 19.7M 1s\n'}
[12.832828] (multirobot_map_merge) StderrLine: {'line': b'  2700K .......... .......... .......... .......... .......... 17% 78.6M 1s\n'}
[12.833421] (multirobot_map_merge) StderrLine: {'line': b'  2750K .......... .......... .......... .......... .......... 17% 75.8M 1s\n'}
[12.835897] (multirobot_map_merge) StderrLine: {'line': b'  2800K .......... .......... .......... .......... .......... 18% 88.9M 1s\n'}
[12.836368] (multirobot_map_merge) StderrLine: {'line': b'  2850K .......... .......... .......... .......... .......... 18% 20.4M 1s\n'}
[12.836976] (multirobot_map_merge) StderrLine: {'line': b'  2900K .......... .......... .......... .......... .......... 18% 74.8M 1s\n'}
[12.837216] (-) TimerEvent: {}
[12.847070] (multirobot_map_merge) StderrLine: {'line': b'  2950K .......... .......... .......... .......... .......... 19% 4.88M 1s\n'}
[12.847727] (multirobot_map_merge) StderrLine: {'line': b'  3000K .......... .......... .......... .......... .......... 19% 71.4M 1s\n'}
[12.848423] (multirobot_map_merge) StderrLine: {'line': b'  3050K .......... .......... .......... .......... .......... 19% 70.2M 1s\n'}
[12.849054] (multirobot_map_merge) StderrLine: {'line': b'  3100K .......... .......... .......... .......... .......... 20%  102M 1s\n'}
[12.849586] (multirobot_map_merge) StderrLine: {'line': b'  3150K .......... .......... .......... .......... .......... 20% 69.6M 1s\n'}
[12.850295] (multirobot_map_merge) StderrLine: {'line': b'  3200K .......... .......... .......... .......... .......... 20% 80.3M 1s\n'}
[12.851004] (multirobot_map_merge) StderrLine: {'line': b'  3250K .......... .......... .......... .......... .......... 21% 59.6M 1s\n'}
[12.851623] (multirobot_map_merge) StderrLine: {'line': b'  3300K .......... .......... .......... .......... .......... 21% 77.2M 1s\n'}
[12.852255] (multirobot_map_merge) StderrLine: {'line': b'  3350K .......... .......... .......... .......... .......... 21% 77.8M 1s\n'}
[12.852822] (multirobot_map_merge) StderrLine: {'line': b'  3400K .......... .......... .......... .......... .......... 22% 83.8M 1s\n'}
[12.855082] (multirobot_map_merge) StderrLine: {'line': b'  3450K .......... .......... .......... .......... .......... 22% 22.8M 1s\n'}
[12.855515] (multirobot_map_merge) StderrLine: {'line': b'  3500K .......... .......... .......... .......... .......... 22%  124M 1s\n'}
[12.856120] (multirobot_map_merge) StderrLine: {'line': b'  3550K .......... .......... .......... .......... .......... 23% 71.6M 1s\n'}
[12.857106] (multirobot_map_merge) StderrLine: {'line': b'  3600K .......... .......... .......... .......... .......... 23% 45.7M 1s\n'}
[12.857631] (multirobot_map_merge) StderrLine: {'line': b'  3650K .......... .......... .......... .......... .......... 23% 99.3M 1s\n'}
[12.857995] (multirobot_map_merge) StderrLine: {'line': b'  3700K .......... .......... .......... .......... .......... 23%  133M 1s\n'}
[12.860508] (multirobot_map_merge) StderrLine: {'line': b'  3750K .......... .......... .......... .......... .......... 24% 20.5M 1s\n'}
[12.861234] (multirobot_map_merge) StderrLine: {'line': b'  3800K .......... .......... .......... .......... .......... 24% 55.9M 1s\n'}
[12.862203] (multirobot_map_merge) StderrLine: {'line': b'  3850K .......... .......... .......... .......... .......... 24% 49.5M 1s\n'}
[12.871594] (multirobot_map_merge) StderrLine: {'line': b'  3900K .......... .......... .......... .......... .......... 25% 5.30M 1s\n'}
[12.872640] (multirobot_map_merge) StderrLine: {'line': b'  3950K .......... .......... .......... .......... .......... 25% 78.7M 1s\n'}
[12.872952] (multirobot_map_merge) StderrLine: {'line': b'  4000K .......... .......... .......... .......... .......... 25% 81.6M 1s\n'}
[12.874253] (multirobot_map_merge) StderrLine: {'line': b'  4050K .......... .......... .......... .......... .......... 26% 31.5M 1s\n'}
[12.874658] (multirobot_map_merge) StderrLine: {'line': b'  4100K .......... .......... .......... .......... .......... 26%  106M 1s\n'}
[12.883070] (multirobot_map_merge) StderrLine: {'line': b'  4150K .......... .......... .......... .......... .......... 26% 6.01M 1s\n'}
[12.884305] (multirobot_map_merge) StderrLine: {'line': b'  4200K .......... .......... .......... .......... .......... 27% 32.7M 1s\n'}
[12.886044] (multirobot_map_merge) StderrLine: {'line': b'  4250K .......... .......... .......... .......... .......... 27% 27.9M 1s\n'}
[12.887056] (multirobot_map_merge) StderrLine: {'line': b'  4300K .......... .......... .......... .......... .......... 27% 49.5M 1s\n'}
[12.888769] (multirobot_map_merge) StderrLine: {'line': b'  4350K .......... .......... .......... .......... .......... 28% 28.0M 1s\n'}
[12.894704] (multirobot_map_merge) StderrLine: {'line': b'  4400K .......... .......... .......... .......... .......... 28% 8.42M 1s\n'}
[12.895168] (multirobot_map_merge) StderrLine: {'line': b'  4450K .......... .......... .......... .......... .......... 28% 79.4M 1s\n'}
[12.895859] (multirobot_map_merge) StderrLine: {'line': b'  4500K .......... .......... .......... .......... .......... 29% 68.6M 1s\n'}
[12.896836] (multirobot_map_merge) StderrLine: {'line': b'  4550K .......... .......... .......... .......... .......... 29% 68.0M 1s\n'}
[12.897336] (multirobot_map_merge) StderrLine: {'line': b'  4600K .......... .......... .......... .......... .......... 29% 70.4M 1s\n'}
[12.897977] (multirobot_map_merge) StderrLine: {'line': b'  4650K .......... .......... .......... .......... .......... 30% 89.8M 1s\n'}
[12.898538] (multirobot_map_merge) StderrLine: {'line': b'  4700K .......... .......... .......... .......... .......... 30% 67.6M 0s\n'}
[12.899873] (multirobot_map_merge) StderrLine: {'line': b'  4750K .......... .......... .......... .......... .......... 30% 37.7M 0s\n'}
[12.901894] (multirobot_map_merge) StderrLine: {'line': b'  4800K .......... .......... .......... .......... .......... 31% 24.7M 0s\n'}
[12.911063] (multirobot_map_merge) StderrLine: {'line': b'  4850K .......... .......... .......... .......... .......... 31% 5.63M 1s\n'}
[12.911316] (multirobot_map_merge) StderrLine: {'line': b'  4900K .......... .......... .......... .......... .......... 31%  156M 0s\n'}
[12.911573] (multirobot_map_merge) StderrLine: {'line': b'  4950K .......... .......... .......... .......... .......... 31%  187M 0s\n'}
[12.912761] (multirobot_map_merge) StderrLine: {'line': b'  5000K .......... .......... .......... .......... .......... 32% 29.9M 0s\n'}
[12.913446] (multirobot_map_merge) StderrLine: {'line': b'  5050K .......... .......... .......... .......... .......... 32% 78.5M 0s\n'}
[12.916557] (multirobot_map_merge) StderrLine: {'line': b'  5100K .......... .......... .......... .......... .......... 32% 18.5M 0s\n'}
[12.916849] (multirobot_map_merge) StderrLine: {'line': b'  5150K .......... .......... .......... .......... .......... 33%  216M 0s\n'}
[12.917227] (multirobot_map_merge) StderrLine: {'line': b'  5200K .......... .......... .......... .......... .......... 33% 47.2M 0s\n'}
[12.918741] (multirobot_map_merge) StderrLine: {'line': b'  5250K .......... .......... .......... .......... .......... 33% 33.5M 0s\n'}
[12.919765] (multirobot_map_merge) StderrLine: {'line': b'  5300K .......... .......... .......... .......... .......... 34% 46.7M 0s\n'}
[12.921314] (multirobot_map_merge) StderrLine: {'line': b'  5350K .......... .......... .......... .......... .......... 34% 31.6M 0s\n'}
[12.921693] (multirobot_map_merge) StderrLine: {'line': b'  5400K .......... .......... .......... .......... .......... 34%  145M 0s\n'}
[12.922838] (multirobot_map_merge) StderrLine: {'line': b'  5450K .......... .......... .......... .......... .......... 35% 39.9M 0s\n'}
[12.923378] (multirobot_map_merge) StderrLine: {'line': b'  5500K .......... .......... .......... .......... .......... 35% 89.5M 0s\n'}
[12.924629] (multirobot_map_merge) StderrLine: {'line': b'  5550K .......... .......... .......... .......... .......... 35% 40.4M 0s\n'}
[12.925745] (multirobot_map_merge) StderrLine: {'line': b'  5600K .......... .......... .......... .......... .......... 36% 51.6M 0s\n'}
[12.926498] (multirobot_map_merge) StderrLine: {'line': b'  5650K .......... .......... .......... .......... .......... 36% 54.9M 0s\n'}
[12.928028] (multirobot_map_merge) StderrLine: {'line': b'  5700K .......... .......... .......... .......... .......... 36% 32.2M 0s\n'}
[12.929244] (multirobot_map_merge) StderrLine: {'line': b'  5750K .......... .......... .......... .......... .......... 37% 39.8M 0s\n'}
[12.930668] (multirobot_map_merge) StderrLine: {'line': b'  5800K .......... .......... .......... .......... .......... 37% 35.2M 0s\n'}
[12.931392] (multirobot_map_merge) StderrLine: {'line': b'  5850K .......... .......... .......... .......... .......... 37% 61.4M 0s\n'}
[12.933238] (multirobot_map_merge) StderrLine: {'line': b'  5900K .......... .......... .......... .......... .......... 38% 28.1M 0s\n'}
[12.934696] (multirobot_map_merge) StderrLine: {'line': b'  5950K .......... .......... .......... .......... .......... 38% 31.1M 0s\n'}
[12.936236] (multirobot_map_merge) StderrLine: {'line': b'  6000K .......... .......... .......... .......... .......... 38% 32.6M 0s\n'}
[12.937303] (-) TimerEvent: {}
[12.938856] (multirobot_map_merge) StderrLine: {'line': b'  6050K .......... .......... .......... .......... .......... 39% 19.7M 0s\n'}
[12.939269] (multirobot_map_merge) StderrLine: {'line': b'  6100K .......... .......... .......... .......... .......... 39% 83.9M 0s\n'}
[12.940515] (multirobot_map_merge) StderrLine: {'line': b'  6150K .......... .......... .......... .......... .......... 39% 39.3M 0s\n'}
[12.941918] (multirobot_map_merge) StderrLine: {'line': b'  6200K .......... .......... .......... .......... .......... 39% 35.7M 0s\n'}
[12.944373] (multirobot_map_merge) StderrLine: {'line': b'  6250K .......... .......... .......... .......... .......... 40% 20.6M 0s\n'}
[12.944798] (multirobot_map_merge) StderrLine: {'line': b'  6300K .......... .......... .......... .......... .......... 40% 86.7M 0s\n'}
[12.946724] (multirobot_map_merge) StderrLine: {'line': b'  6350K .......... .......... .......... .......... .......... 40% 26.6M 0s\n'}
[12.947585] (multirobot_map_merge) StderrLine: {'line': b'  6400K .......... .......... .......... .......... .......... 41% 54.4M 0s\n'}
[12.948588] (multirobot_map_merge) StderrLine: {'line': b'  6450K .......... .......... .......... .......... .......... 41% 45.7M 0s\n'}
[12.950555] (multirobot_map_merge) StderrLine: {'line': b'  6500K .......... .......... .......... .......... .......... 41% 25.8M 0s\n'}
[12.951684] (multirobot_map_merge) StderrLine: {'line': b'  6550K .......... .......... .......... .......... .......... 42% 42.0M 0s\n'}
[12.953715] (multirobot_map_merge) StderrLine: {'line': b'  6600K .......... .......... .......... .......... .......... 42% 24.8M 0s\n'}
[12.954670] (multirobot_map_merge) StderrLine: {'line': b'  6650K .......... .......... .......... .......... .......... 42% 49.0M 0s\n'}
[12.955633] (multirobot_map_merge) StderrLine: {'line': b'  6700K .......... .......... .......... .......... .......... 43% 47.7M 0s\n'}
[12.957579] (multirobot_map_merge) StderrLine: {'line': b'  6750K .......... .......... .......... .......... .......... 43% 25.8M 0s\n'}
[12.959505] (multirobot_map_merge) StderrLine: {'line': b'  6800K .......... .......... .......... .......... .......... 43% 26.3M 0s\n'}
[12.960777] (multirobot_map_merge) StderrLine: {'line': b'  6850K .......... .......... .......... .......... .......... 44% 37.1M 0s\n'}
[12.961517] (multirobot_map_merge) StderrLine: {'line': b'  6900K .......... .......... .......... .......... .......... 44% 59.1M 0s\n'}
[12.963521] (multirobot_map_merge) StderrLine: {'line': b'  6950K .......... .......... .......... .......... .......... 44% 26.8M 0s\n'}
[12.965827] (multirobot_map_merge) StderrLine: {'line': b'  7000K .......... .......... .......... .......... .......... 45% 22.7M 0s\n'}
[12.967697] (multirobot_map_merge) StderrLine: {'line': b'  7050K .......... .......... .......... .......... .......... 45% 39.3M 0s\n'}
[12.968092] (multirobot_map_merge) StderrLine: {'line': b'  7100K .......... .......... .......... .......... .......... 45% 75.3M 0s\n'}
[12.969059] (multirobot_map_merge) StderrLine: {'line': b'  7150K .......... .......... .......... .......... .......... 46% 29.9M 0s\n'}
[12.970598] (multirobot_map_merge) StderrLine: {'line': b'  7200K .......... .......... .......... .......... .......... 46% 31.9M 0s\n'}
[12.972295] (multirobot_map_merge) StderrLine: {'line': b'  7250K .......... .......... .......... .......... .......... 46% 32.0M 0s\n'}
[12.973596] (multirobot_map_merge) StderrLine: {'line': b'  7300K .......... .......... .......... .......... .......... 47% 34.3M 0s\n'}
[12.974395] (multirobot_map_merge) StderrLine: {'line': b'  7350K .......... .......... .......... .......... .......... 47% 54.7M 0s\n'}
[12.976403] (multirobot_map_merge) StderrLine: {'line': b'  7400K .......... .......... .......... .......... .......... 47% 26.8M 0s\n'}
[12.977256] (multirobot_map_merge) StderrLine: {'line': b'  7450K .......... .......... .......... .......... .......... 47% 66.1M 0s\n'}
[12.979138] (multirobot_map_merge) StderrLine: {'line': b'  7500K .......... .......... .......... .......... .......... 48% 23.5M 0s\n'}
[12.980219] (multirobot_map_merge) StderrLine: {'line': b'  7550K .......... .......... .......... .......... .......... 48% 41.1M 0s\n'}
[12.982078] (multirobot_map_merge) StderrLine: {'line': b'  7600K .......... .......... .......... .......... .......... 48% 30.4M 0s\n'}
[12.983344] (multirobot_map_merge) StderrLine: {'line': b'  7650K .......... .......... .......... .......... .......... 49% 34.6M 0s\n'}
[12.984344] (multirobot_map_merge) StderrLine: {'line': b'  7700K .......... .......... .......... .......... .......... 49% 43.9M 0s\n'}
[12.986120] (multirobot_map_merge) StderrLine: {'line': b'  7750K .......... .......... .......... .......... .......... 49% 33.5M 0s\n'}
[12.988030] (multirobot_map_merge) StderrLine: {'line': b'  7800K .......... .......... .......... .......... .......... 50% 23.0M 0s\n'}
[12.989756] (multirobot_map_merge) StderrLine: {'line': b'  7850K .......... .......... .......... .......... .......... 50% 30.3M 0s\n'}
[12.992011] (multirobot_map_merge) StderrLine: {'line': b'  7900K .......... .......... .......... .......... .......... 50% 24.3M 0s\n'}
[12.992464] (multirobot_map_merge) StderrLine: {'line': b'  7950K .......... .......... .......... .......... .......... 51% 65.2M 0s\n'}
[12.993760] (multirobot_map_merge) StderrLine: {'line': b'  8000K .......... .......... .......... .......... .......... 51% 34.8M 0s\n'}
[12.995833] (multirobot_map_merge) StderrLine: {'line': b'  8050K .......... .......... .......... .......... .......... 51% 23.3M 0s\n'}
[12.996491] (multirobot_map_merge) StderrLine: {'line': b'  8100K .......... .......... .......... .......... .......... 52% 67.7M 0s\n'}
[12.998342] (multirobot_map_merge) StderrLine: {'line': b'  8150K .......... .......... .......... .......... .......... 52% 27.6M 0s\n'}
[12.999338] (multirobot_map_merge) StderrLine: {'line': b'  8200K .......... .......... .......... .......... .......... 52% 46.6M 0s\n'}
[13.001081] (multirobot_map_merge) StderrLine: {'line': b'  8250K .......... .......... .......... .......... .......... 53% 29.1M 0s\n'}
[13.002200] (multirobot_map_merge) StderrLine: {'line': b'  8300K .......... .......... .......... .......... .......... 53% 41.2M 0s\n'}
[13.003894] (multirobot_map_merge) StderrLine: {'line': b'  8350K .......... .......... .......... .......... .......... 53% 30.3M 0s\n'}
[13.005188] (multirobot_map_merge) StderrLine: {'line': b'  8400K .......... .......... .......... .......... .......... 54% 36.0M 0s\n'}
[13.006062] (multirobot_map_merge) StderrLine: {'line': b'  8450K .......... .......... .......... .......... .......... 54% 59.4M 0s\n'}
[13.007990] (multirobot_map_merge) StderrLine: {'line': b'  8500K .......... .......... .......... .......... .......... 54% 25.3M 0s\n'}
[13.009234] (multirobot_map_merge) StderrLine: {'line': b'  8550K .......... .......... .......... .......... .......... 55% 41.7M 0s\n'}
[13.010333] (multirobot_map_merge) StderrLine: {'line': b'  8600K .......... .......... .......... .......... .......... 55% 39.4M 0s\n'}
[13.012726] (multirobot_map_merge) StderrLine: {'line': b'  8650K .......... .......... .......... .......... .......... 55% 21.5M 0s\n'}
[13.013061] (multirobot_map_merge) StderrLine: {'line': b'  8700K .......... .......... .......... .......... .......... 55%  148M 0s\n'}
[13.017135] (multirobot_map_merge) StderrLine: {'line': b'  8750K .......... .......... .......... .......... .......... 56% 12.6M 0s\n'}
[13.017395] (multirobot_map_merge) StderrLine: {'line': b'  8800K .......... .......... .......... .......... .......... 56%  156M 0s\n'}
[13.017912] (explore_lite) StdoutLine: {'line': b'[ 90%] Built target test_explore\n'}
[13.018436] (multirobot_map_merge) StderrLine: {'line': b'  8850K .......... .......... .......... .......... .......... 56% 36.9M 0s\n'}
[13.019426] (multirobot_map_merge) StderrLine: {'line': b'  8900K .......... .......... .......... .......... .......... 57% 47.4M 0s\n'}
[13.020902] (multirobot_map_merge) StderrLine: {'line': b'  8950K .......... .......... .......... .......... .......... 57% 35.6M 0s\n'}
[13.021817] (multirobot_map_merge) StderrLine: {'line': b'  9000K .......... .......... .......... .......... .......... 57% 48.8M 0s\n'}
[13.023124] (multirobot_map_merge) StderrLine: {'line': b'  9050K .......... .......... .......... .......... .......... 58% 36.9M 0s\n'}
[13.024426] (multirobot_map_merge) StderrLine: {'line': b'  9100K .......... .......... .......... .......... .......... 58% 37.5M 0s\n'}
[13.025942] (multirobot_map_merge) StderrLine: {'line': b'  9150K .......... .......... .......... .......... .......... 58% 32.7M 0s\n'}
[13.027626] (multirobot_map_merge) StderrLine: {'line': b'  9200K .......... .......... .......... .......... .......... 59% 30.1M 0s\n'}
[13.028795] (multirobot_map_merge) StderrLine: {'line': b'  9250K .......... .......... .......... .......... .......... 59% 39.4M 0s\n'}
[13.030403] (multirobot_map_merge) StderrLine: {'line': b'  9300K .......... .......... .......... .......... .......... 59% 30.2M 0s\n'}
[13.031547] (multirobot_map_merge) StderrLine: {'line': b'  9350K .......... .......... .......... .......... .......... 60% 42.0M 0s\n'}
[13.033334] (multirobot_map_merge) StderrLine: {'line': b'  9400K .......... .......... .......... .......... .......... 60% 28.0M 0s\n'}
[13.034139] (multirobot_map_merge) StderrLine: {'line': b'  9450K .......... .......... .......... .......... .......... 60% 55.3M 0s\n'}
[13.036074] (multirobot_map_merge) StderrLine: {'line': b'  9500K .......... .......... .......... .......... .......... 61% 25.6M 0s\n'}
[13.037388] (-) TimerEvent: {}
[13.037685] (multirobot_map_merge) StderrLine: {'line': b'  9550K .......... .......... .......... .......... .......... 61% 31.5M 0s\n'}
[13.039674] (multirobot_map_merge) StderrLine: {'line': b'  9600K .......... .......... .......... .......... .......... 61% 24.6M 0s\n'}
[13.041017] (multirobot_map_merge) StderrLine: {'line': b'  9650K .......... .......... .......... .......... .......... 62% 35.1M 0s\n'}
[13.042233] (multirobot_map_merge) StderrLine: {'line': b'  9700K .......... .......... .......... .......... .......... 62% 40.2M 0s\n'}
[13.044220] (multirobot_map_merge) StderrLine: {'line': b'  9750K .......... .......... .......... .......... .......... 62% 24.8M 0s\n'}
[13.044740] (multirobot_map_merge) StderrLine: {'line': b'  9800K .......... .......... .......... .......... .......... 63% 90.1M 0s\n'}
[13.046325] (multirobot_map_merge) StderrLine: {'line': b'  9850K .......... .......... .......... .......... .......... 63% 31.6M 0s\n'}
[13.048165] (multirobot_map_merge) StderrLine: {'line': b'  9900K .......... .......... .......... .......... .......... 63% 26.1M 0s\n'}
[13.049612] (multirobot_map_merge) StderrLine: {'line': b'  9950K .......... .......... .......... .......... .......... 63% 33.9M 0s\n'}
[13.050092] (multirobot_map_merge) StderrLine: {'line': b' 10000K .......... .......... .......... .......... .......... 64% 91.5M 0s\n'}
[13.051386] (multirobot_map_merge) StderrLine: {'line': b' 10050K .......... .......... .......... .......... .......... 64% 38.0M 0s\n'}
[13.052902] (multirobot_map_merge) StderrLine: {'line': b' 10100K .......... .......... .......... .......... .......... 64% 32.2M 0s\n'}
[13.054337] (multirobot_map_merge) StderrLine: {'line': b' 10150K .......... .......... .......... .......... .......... 65% 34.1M 0s\n'}
[13.056995] (multirobot_map_merge) StderrLine: {'line': b' 10200K .......... .......... .......... .......... .......... 65% 18.8M 0s\n'}
[13.057353] (multirobot_map_merge) StderrLine: {'line': b' 10250K .......... .......... .......... .......... .......... 65%  118M 0s\n'}
[13.058470] (multirobot_map_merge) StderrLine: {'line': b' 10300K .......... .......... .......... .......... .......... 66% 43.4M 0s\n'}
[13.059930] (multirobot_map_merge) StderrLine: {'line': b' 10350K .......... .......... .......... .......... .......... 66% 33.2M 0s\n'}
[13.061262] (multirobot_map_merge) StderrLine: {'line': b' 10400K .......... .......... .......... .......... .......... 66% 36.9M 0s\n'}
[13.063186] (multirobot_map_merge) StderrLine: {'line': b' 10450K .......... .......... .......... .......... .......... 67% 26.3M 0s\n'}
[13.065321] (multirobot_map_merge) StderrLine: {'line': b' 10500K .......... .......... .......... .......... .......... 67% 24.9M 0s\n'}
[13.065931] (multirobot_map_merge) StderrLine: {'line': b' 10550K .......... .......... .......... .......... .......... 67% 65.8M 0s\n'}
[13.067263] (multirobot_map_merge) StderrLine: {'line': b' 10600K .......... .......... .......... .......... .......... 68% 35.4M 0s\n'}
[13.069523] (multirobot_map_merge) StderrLine: {'line': b' 10650K .......... .......... .......... .......... .......... 68% 21.3M 0s\n'}
[13.069874] (multirobot_map_merge) StderrLine: {'line': b' 10700K .......... .......... .......... .......... .......... 68%  131M 0s\n'}
[13.071215] (multirobot_map_merge) StderrLine: {'line': b' 10750K .......... .......... .......... .......... .......... 69% 37.3M 0s\n'}
[13.072933] (multirobot_map_merge) StderrLine: {'line': b' 10800K .......... .......... .......... .......... .......... 69% 28.3M 0s\n'}
[13.074112] (multirobot_map_merge) StderrLine: {'line': b' 10850K .......... .......... .......... .......... .......... 69% 40.4M 0s\n'}
[13.076525] (multirobot_map_merge) StderrLine: {'line': b' 10900K .......... .......... .......... .......... .......... 70% 20.6M 0s\n'}
[13.077761] (multirobot_map_merge) StderrLine: {'line': b' 10950K .......... .......... .......... .......... .......... 70% 40.7M 0s\n'}
[13.078857] (multirobot_map_merge) StderrLine: {'line': b' 11000K .......... .......... .......... .......... .......... 70% 44.0M 0s\n'}
[13.079881] (multirobot_map_merge) StderrLine: {'line': b' 11050K .......... .......... .......... .......... .......... 71% 45.4M 0s\n'}
[13.081346] (multirobot_map_merge) StderrLine: {'line': b' 11100K .......... .......... .......... .......... .......... 71% 33.8M 0s\n'}
[13.083113] (multirobot_map_merge) StderrLine: {'line': b' 11150K .......... .......... .......... .......... .......... 71% 28.2M 0s\n'}
[13.084721] (multirobot_map_merge) StderrLine: {'line': b' 11200K .......... .......... .......... .......... .......... 71% 30.2M 0s\n'}
[13.085622] (multirobot_map_merge) StderrLine: {'line': b' 11250K .......... .......... .......... .......... .......... 72% 53.3M 0s\n'}
[13.087522] (multirobot_map_merge) StderrLine: {'line': b' 11300K .......... .......... .......... .......... .......... 72% 28.3M 0s\n'}
[13.088403] (multirobot_map_merge) StderrLine: {'line': b' 11350K .......... .......... .......... .......... .......... 72% 45.7M 0s\n'}
[13.090035] (multirobot_map_merge) StderrLine: {'line': b' 11400K .......... .......... .......... .......... .......... 73% 31.4M 0s\n'}
[13.091439] (multirobot_map_merge) StderrLine: {'line': b' 11450K .......... .......... .......... .......... .......... 73% 33.9M 0s\n'}
[13.094254] (multirobot_map_merge) StderrLine: {'line': b' 11500K .......... .......... .......... .......... .......... 73% 17.5M 0s\n'}
[13.094612] (multirobot_map_merge) StderrLine: {'line': b' 11550K .......... .......... .......... .......... .......... 74%  113M 0s\n'}
[13.096787] (multirobot_map_merge) StderrLine: {'line': b' 11600K .......... .......... .......... .......... .......... 74% 49.9M 0s\n'}
[13.097520] (multirobot_map_merge) StderrLine: {'line': b' 11650K .......... .......... .......... .......... .......... 74% 25.6M 0s\n'}
[13.098567] (multirobot_map_merge) StderrLine: {'line': b' 11700K .......... .......... .......... .......... .......... 75% 46.0M 0s\n'}
[13.100762] (multirobot_map_merge) StderrLine: {'line': b' 11750K .......... .......... .......... .......... .......... 75% 22.3M 0s\n'}
[13.101824] (multirobot_map_merge) StderrLine: {'line': b' 11800K .......... .......... .......... .......... .......... 75% 48.2M 0s\n'}
[13.102605] (multirobot_map_merge) StderrLine: {'line': b' 11850K .......... .......... .......... .......... .......... 76% 57.3M 0s\n'}
[13.104299] (multirobot_map_merge) StderrLine: {'line': b' 11900K .......... .......... .......... .......... .......... 76% 29.7M 0s\n'}
[13.106092] (multirobot_map_merge) StderrLine: {'line': b' 11950K .......... .......... .......... .......... .......... 76% 27.1M 0s\n'}
[13.107702] (multirobot_map_merge) StderrLine: {'line': b' 12000K .......... .......... .......... .......... .......... 77% 54.1M 0s\n'}
[13.109527] (multirobot_map_merge) StderrLine: {'line': b' 12050K .......... .......... .......... .......... .......... 77% 19.5M 0s\n'}
[13.110682] (multirobot_map_merge) StderrLine: {'line': b' 12100K .......... .......... .......... .......... .......... 77% 42.4M 0s\n'}
[13.112504] (multirobot_map_merge) StderrLine: {'line': b' 12150K .......... .......... .......... .......... .......... 78% 26.4M 0s\n'}
[13.112969] (multirobot_map_merge) StderrLine: {'line': b' 12200K .......... .......... .......... .......... .......... 78%  101M 0s\n'}
[13.114810] (multirobot_map_merge) StderrLine: {'line': b' 12250K .......... .......... .......... .......... .......... 78% 26.9M 0s\n'}
[13.115860] (multirobot_map_merge) StderrLine: {'line': b' 12300K .......... .......... .......... .......... .......... 79% 43.9M 0s\n'}
[13.117360] (multirobot_map_merge) StderrLine: {'line': b' 12350K .......... .......... .......... .......... .......... 79% 36.1M 0s\n'}
[13.118661] (multirobot_map_merge) StderrLine: {'line': b' 12400K .......... .......... .......... .......... .......... 79% 34.6M 0s\n'}
[13.120253] (multirobot_map_merge) StderrLine: {'line': b' 12450K .......... .......... .......... .......... .......... 79% 31.8M 0s\n'}
[13.121292] (multirobot_map_merge) StderrLine: {'line': b' 12500K .......... .......... .......... .......... .......... 80% 43.9M 0s\n'}
[13.123101] (multirobot_map_merge) StderrLine: {'line': b' 12550K .......... .......... .......... .......... .......... 80% 27.5M 0s\n'}
[13.123852] (multirobot_map_merge) StderrLine: {'line': b' 12600K .......... .......... .......... .......... .......... 80% 59.9M 0s\n'}
[13.125296] (multirobot_map_merge) StderrLine: {'line': b' 12650K .......... .......... .......... .......... .......... 81% 34.0M 0s\n'}
[13.126711] (multirobot_map_merge) StderrLine: {'line': b' 12700K .......... .......... .......... .......... .......... 81% 35.5M 0s\n'}
[13.128505] (multirobot_map_merge) StderrLine: {'line': b' 12750K .......... .......... .......... .......... .......... 81% 28.8M 0s\n'}
[13.137518] (-) TimerEvent: {}
[13.177922] (multirobot_map_merge) StderrLine: {'line': b' 12800K .......... .......... .......... .......... .......... 82% 1010K 0s\n'}
[13.178232] (multirobot_map_merge) StderrLine: {'line': b' 12850K .......... .......... .......... .......... .......... 82%  195M 0s\n'}
[13.179646] (multirobot_map_merge) StderrLine: {'line': b' 12900K .......... .......... .......... .......... .......... 82% 44.2M 0s\n'}
[13.179880] (multirobot_map_merge) StderrLine: {'line': b' 12950K .......... .......... .......... .......... .......... 83%  171M 0s\n'}
[13.180128] (multirobot_map_merge) StderrLine: {'line': b' 13000K .......... .......... .......... .......... .......... 83%  175M 0s\n'}
[13.180374] (multirobot_map_merge) StderrLine: {'line': b' 13050K .......... .......... .......... .......... .......... 83%  196M 0s\n'}
[13.180704] (multirobot_map_merge) StderrLine: {'line': b' 13100K .......... .......... .......... .......... .......... 84%  187M 0s\n'}
[13.180864] (multirobot_map_merge) StderrLine: {'line': b' 13150K .......... .......... .......... .......... .......... 84%  173M 0s\n'}
[13.181964] (multirobot_map_merge) StderrLine: {'line': b' 13200K .......... .......... .......... .......... .......... 84%  205M 0s\n'}
[13.182190] (multirobot_map_merge) StderrLine: {'line': b' 13250K .......... .......... .......... .......... .......... 85%  191M 0s\n'}
[13.182328] (multirobot_map_merge) StderrLine: {'line': b' 13300K .......... .......... .......... .......... .......... 85%  205M 0s\n'}
[13.182457] (multirobot_map_merge) StderrLine: {'line': b' 13350K .......... .......... .......... .......... .......... 85%  189M 0s\n'}
[13.182762] (multirobot_map_merge) StderrLine: {'line': b' 13400K .......... .......... .......... .......... .......... 86%  199M 0s\n'}
[13.182902] (multirobot_map_merge) StderrLine: {'line': b' 13450K .......... .......... .......... .......... .......... 86%  247M 0s\n'}
[13.183031] (multirobot_map_merge) StderrLine: {'line': b' 13500K .......... .......... .......... .......... .......... 86%  265M 0s\n'}
[13.183246] (multirobot_map_merge) StderrLine: {'line': b' 13550K .......... .......... .......... .......... .......... 87%  224M 0s\n'}
[13.183455] (multirobot_map_merge) StderrLine: {'line': b' 13600K .......... .......... .......... .......... .......... 87%  252M 0s\n'}
[13.183712] (multirobot_map_merge) StderrLine: {'line': b' 13650K .......... .......... .......... .......... .......... 87%  224M 0s\n'}
[13.183847] (multirobot_map_merge) StderrLine: {'line': b' 13700K .......... .......... .......... .......... .......... 87%  246M 0s\n'}
[13.183968] (multirobot_map_merge) StderrLine: {'line': b' 13750K .......... .......... .......... .......... .......... 88%  186M 0s\n'}
[13.184086] (multirobot_map_merge) StderrLine: {'line': b' 13800K .......... .......... .......... .......... .......... 88%  149M 0s\n'}
[13.184265] (multirobot_map_merge) StderrLine: {'line': b' 13850K .......... .......... .......... .......... .......... 88%  129M 0s\n'}
[13.184931] (multirobot_map_merge) StderrLine: {'line': b' 13900K .......... .......... .......... .......... .......... 89%  168M 0s\n'}
[13.185230] (multirobot_map_merge) StderrLine: {'line': b' 13950K .......... .......... .......... .......... .......... 89%  111M 0s\n'}
[13.185436] (multirobot_map_merge) StderrLine: {'line': b' 14000K .......... .......... .......... .......... .......... 89%  208M 0s\n'}
[13.185586] (multirobot_map_merge) StderrLine: {'line': b' 14050K .......... .......... .......... .......... .......... 90%  211M 0s\n'}
[13.186412] (multirobot_map_merge) StderrLine: {'line': b' 14100K .......... .......... .......... .......... .......... 90%  164M 0s\n'}
[13.186582] (multirobot_map_merge) StderrLine: {'line': b' 14150K .......... .......... .......... .......... .......... 90%  177M 0s\n'}
[13.186726] (multirobot_map_merge) StderrLine: {'line': b' 14200K .......... .......... .......... .......... .......... 91%  221M 0s\n'}
[13.186851] (multirobot_map_merge) StderrLine: {'line': b' 14250K .......... .......... .......... .......... .......... 91%  211M 0s\n'}
[13.207868] (multirobot_map_merge) StderrLine: {'line': b' 14300K .......... .......... .......... .......... .......... 91% 2.28M 0s\n'}
[13.208502] (multirobot_map_merge) StderrLine: {'line': b' 14350K .......... .......... .......... .......... .......... 92% 58.6M 0s\n'}
[13.209396] (multirobot_map_merge) StderrLine: {'line': b' 14400K .......... .......... .......... .......... .......... 92% 61.3M 0s\n'}
[13.210824] (multirobot_map_merge) StderrLine: {'line': b' 14450K .......... .......... .......... .......... .......... 92% 35.1M 0s\n'}
[13.211166] (multirobot_map_merge) StderrLine: {'line': b' 14500K .......... .......... .......... .......... .......... 93%  156M 0s\n'}
[13.211400] (multirobot_map_merge) StderrLine: {'line': b' 14550K .......... .......... .......... .......... .......... 93%  182M 0s\n'}
[13.212700] (multirobot_map_merge) StderrLine: {'line': b' 14600K .......... .......... .......... .......... .......... 93%  204M 0s\n'}
[13.213001] (multirobot_map_merge) StderrLine: {'line': b' 14650K .......... .......... .......... .......... .......... 94%  212M 0s\n'}
[13.213141] (multirobot_map_merge) StderrLine: {'line': b' 14700K .......... .......... .......... .......... .......... 94%  206M 0s\n'}
[13.213270] (multirobot_map_merge) StderrLine: {'line': b' 14750K .......... .......... .......... .......... .......... 94%  171M 0s\n'}
[13.213398] (multirobot_map_merge) StderrLine: {'line': b' 14800K .......... .......... .......... .......... .......... 95%  208M 0s\n'}
[13.213527] (multirobot_map_merge) StderrLine: {'line': b' 14850K .......... .......... .......... .......... .......... 95%  205M 0s\n'}
[13.213764] (multirobot_map_merge) StderrLine: {'line': b' 14900K .......... .......... .......... .......... .......... 95%  192M 0s\n'}
[13.213907] (multirobot_map_merge) StderrLine: {'line': b' 14950K .......... .......... .......... .......... .......... 95%  184M 0s\n'}
[13.214040] (multirobot_map_merge) StderrLine: {'line': b' 15000K .......... .......... .......... .......... .......... 96%  214M 0s\n'}
[13.214168] (multirobot_map_merge) StderrLine: {'line': b' 15050K .......... .......... .......... .......... .......... 96%  220M 0s\n'}
[13.214423] (multirobot_map_merge) StderrLine: {'line': b' 15100K .......... .......... .......... .......... .......... 96%  131M 0s\n'}
[13.214656] (multirobot_map_merge) StderrLine: {'line': b' 15150K .......... .......... .......... .......... .......... 97%  172M 0s\n'}
[13.214829] (multirobot_map_merge) StderrLine: {'line': b' 15200K .......... .......... .......... .......... .......... 97%  203M 0s\n'}
[13.215055] (multirobot_map_merge) StderrLine: {'line': b' 15250K .......... .......... .......... .......... .......... 97%  194M 0s\n'}
[13.215221] (multirobot_map_merge) StderrLine: {'line': b' 15300K .......... .......... .......... .......... .......... 98%  176M 0s\n'}
[13.215597] (multirobot_map_merge) StderrLine: {'line': b' 15350K .......... .......... .......... .......... .......... 98%  201M 0s\n'}
[13.215784] (multirobot_map_merge) StderrLine: {'line': b' 15400K .......... .......... .......... .......... .......... 98%  186M 0s\n'}
[13.216834] (multirobot_map_merge) StderrLine: {'line': b' 15450K .......... .......... .......... .......... .......... 99%  197M 0s\n'}
[13.217021] (multirobot_map_merge) StderrLine: {'line': b' 15500K .......... .......... .......... .......... .......... 99%  209M 0s\n'}
[13.217164] (multirobot_map_merge) StderrLine: {'line': b' 15550K .......... .......... .......... .......... .......... 99%  191M 0s\n'}
[13.217290] (multirobot_map_merge) StderrLine: {'line': b' 15600K .......... .......... .....                           100%  225M=0.5s\n'}
[13.217417] (multirobot_map_merge) StderrLine: {'line': b'\n'}
[13.217545] (multirobot_map_merge) StderrLine: {'line': b'2026-07-01 18:06:04 (28.5 MB/s) - \xe2\x80\x98/home/safal/Desktop/unitreego2nav/build/multirobot_map_merge/2011-08-09-12-22-52.pgm\xe2\x80\x99 saved [16000058/16000058]\n'}
[13.217697] (multirobot_map_merge) StderrLine: {'line': b'\n'}
[13.218484] (multirobot_map_merge) StdoutLine: {'line': b'Checking MD5 sum of /home/safal/Desktop/unitreego2nav/build/multirobot_map_merge/2011-08-09-12-22-52.pgm\n'}
[13.237647] (-) TimerEvent: {}
[13.259600] (multirobot_map_merge) StdoutLine: {'line': b'/home/safal/Desktop/unitreego2nav/build/multirobot_map_merge/2011-08-09-12-22-52.pgm: OK\n'}
[13.266489] (multirobot_map_merge) StderrLine: {'line': b'--2026-07-01 18:06:04--  https://raw.githubusercontent.com/hrnr/m-explore-extra/master/map_merge/gmapping_maps/2012-01-28-11-12-01.pgm\n'}
[13.271730] (multirobot_map_merge) StderrLine: {'line': b'Resolving raw.githubusercontent.com (raw.githubusercontent.com)... 2606:50c0:8001::154, 2606:50c0:8000::154, 2606:50c0:8002::154, ...\n'}
[13.292677] (multirobot_map_merge) StderrLine: {'line': b'Connecting to raw.githubusercontent.com (raw.githubusercontent.com)|2606:50c0:8001::154|:443... connected.\n'}
[13.337742] (-) TimerEvent: {}
[13.438171] (-) TimerEvent: {}
[13.538582] (-) TimerEvent: {}
[13.639002] (-) TimerEvent: {}
[13.739411] (-) TimerEvent: {}
[13.839896] (-) TimerEvent: {}
[13.940319] (-) TimerEvent: {}
[14.040780] (-) TimerEvent: {}
[14.141203] (-) TimerEvent: {}
[14.241620] (-) TimerEvent: {}
[14.342040] (-) TimerEvent: {}
[14.442494] (-) TimerEvent: {}
[14.542807] (-) TimerEvent: {}
[14.643155] (-) TimerEvent: {}
[14.743480] (-) TimerEvent: {}
[14.843793] (-) TimerEvent: {}
[14.944122] (-) TimerEvent: {}
[15.044447] (-) TimerEvent: {}
[15.144748] (-) TimerEvent: {}
[15.245059] (-) TimerEvent: {}
[15.345395] (-) TimerEvent: {}
[15.445722] (-) TimerEvent: {}
[15.546079] (-) TimerEvent: {}
[15.646400] (-) TimerEvent: {}
[15.746722] (-) TimerEvent: {}
[15.847049] (-) TimerEvent: {}
[15.947377] (-) TimerEvent: {}
[16.047686] (-) TimerEvent: {}
[16.147981] (-) TimerEvent: {}
[16.248309] (-) TimerEvent: {}
[16.348657] (-) TimerEvent: {}
[16.449003] (-) TimerEvent: {}
[16.549339] (-) TimerEvent: {}
[16.649700] (-) TimerEvent: {}
[16.750052] (-) TimerEvent: {}
[16.850412] (-) TimerEvent: {}
[16.950746] (-) TimerEvent: {}
[17.042022] (multirobot_map_merge) StderrLine: {'line': b'HTTP request sent, awaiting response... 200 OK\n'}
[17.042352] (multirobot_map_merge) StderrLine: {'line': b'Length: 16000058 (15M) [application/octet-stream]\n'}
[17.042495] (multirobot_map_merge) StderrLine: {'line': b'Saving to: \xe2\x80\x98/home/safal/Desktop/unitreego2nav/build/multirobot_map_merge/2012-01-28-11-12-01.pgm\xe2\x80\x99\n'}
[17.042653] (multirobot_map_merge) StderrLine: {'line': b'\n'}
[17.050855] (-) TimerEvent: {}
[17.065082] (multirobot_map_merge) StderrLine: {'line': b'     0K .......... .......... .......... .......... ..........  0% 2.14M 7s\n'}
[17.069343] (multirobot_map_merge) StderrLine: {'line': b'    50K .......... .......... .......... .......... ..........  0% 11.2M 4s\n'}
[17.085000] (multirobot_map_merge) StderrLine: {'line': b'   100K .......... .......... .......... .......... ..........  0% 3.12M 4s\n'}
[17.088820] (multirobot_map_merge) StderrLine: {'line': b'   150K .......... .......... .......... .......... ..........  1% 12.7M 4s\n'}
[17.093020] (multirobot_map_merge) StderrLine: {'line': b'   200K .......... .......... .......... .......... ..........  1% 11.6M 3s\n'}
[17.101534] (multirobot_map_merge) StderrLine: {'line': b'   250K .......... .......... .......... .......... ..........  1% 5.72M 3s\n'}
[17.106887] (multirobot_map_merge) StderrLine: {'line': b'   300K .......... .......... .......... .......... ..........  2% 9.19M 3s\n'}
[17.109478] (multirobot_map_merge) StderrLine: {'line': b'   350K .......... .......... .......... .......... ..........  2% 20.3M 3s\n'}
[17.111312] (multirobot_map_merge) StderrLine: {'line': b'   400K .......... .......... .......... .......... ..........  2% 24.0M 2s\n'}
[17.113577] (multirobot_map_merge) StderrLine: {'line': b'   450K .......... .......... .......... .......... ..........  3% 21.2M 2s\n'}
[17.115651] (multirobot_map_merge) StderrLine: {'line': b'   500K .......... .......... .......... .......... ..........  3% 23.7M 2s\n'}
[17.116682] (multirobot_map_merge) StderrLine: {'line': b'   550K .......... .......... .......... .......... ..........  3% 45.9M 2s\n'}
[17.126283] (multirobot_map_merge) StderrLine: {'line': b'   600K .......... .......... .......... .......... ..........  4% 5.10M 2s\n'}
[17.127554] (multirobot_map_merge) StderrLine: {'line': b'   650K .......... .......... .......... .......... ..........  4% 37.8M 2s\n'}
[17.129430] (multirobot_map_merge) StderrLine: {'line': b'   700K .......... .......... .......... .......... ..........  4% 26.7M 2s\n'}
[17.130897] (multirobot_map_merge) StderrLine: {'line': b'   750K .......... .......... .......... .......... ..........  5% 32.8M 2s\n'}
[17.132114] (multirobot_map_merge) StderrLine: {'line': b'   800K .......... .......... .......... .......... ..........  5% 39.7M 2s\n'}
[17.133877] (multirobot_map_merge) StderrLine: {'line': b'   850K .......... .......... .......... .......... ..........  5% 27.8M 2s\n'}
[17.135122] (multirobot_map_merge) StderrLine: {'line': b'   900K .......... .......... .......... .......... ..........  6% 38.7M 1s\n'}
[17.136178] (multirobot_map_merge) StderrLine: {'line': b'   950K .......... .......... .......... .......... ..........  6% 45.8M 1s\n'}
[17.137641] (multirobot_map_merge) StderrLine: {'line': b'  1000K .......... .......... .......... .......... ..........  6% 34.2M 1s\n'}
[17.141081] (multirobot_map_merge) StderrLine: {'line': b'  1050K .......... .......... .......... .......... ..........  7% 14.6M 1s\n'}
[17.146846] (multirobot_map_merge) StderrLine: {'line': b'  1100K .......... .......... .......... .......... ..........  7% 8.44M 1s\n'}
[17.147180] (multirobot_map_merge) StderrLine: {'line': b'  1150K .......... .......... .......... .......... ..........  7%  170M 1s\n'}
[17.148143] (multirobot_map_merge) StderrLine: {'line': b'  1200K .......... .......... .......... .......... ..........  7% 45.7M 1s\n'}
[17.150963] (-) TimerEvent: {}
[17.151804] (multirobot_map_merge) StderrLine: {'line': b'  1250K .......... .......... .......... .......... ..........  8% 13.3M 1s\n'}
[17.153141] (multirobot_map_merge) StderrLine: {'line': b'  1300K .......... .......... .......... .......... ..........  8% 36.8M 1s\n'}
[17.154960] (multirobot_map_merge) StderrLine: {'line': b'  1350K .......... .......... .......... .......... ..........  8% 26.7M 1s\n'}
[17.156633] (multirobot_map_merge) StderrLine: {'line': b'  1400K .......... .......... .......... .......... ..........  9% 30.9M 1s\n'}
[17.158306] (multirobot_map_merge) StderrLine: {'line': b'  1450K .......... .......... .......... .......... ..........  9% 31.0M 1s\n'}
[17.159955] (multirobot_map_merge) StderrLine: {'line': b'  1500K .......... .......... .......... .......... ..........  9% 28.5M 1s\n'}
[17.160946] (multirobot_map_merge) StderrLine: {'line': b'  1550K .......... .......... .......... .......... .......... 10% 50.9M 1s\n'}
[17.161799] (multirobot_map_merge) StderrLine: {'line': b'  1600K .......... .......... .......... .......... .......... 10% 54.1M 1s\n'}
[17.163483] (multirobot_map_merge) StderrLine: {'line': b'  1650K .......... .......... .......... .......... .......... 10% 26.7M 1s\n'}
[17.166831] (multirobot_map_merge) StderrLine: {'line': b'  1700K .......... .......... .......... .......... .......... 11% 15.0M 1s\n'}
[17.167196] (multirobot_map_merge) StderrLine: {'line': b'  1750K .......... .......... .......... .......... .......... 11%  138M 1s\n'}
[17.167931] (multirobot_map_merge) StderrLine: {'line': b'  1800K .......... .......... .......... .......... .......... 11% 66.9M 1s\n'}
[17.169073] (multirobot_map_merge) StderrLine: {'line': b'  1850K .......... .......... .......... .......... .......... 12% 40.0M 1s\n'}
[17.170528] (multirobot_map_merge) StderrLine: {'line': b'  1900K .......... .......... .......... .......... .......... 12% 33.4M 1s\n'}
[17.172117] (multirobot_map_merge) StderrLine: {'line': b'  1950K .......... .......... .......... .......... .......... 12% 30.7M 1s\n'}
[17.174476] (multirobot_map_merge) StderrLine: {'line': b'  2000K .......... .......... .......... .......... .......... 13% 21.2M 1s\n'}
[17.176232] (multirobot_map_merge) StderrLine: {'line': b'  2050K .......... .......... .......... .......... .......... 13% 28.9M 1s\n'}
[17.176633] (multirobot_map_merge) StderrLine: {'line': b'  2100K .......... .......... .......... .......... .......... 13% 93.1M 1s\n'}
[17.177868] (multirobot_map_merge) StderrLine: {'line': b'  2150K .......... .......... .......... .......... .......... 14% 40.5M 1s\n'}
[17.179976] (multirobot_map_merge) StderrLine: {'line': b'  2200K .......... .......... .......... .......... .......... 14% 23.9M 1s\n'}
[17.180791] (multirobot_map_merge) StderrLine: {'line': b'  2250K .......... .......... .......... .......... .......... 14% 55.9M 1s\n'}
[17.183294] (multirobot_map_merge) StderrLine: {'line': b'  2300K .......... .......... .......... .......... .......... 15% 19.6M 1s\n'}
[17.183825] (multirobot_map_merge) StderrLine: {'line': b'  2350K .......... .......... .......... .......... .......... 15% 95.2M 1s\n'}
[17.186368] (multirobot_map_merge) StderrLine: {'line': b'  2400K .......... .......... .......... .......... .......... 15% 19.7M 1s\n'}
[17.186753] (multirobot_map_merge) StderrLine: {'line': b'  2450K .......... .......... .......... .......... .......... 15%  132M 1s\n'}
[17.187832] (multirobot_map_merge) StderrLine: {'line': b'  2500K .......... .......... .......... .......... .......... 16% 39.2M 1s\n'}
[17.193747] (multirobot_map_merge) StderrLine: {'line': b'  2550K .......... .......... .......... .......... .......... 16% 8.42M 1s\n'}
[17.194962] (multirobot_map_merge) StderrLine: {'line': b'  2600K .......... .......... .......... .......... .......... 16% 38.6M 1s\n'}
[17.197618] (multirobot_map_merge) StderrLine: {'line': b'  2650K .......... .......... .......... .......... .......... 17% 18.4M 1s\n'}
[17.197945] (multirobot_map_merge) StderrLine: {'line': b'  2700K .......... .......... .......... .......... .......... 17%  159M 1s\n'}
[17.198459] (multirobot_map_merge) StderrLine: {'line': b'  2750K .......... .......... .......... .......... .......... 17% 79.9M 1s\n'}
[17.199928] (multirobot_map_merge) StderrLine: {'line': b'  2800K .......... .......... .......... .......... .......... 18% 33.7M 1s\n'}
[17.201527] (multirobot_map_merge) StderrLine: {'line': b'  2850K .......... .......... .......... .......... .......... 18% 31.0M 1s\n'}
[17.202943] (multirobot_map_merge) StderrLine: {'line': b'  2900K .......... .......... .......... .......... .......... 18% 34.1M 1s\n'}
[17.204483] (multirobot_map_merge) StderrLine: {'line': b'  2950K .......... .......... .......... .......... .......... 19% 31.8M 1s\n'}
[17.208111] (multirobot_map_merge) StderrLine: {'line': b'  3000K .......... .......... .......... .......... .......... 19% 13.5M 1s\n'}
[17.208387] (multirobot_map_merge) StderrLine: {'line': b'  3050K .......... .......... .......... .......... .......... 19%  160M 1s\n'}
[17.209273] (multirobot_map_merge) StderrLine: {'line': b'  3100K .......... .......... .......... .......... .......... 20% 55.1M 1s\n'}
[17.209974] (multirobot_map_merge) StderrLine: {'line': b'  3150K .......... .......... .......... .......... .......... 20% 68.9M 1s\n'}
[17.213197] (multirobot_map_merge) StderrLine: {'line': b'  3200K .......... .......... .......... .......... .......... 20% 15.4M 1s\n'}
[17.213581] (multirobot_map_merge) StderrLine: {'line': b'  3250K .......... .......... .......... .......... .......... 21%  117M 1s\n'}
[17.216374] (multirobot_map_merge) StderrLine: {'line': b'  3300K .......... .......... .......... .......... .......... 21% 17.6M 1s\n'}
[17.217452] (multirobot_map_merge) StderrLine: {'line': b'  3350K .......... .......... .......... .......... .......... 21% 45.9M 1s\n'}
[17.217922] (multirobot_map_merge) StderrLine: {'line': b'  3400K .......... .......... .......... .......... .......... 22% 97.9M 1s\n'}
[17.218609] (multirobot_map_merge) StderrLine: {'line': b'  3450K .......... .......... .......... .......... .......... 22% 71.4M 1s\n'}
[17.219807] (multirobot_map_merge) StderrLine: {'line': b'  3500K .......... .......... .......... .......... .......... 22% 39.6M 1s\n'}
[17.221319] (multirobot_map_merge) StderrLine: {'line': b'  3550K .......... .......... .......... .......... .......... 23% 32.9M 1s\n'}
[17.223533] (multirobot_map_merge) StderrLine: {'line': b'  3600K .......... .......... .......... .......... .......... 23% 22.2M 1s\n'}
[17.224607] (multirobot_map_merge) StderrLine: {'line': b'  3650K .......... .......... .......... .......... .......... 23% 44.9M 1s\n'}
[17.225712] (multirobot_map_merge) StderrLine: {'line': b'  3700K .......... .......... .......... .......... .......... 23% 44.1M 1s\n'}
[17.227416] (multirobot_map_merge) StderrLine: {'line': b'  3750K .......... .......... .......... .......... .......... 24% 29.4M 1s\n'}
[17.228408] (multirobot_map_merge) StderrLine: {'line': b'  3800K .......... .......... .......... .......... .......... 24% 48.0M 1s\n'}
[17.231586] (multirobot_map_merge) StderrLine: {'line': b'  3850K .......... .......... .......... .......... .......... 24% 15.6M 1s\n'}
[17.231992] (multirobot_map_merge) StderrLine: {'line': b'  3900K .......... .......... .......... .......... .......... 25%  100M 1s\n'}
[17.233004] (multirobot_map_merge) StderrLine: {'line': b'  3950K .......... .......... .......... .......... .......... 25% 53.3M 1s\n'}
[17.234010] (multirobot_map_merge) StderrLine: {'line': b'  4000K .......... .......... .......... .......... .......... 25% 44.0M 1s\n'}
[17.236244] (multirobot_map_merge) StderrLine: {'line': b'  4050K .......... .......... .......... .......... .......... 26% 22.7M 1s\n'}
[17.237222] (multirobot_map_merge) StderrLine: {'line': b'  4100K .......... .......... .......... .......... .......... 26% 47.7M 1s\n'}
[17.238492] (multirobot_map_merge) StderrLine: {'line': b'  4150K .......... .......... .......... .......... .......... 26% 46.1M 1s\n'}
[17.239856] (multirobot_map_merge) StderrLine: {'line': b'  4200K .......... .......... .......... .......... .......... 27% 30.7M 1s\n'}
[17.241259] (multirobot_map_merge) StderrLine: {'line': b'  4250K .......... .......... .......... .......... .......... 27% 34.4M 1s\n'}
[17.242504] (multirobot_map_merge) StderrLine: {'line': b'  4300K .......... .......... .......... .......... .......... 27% 39.5M 1s\n'}
[17.244308] (multirobot_map_merge) StderrLine: {'line': b'  4350K .......... .......... .......... .......... .......... 28% 27.1M 1s\n'}
[17.245402] (multirobot_map_merge) StderrLine: {'line': b'  4400K .......... .......... .......... .......... .......... 28% 44.8M 1s\n'}
[17.247261] (multirobot_map_merge) StderrLine: {'line': b'  4450K .......... .......... .......... .......... .......... 28% 26.2M 1s\n'}
[17.248771] (multirobot_map_merge) StderrLine: {'line': b'  4500K .......... .......... .......... .......... .......... 29% 33.1M 1s\n'}
[17.251026] (-) TimerEvent: {}
[17.251389] (multirobot_map_merge) StderrLine: {'line': b'  4550K .......... .......... .......... .......... .......... 29% 18.6M 1s\n'}
[17.251718] (multirobot_map_merge) StderrLine: {'line': b'  4600K .......... .......... .......... .......... .......... 29%  134M 0s\n'}
[17.252680] (multirobot_map_merge) StderrLine: {'line': b'  4650K .......... .......... .......... .......... .......... 30% 51.0M 0s\n'}
[17.253911] (multirobot_map_merge) StderrLine: {'line': b'  4700K .......... .......... .......... .......... .......... 30% 39.4M 0s\n'}
[17.255339] (multirobot_map_merge) StderrLine: {'line': b'  4750K .......... .......... .......... .......... .......... 30% 34.2M 0s\n'}
[17.257384] (multirobot_map_merge) StderrLine: {'line': b'  4800K .......... .......... .......... .......... .......... 31% 24.0M 0s\n'}
[17.260890] (multirobot_map_merge) StderrLine: {'line': b'  4850K .......... .......... .......... .......... .......... 31% 14.1M 0s\n'}
[17.261503] (multirobot_map_merge) StderrLine: {'line': b'  4900K .......... .......... .......... .......... .......... 31% 85.5M 0s\n'}
[17.261969] (multirobot_map_merge) StderrLine: {'line': b'  4950K .......... .......... .......... .......... .......... 31% 89.3M 0s\n'}
[17.262770] (multirobot_map_merge) StderrLine: {'line': b'  5000K .......... .......... .......... .......... .......... 32% 62.0M 0s\n'}
[17.265047] (multirobot_map_merge) StderrLine: {'line': b'  5050K .......... .......... .......... .......... .......... 32% 21.4M 0s\n'}
[17.266240] (multirobot_map_merge) StderrLine: {'line': b'  5100K .......... .......... .......... .......... .......... 32% 41.5M 0s\n'}
[17.267267] (multirobot_map_merge) StderrLine: {'line': b'  5150K .......... .......... .......... .......... .......... 33% 46.7M 0s\n'}
[17.268263] (multirobot_map_merge) StderrLine: {'line': b'  5200K .......... .......... .......... .......... .......... 33% 48.4M 0s\n'}
[17.269907] (multirobot_map_merge) StderrLine: {'line': b'  5250K .......... .......... .......... .......... .......... 33% 30.2M 0s\n'}
[17.272306] (multirobot_map_merge) StderrLine: {'line': b'  5300K .......... .......... .......... .......... .......... 34% 20.7M 0s\n'}
[17.273141] (multirobot_map_merge) StderrLine: {'line': b'  5350K .......... .......... .......... .......... .......... 34% 56.9M 0s\n'}
[17.274485] (multirobot_map_merge) StderrLine: {'line': b'  5400K .......... .......... .......... .......... .......... 34% 36.3M 0s\n'}
[17.277610] (multirobot_map_merge) StderrLine: {'line': b'  5450K .......... .......... .......... .......... .......... 35% 15.6M 0s\n'}
[17.281501] (multirobot_map_merge) StderrLine: {'line': b'  5500K .......... .......... .......... .......... .......... 35% 12.6M 0s\n'}
[17.281870] (multirobot_map_merge) StderrLine: {'line': b'  5550K .......... .......... .......... .......... .......... 35%  152M 0s\n'}
[17.283602] (multirobot_map_merge) StderrLine: {'line': b'  5600K .......... .......... .......... .......... .......... 36% 27.7M 0s\n'}
[17.283990] (multirobot_map_merge) StderrLine: {'line': b'  5650K .......... .......... .......... .......... .......... 36%  116M 0s\n'}
[17.286241] (multirobot_map_merge) StderrLine: {'line': b'  5700K .......... .......... .......... .......... .......... 36% 22.2M 0s\n'}
[17.286571] (multirobot_map_merge) StderrLine: {'line': b'  5750K .......... .......... .......... .......... .......... 37%  143M 0s\n'}
[17.287190] (multirobot_map_merge) StderrLine: {'line': b'  5800K .......... .......... .......... .......... .......... 37% 69.7M 0s\n'}
[17.289148] (multirobot_map_merge) StderrLine: {'line': b'  5850K .......... .......... .......... .......... .......... 37% 25.0M 0s\n'}
[17.294479] (multirobot_map_merge) StderrLine: {'line': b'  5900K .......... .......... .......... .......... .......... 38% 9.25M 0s\n'}
[17.299997] (multirobot_map_merge) StderrLine: {'line': b'  5950K .......... .......... .......... .......... .......... 38% 9.02M 0s\n'}
[17.300323] (multirobot_map_merge) StderrLine: {'line': b'  6000K .......... .......... .......... .......... .......... 38%  122M 0s\n'}
[17.301840] (multirobot_map_merge) StderrLine: {'line': b'  6050K .......... .......... .......... .......... .......... 39% 31.1M 0s\n'}
[17.304263] (multirobot_map_merge) StderrLine: {'line': b'  6100K .......... .......... .......... .......... .......... 39% 20.4M 0s\n'}
[17.309645] (multirobot_map_merge) StderrLine: {'line': b'  6150K .......... .......... .......... .......... .......... 39% 9.17M 0s\n'}
[17.312188] (multirobot_map_merge) StderrLine: {'line': b'  6200K .......... .......... .......... .......... .......... 39% 18.6M 0s\n'}
[17.316360] (multirobot_map_merge) StderrLine: {'line': b'  6250K .......... .......... .......... .......... .......... 40% 12.0M 0s\n'}
[17.320385] (multirobot_map_merge) StderrLine: {'line': b'  6300K .......... .......... .......... .......... .......... 40% 11.9M 0s\n'}
[17.320762] (multirobot_map_merge) StderrLine: {'line': b'  6350K .......... .......... .......... .......... .......... 40%  144M 0s\n'}
[17.324472] (multirobot_map_merge) StderrLine: {'line': b'  6400K .......... .......... .......... .......... .......... 41% 13.0M 0s\n'}
[17.324836] (multirobot_map_merge) StderrLine: {'line': b'  6450K .......... .......... .......... .......... .......... 41%  128M 0s\n'}
[17.329351] (multirobot_map_merge) StderrLine: {'line': b'  6500K .......... .......... .......... .......... .......... 41% 12.7M 0s\n'}
[17.332878] (multirobot_map_merge) StderrLine: {'line': b'  6550K .......... .......... .......... .......... .......... 42% 11.8M 0s\n'}
[17.333216] (multirobot_map_merge) StderrLine: {'line': b'  6600K .......... .......... .......... .......... .......... 42%  173M 0s\n'}
[17.334056] (multirobot_map_merge) StderrLine: {'line': b'  6650K .......... .......... .......... .......... .......... 42% 48.7M 0s\n'}
[17.335747] (multirobot_map_merge) StderrLine: {'line': b'  6700K .......... .......... .......... .......... .......... 43% 29.9M 0s\n'}
[17.336215] (multirobot_map_merge) StderrLine: {'line': b'  6750K .......... .......... .......... .......... .......... 43%  100M 0s\n'}
[17.336648] (multirobot_map_merge) StderrLine: {'line': b'  6800K .......... .......... .......... .......... .......... 43%  110M 0s\n'}
[17.337588] (multirobot_map_merge) StderrLine: {'line': b'  6850K .......... .......... .......... .......... .......... 44% 55.9M 0s\n'}
[17.338255] (multirobot_map_merge) StderrLine: {'line': b'  6900K .......... .......... .......... .......... .......... 44% 75.6M 0s\n'}
[17.341202] (multirobot_map_merge) StderrLine: {'line': b'  6950K .......... .......... .......... .......... .......... 44% 16.0M 0s\n'}
[17.342764] (multirobot_map_merge) StderrLine: {'line': b'  7000K .......... .......... .......... .......... .......... 45% 31.8M 0s\n'}
[17.343831] (multirobot_map_merge) StderrLine: {'line': b'  7050K .......... .......... .......... .......... .......... 45% 45.3M 0s\n'}
[17.345024] (multirobot_map_merge) StderrLine: {'line': b'  7100K .......... .......... .......... .......... .......... 45% 40.6M 0s\n'}
[17.346602] (multirobot_map_merge) StderrLine: {'line': b'  7150K .......... .......... .......... .......... .......... 46% 31.5M 0s\n'}
[17.348994] (multirobot_map_merge) StderrLine: {'line': b'  7200K .......... .......... .......... .......... .......... 46% 20.3M 0s\n'}
[17.349628] (multirobot_map_merge) StderrLine: {'line': b'  7250K .......... .......... .......... .......... .......... 46% 75.5M 0s\n'}
[17.350151] (multirobot_map_merge) StderrLine: {'line': b'  7300K .......... .......... .......... .......... .......... 47%  100M 0s\n'}
[17.350827] (multirobot_map_merge) StderrLine: {'line': b'  7350K .......... .......... .......... .......... .......... 47% 67.9M 0s\n'}
[17.351096] (-) TimerEvent: {}
[17.351349] (multirobot_map_merge) StderrLine: {'line': b'  7400K .......... .......... .......... .......... .......... 47%  103M 0s\n'}
[17.351963] (multirobot_map_merge) StderrLine: {'line': b'  7450K .......... .......... .......... .......... .......... 47% 72.5M 0s\n'}
[17.352435] (multirobot_map_merge) StderrLine: {'line': b'  7500K .......... .......... .......... .......... .......... 48%  103M 0s\n'}
[17.353225] (multirobot_map_merge) StderrLine: {'line': b'  7550K .......... .......... .......... .......... .......... 48% 62.4M 0s\n'}
[17.353943] (multirobot_map_merge) StderrLine: {'line': b'  7600K .......... .......... .......... .......... .......... 48% 76.1M 0s\n'}
[17.354970] (multirobot_map_merge) StderrLine: {'line': b'  7650K .......... .......... .......... .......... .......... 49% 44.8M 0s\n'}
[17.355298] (multirobot_map_merge) StderrLine: {'line': b'  7700K .......... .......... .......... .......... .......... 49%  139M 0s\n'}
[17.358685] (multirobot_map_merge) StderrLine: {'line': b'  7750K .......... .......... .......... .......... .......... 49% 14.6M 0s\n'}
[17.365682] (multirobot_map_merge) StderrLine: {'line': b'  7800K .......... .......... .......... .......... .......... 50% 7.04M 0s\n'}
[17.366482] (multirobot_map_merge) StderrLine: {'line': b'  7850K .......... .......... .......... .......... .......... 50% 54.8M 0s\n'}
[17.367881] (multirobot_map_merge) StderrLine: {'line': b'  7900K .......... .......... .......... .......... .......... 50% 35.0M 0s\n'}
[17.370792] (multirobot_map_merge) StderrLine: {'line': b'  7950K .......... .......... .......... .......... .......... 51% 17.0M 0s\n'}
[17.371912] (multirobot_map_merge) StderrLine: {'line': b'  8000K .......... .......... .......... .......... .......... 51% 42.5M 0s\n'}
[17.373135] (multirobot_map_merge) StderrLine: {'line': b'  8050K .......... .......... .......... .......... .......... 51% 40.0M 0s\n'}
[17.374779] (multirobot_map_merge) StderrLine: {'line': b'  8100K .......... .......... .......... .......... .......... 52% 29.5M 0s\n'}
[17.376200] (multirobot_map_merge) StderrLine: {'line': b'  8150K .......... .......... .......... .......... .......... 52% 34.6M 0s\n'}
[17.378578] (multirobot_map_merge) StderrLine: {'line': b'  8200K .......... .......... .......... .......... .......... 52% 25.7M 0s\n'}
[17.378869] (multirobot_map_merge) StderrLine: {'line': b'  8250K .......... .......... .......... .......... .......... 53% 63.0M 0s\n'}
[17.380526] (multirobot_map_merge) StderrLine: {'line': b'  8300K .......... .......... .......... .......... .......... 53% 29.5M 0s\n'}
[17.381621] (multirobot_map_merge) StderrLine: {'line': b'  8350K .......... .......... .......... .......... .......... 53% 45.9M 0s\n'}
[17.382891] (multirobot_map_merge) StderrLine: {'line': b'  8400K .......... .......... .......... .......... .......... 54% 39.2M 0s\n'}
[17.384193] (multirobot_map_merge) StderrLine: {'line': b'  8450K .......... .......... .......... .......... .......... 54% 36.2M 0s\n'}
[17.385837] (multirobot_map_merge) StderrLine: {'line': b'  8500K .......... .......... .......... .......... .......... 54% 29.5M 0s\n'}
[17.386983] (multirobot_map_merge) StderrLine: {'line': b'  8550K .......... .......... .......... .......... .......... 55% 44.3M 0s\n'}
[17.388361] (multirobot_map_merge) StderrLine: {'line': b'  8600K .......... .......... .......... .......... .......... 55% 33.8M 0s\n'}
[17.389991] (multirobot_map_merge) StderrLine: {'line': b'  8650K .......... .......... .......... .......... .......... 55% 30.0M 0s\n'}
[17.391669] (multirobot_map_merge) StderrLine: {'line': b'  8700K .......... .......... .......... .......... .......... 55% 29.8M 0s\n'}
[17.392699] (multirobot_map_merge) StderrLine: {'line': b'  8750K .......... .......... .......... .......... .......... 56% 47.8M 0s\n'}
[17.394651] (multirobot_map_merge) StderrLine: {'line': b'  8800K .......... .......... .......... .......... .......... 56% 24.6M 0s\n'}
[17.395572] (multirobot_map_merge) StderrLine: {'line': b'  8850K .......... .......... .......... .......... .......... 56% 52.4M 0s\n'}
[17.396790] (multirobot_map_merge) StderrLine: {'line': b'  8900K .......... .......... .......... .......... .......... 57% 39.3M 0s\n'}
[17.398978] (multirobot_map_merge) StderrLine: {'line': b'  8950K .......... .......... .......... .......... .......... 57% 35.3M 0s\n'}
[17.401657] (multirobot_map_merge) StderrLine: {'line': b'  9000K .......... .......... .......... .......... .......... 57% 14.2M 0s\n'}
[17.402126] (multirobot_map_merge) StderrLine: {'line': b'  9050K .......... .......... .......... .......... .......... 58% 99.7M 0s\n'}
[17.402987] (multirobot_map_merge) StderrLine: {'line': b'  9100K .......... .......... .......... .......... .......... 58% 58.8M 0s\n'}
[17.404045] (multirobot_map_merge) StderrLine: {'line': b'  9150K .......... .......... .......... .......... .......... 58% 45.5M 0s\n'}
[17.405440] (multirobot_map_merge) StderrLine: {'line': b'  9200K .......... .......... .......... .......... .......... 59% 35.0M 0s\n'}
[17.407226] (multirobot_map_merge) StderrLine: {'line': b'  9250K .......... .......... .......... .......... .......... 59% 27.4M 0s\n'}
[17.408631] (multirobot_map_merge) StderrLine: {'line': b'  9300K .......... .......... .......... .......... .......... 59% 35.2M 0s\n'}
[17.412939] (multirobot_map_merge) StderrLine: {'line': b'  9350K .......... .......... .......... .......... .......... 60% 11.3M 0s\n'}
[17.415233] (multirobot_map_merge) StderrLine: {'line': b'  9400K .......... .......... .......... .......... .......... 60% 21.1M 0s\n'}
[17.417809] (multirobot_map_merge) StderrLine: {'line': b'  9450K .......... .......... .......... .......... .......... 60% 19.1M 0s\n'}
[17.419747] (multirobot_map_merge) StderrLine: {'line': b'  9500K .......... .......... .......... .......... .......... 61% 25.4M 0s\n'}
[17.420385] (multirobot_map_merge) StderrLine: {'line': b'  9550K .......... .......... .......... .......... .......... 61% 74.6M 0s\n'}
[17.420879] (multirobot_map_merge) StderrLine: {'line': b'  9600K .......... .......... .......... .......... .......... 61% 98.6M 0s\n'}
[17.421552] (multirobot_map_merge) StderrLine: {'line': b'  9650K .......... .......... .......... .......... .......... 62% 75.6M 0s\n'}
[17.422069] (multirobot_map_merge) StderrLine: {'line': b'  9700K .......... .......... .......... .......... .......... 62% 86.6M 0s\n'}
[17.422727] (multirobot_map_merge) StderrLine: {'line': b'  9750K .......... .......... .......... .......... .......... 62% 74.9M 0s\n'}
[17.423171] (multirobot_map_merge) StderrLine: {'line': b'  9800K .......... .......... .......... .......... .......... 63%  107M 0s\n'}
[17.423947] (multirobot_map_merge) StderrLine: {'line': b'  9850K .......... .......... .......... .......... .......... 63% 62.1M 0s\n'}
[17.425793] (multirobot_map_merge) StderrLine: {'line': b'  9900K .......... .......... .......... .......... .......... 63% 27.1M 0s\n'}
[17.427264] (multirobot_map_merge) StderrLine: {'line': b'  9950K .......... .......... .......... .......... .......... 63% 33.3M 0s\n'}
[17.428495] (multirobot_map_merge) StderrLine: {'line': b' 10000K .......... .......... .......... .......... .......... 64% 39.4M 0s\n'}
[17.430163] (multirobot_map_merge) StderrLine: {'line': b' 10050K .......... .......... .......... .......... .......... 64% 29.3M 0s\n'}
[17.431257] (multirobot_map_merge) StderrLine: {'line': b' 10100K .......... .......... .......... .......... .......... 64% 43.7M 0s\n'}
[17.432645] (multirobot_map_merge) StderrLine: {'line': b' 10150K .......... .......... .......... .......... .......... 65% 35.8M 0s\n'}
[17.434148] (multirobot_map_merge) StderrLine: {'line': b' 10200K .......... .......... .......... .......... .......... 65% 32.3M 0s\n'}
[17.435376] (multirobot_map_merge) StderrLine: {'line': b' 10250K .......... .......... .......... .......... .......... 65% 39.6M 0s\n'}
[17.438474] (multirobot_map_merge) StderrLine: {'line': b' 10300K .......... .......... .......... .......... .......... 66% 15.9M 0s\n'}
[17.439603] (multirobot_map_merge) StderrLine: {'line': b' 10350K .......... .......... .......... .......... .......... 66% 42.3M 0s\n'}
[17.440815] (multirobot_map_merge) StderrLine: {'line': b' 10400K .......... .......... .......... .......... .......... 66% 40.6M 0s\n'}
[17.442346] (multirobot_map_merge) StderrLine: {'line': b' 10450K .......... .......... .......... .......... .......... 67% 31.9M 0s\n'}
[17.443604] (multirobot_map_merge) StderrLine: {'line': b' 10500K .......... .......... .......... .......... .......... 67% 37.8M 0s\n'}
[17.445027] (multirobot_map_merge) StderrLine: {'line': b' 10550K .......... .......... .......... .......... .......... 67% 34.4M 0s\n'}
[17.446786] (multirobot_map_merge) StderrLine: {'line': b' 10600K .......... .......... .......... .......... .......... 68% 28.0M 0s\n'}
[17.448282] (multirobot_map_merge) StderrLine: {'line': b' 10650K .......... .......... .......... .......... .......... 68% 32.5M 0s\n'}
[17.449538] (multirobot_map_merge) StderrLine: {'line': b' 10700K .......... .......... .......... .......... .......... 68% 39.0M 0s\n'}
[17.451172] (-) TimerEvent: {}
[17.451517] (multirobot_map_merge) StderrLine: {'line': b' 10750K .......... .......... .......... .......... .......... 69% 24.9M 0s\n'}
[17.452896] (multirobot_map_merge) StderrLine: {'line': b' 10800K .......... .......... .......... .......... .......... 69% 35.0M 0s\n'}
[17.454119] (multirobot_map_merge) StderrLine: {'line': b' 10850K .......... .......... .......... .......... .......... 69% 39.8M 0s\n'}
[17.455566] (multirobot_map_merge) StderrLine: {'line': b' 10900K .......... .......... .......... .......... .......... 70% 34.1M 0s\n'}
[17.456874] (multirobot_map_merge) StderrLine: {'line': b' 10950K .......... .......... .......... .......... .......... 70% 36.4M 0s\n'}
[17.459064] (multirobot_map_merge) StderrLine: {'line': b' 11000K .......... .......... .......... .......... .......... 70% 22.5M 0s\n'}
[17.459488] (multirobot_map_merge) StderrLine: {'line': b' 11050K .......... .......... .......... .......... .......... 71%  114M 0s\n'}
[17.461157] (multirobot_map_merge) StderrLine: {'line': b' 11100K .......... .......... .......... .......... .......... 71% 29.4M 0s\n'}
[17.462291] (multirobot_map_merge) StderrLine: {'line': b' 11150K .......... .......... .......... .......... .......... 71% 42.8M 0s\n'}
[17.463800] (multirobot_map_merge) StderrLine: {'line': b' 11200K .......... .......... .......... .......... .......... 71% 32.6M 0s\n'}
[17.465285] (multirobot_map_merge) StderrLine: {'line': b' 11250K .......... .......... .......... .......... .......... 72% 33.2M 0s\n'}
[17.468233] (multirobot_map_merge) StderrLine: {'line': b' 11300K .......... .......... .......... .......... .......... 72% 16.5M 0s\n'}
[17.468660] (multirobot_map_merge) StderrLine: {'line': b' 11350K .......... .......... .......... .......... .......... 72%  111M 0s\n'}
[17.469837] (multirobot_map_merge) StderrLine: {'line': b' 11400K .......... .......... .......... .......... .......... 73% 41.8M 0s\n'}
[17.473681] (multirobot_map_merge) StderrLine: {'line': b' 11450K .......... .......... .......... .......... .......... 73% 12.9M 0s\n'}
[17.479114] (multirobot_map_merge) StderrLine: {'line': b' 11500K .......... .......... .......... .......... .......... 73% 9.02M 0s\n'}
[17.480429] (multirobot_map_merge) StderrLine: {'line': b' 11550K .......... .......... .......... .......... .......... 74% 35.9M 0s\n'}
[17.480769] (multirobot_map_merge) StderrLine: {'line': b' 11600K .......... .......... .......... .......... .......... 74%  144M 0s\n'}
[17.481968] (multirobot_map_merge) StderrLine: {'line': b' 11650K .......... .......... .......... .......... .......... 74% 43.2M 0s\n'}
[17.482291] (multirobot_map_merge) StderrLine: {'line': b' 11700K .......... .......... .......... .......... .......... 75%  128M 0s\n'}
[17.482530] (multirobot_map_merge) StderrLine: {'line': b' 11750K .......... .......... .......... .......... .......... 75%  166M 0s\n'}
[17.483813] (multirobot_map_merge) StderrLine: {'line': b' 11800K .......... .......... .......... .......... .......... 75% 39.1M 0s\n'}
[17.484179] (multirobot_map_merge) StderrLine: {'line': b' 11850K .......... .......... .......... .......... .......... 76%  143M 0s\n'}
[17.491788] (multirobot_map_merge) StderrLine: {'line': b' 11900K .......... .......... .......... .......... .......... 76% 6.43M 0s\n'}
[17.492109] (multirobot_map_merge) StderrLine: {'line': b' 11950K .......... .......... .......... .......... .......... 76%  122M 0s\n'}
[17.493443] (multirobot_map_merge) StderrLine: {'line': b' 12000K .......... .......... .......... .......... .......... 77% 36.6M 0s\n'}
[17.495172] (multirobot_map_merge) StderrLine: {'line': b' 12050K .......... .......... .......... .......... .......... 77% 29.6M 0s\n'}
[17.497712] (multirobot_map_merge) StderrLine: {'line': b' 12100K .......... .......... .......... .......... .......... 77% 18.9M 0s\n'}
[17.498111] (multirobot_map_merge) StderrLine: {'line': b' 12150K .......... .......... .......... .......... .......... 78%  132M 0s\n'}
[17.499356] (multirobot_map_merge) StderrLine: {'line': b' 12200K .......... .......... .......... .......... .......... 78% 38.0M 0s\n'}
[17.501499] (multirobot_map_merge) StderrLine: {'line': b' 12250K .......... .......... .......... .......... .......... 78% 43.4M 0s\n'}
[17.502280] (multirobot_map_merge) StderrLine: {'line': b' 12300K .......... .......... .......... .......... .......... 79% 27.2M 0s\n'}
[17.503544] (multirobot_map_merge) StderrLine: {'line': b' 12350K .......... .......... .......... .......... .......... 79% 38.4M 0s\n'}
[17.505179] (multirobot_map_merge) StderrLine: {'line': b' 12400K .......... .......... .......... .......... .......... 79% 30.0M 0s\n'}
[17.506369] (multirobot_map_merge) StderrLine: {'line': b' 12450K .......... .......... .......... .......... .......... 79% 41.7M 0s\n'}
[17.507983] (multirobot_map_merge) StderrLine: {'line': b' 12500K .......... .......... .......... .......... .......... 80% 29.7M 0s\n'}
[17.510960] (multirobot_map_merge) StderrLine: {'line': b' 12550K .......... .......... .......... .......... .......... 80% 16.6M 0s\n'}
[17.511395] (multirobot_map_merge) StderrLine: {'line': b' 12600K .......... .......... .......... .......... .......... 80%  103M 0s\n'}
[17.513428] (multirobot_map_merge) StderrLine: {'line': b' 12650K .......... .......... .......... .......... .......... 81% 61.3M 0s\n'}
[17.513878] (multirobot_map_merge) StderrLine: {'line': b' 12700K .......... .......... .......... .......... .......... 81% 29.8M 0s\n'}
[17.515065] (multirobot_map_merge) StderrLine: {'line': b' 12750K .......... .......... .......... .......... .......... 81% 39.7M 0s\n'}
[17.517881] (multirobot_map_merge) StderrLine: {'line': b' 12800K .......... .......... .......... .......... .......... 82% 17.4M 0s\n'}
[17.521506] (multirobot_map_merge) StderrLine: {'line': b' 12850K .......... .......... .......... .......... .......... 82% 13.7M 0s\n'}
[17.521912] (multirobot_map_merge) StderrLine: {'line': b' 12900K .......... .......... .......... .......... .......... 82%  107M 0s\n'}
[17.522227] (multirobot_map_merge) StderrLine: {'line': b' 12950K .......... .......... .......... .......... .......... 83%  141M 0s\n'}
[17.522643] (multirobot_map_merge) StderrLine: {'line': b' 13000K .......... .......... .......... .......... .......... 83%  123M 0s\n'}
[17.523195] (multirobot_map_merge) StderrLine: {'line': b' 13050K .......... .......... .......... .......... .......... 83% 85.0M 0s\n'}
[17.526300] (multirobot_map_merge) StderrLine: {'line': b' 13100K .......... .......... .......... .......... .......... 84% 16.0M 0s\n'}
[17.526723] (multirobot_map_merge) StderrLine: {'line': b' 13150K .......... .......... .......... .......... .......... 84%  112M 0s\n'}
[17.527868] (multirobot_map_merge) StderrLine: {'line': b' 13200K .......... .......... .......... .......... .......... 84% 42.9M 0s\n'}
[17.529302] (multirobot_map_merge) StderrLine: {'line': b' 13250K .......... .......... .......... .......... .......... 85% 35.7M 0s\n'}
[17.530485] (multirobot_map_merge) StderrLine: {'line': b' 13300K .......... .......... .......... .......... .......... 85% 39.2M 0s\n'}
[17.531875] (multirobot_map_merge) StderrLine: {'line': b' 13350K .......... .......... .......... .......... .......... 85% 34.0M 0s\n'}
[17.533438] (multirobot_map_merge) StderrLine: {'line': b' 13400K .......... .......... .......... .......... .......... 86% 31.5M 0s\n'}
[17.534694] (multirobot_map_merge) StderrLine: {'line': b' 13450K .......... .......... .......... .......... .......... 86% 40.2M 0s\n'}
[17.536066] (multirobot_map_merge) StderrLine: {'line': b' 13500K .......... .......... .......... .......... .......... 86% 35.1M 0s\n'}
[17.537671] (multirobot_map_merge) StderrLine: {'line': b' 13550K .......... .......... .......... .......... .......... 87% 31.1M 0s\n'}
[17.539048] (multirobot_map_merge) StderrLine: {'line': b' 13600K .......... .......... .......... .......... .......... 87% 34.2M 0s\n'}
[17.540418] (multirobot_map_merge) StderrLine: {'line': b' 13650K .......... .......... .......... .......... .......... 87% 35.6M 0s\n'}
[17.541899] (multirobot_map_merge) StderrLine: {'line': b' 13700K .......... .......... .......... .......... .......... 87% 32.7M 0s\n'}
[17.543132] (multirobot_map_merge) StderrLine: {'line': b' 13750K .......... .......... .......... .......... .......... 88% 40.0M 0s\n'}
[17.544929] (multirobot_map_merge) StderrLine: {'line': b' 13800K .......... .......... .......... .......... .......... 88% 27.4M 0s\n'}
[17.546294] (multirobot_map_merge) StderrLine: {'line': b' 13850K .......... .......... .......... .......... .......... 88% 35.6M 0s\n'}
[17.547679] (multirobot_map_merge) StderrLine: {'line': b' 13900K .......... .......... .......... .......... .......... 89% 35.6M 0s\n'}
[17.551269] (-) TimerEvent: {}
[17.552283] (multirobot_map_merge) StderrLine: {'line': b' 13950K .......... .......... .......... .......... .......... 89% 10.7M 0s\n'}
[17.552783] (multirobot_map_merge) StderrLine: {'line': b' 14000K .......... .......... .......... .......... .......... 89% 88.0M 0s\n'}
[17.556794] (multirobot_map_merge) StderrLine: {'line': b' 14050K .......... .......... .......... .......... .......... 90% 12.4M 0s\n'}
[17.557374] (multirobot_map_merge) StderrLine: {'line': b' 14100K .......... .......... .......... .......... .......... 90% 77.4M 0s\n'}
[17.559745] (multirobot_map_merge) StderrLine: {'line': b' 14150K .......... .......... .......... .......... .......... 90% 22.3M 0s\n'}
[17.560138] (multirobot_map_merge) StderrLine: {'line': b' 14200K .......... .......... .......... .......... .......... 91% 85.7M 0s\n'}
[17.560780] (multirobot_map_merge) StderrLine: {'line': b' 14250K .......... .......... .......... .......... .......... 91% 75.7M 0s\n'}
[17.561262] (multirobot_map_merge) StderrLine: {'line': b' 14300K .......... .......... .......... .......... .......... 91% 99.0M 0s\n'}
[17.561930] (multirobot_map_merge) StderrLine: {'line': b' 14350K .......... .......... .......... .......... .......... 92% 76.5M 0s\n'}
[17.562728] (multirobot_map_merge) StderrLine: {'line': b' 14400K .......... .......... .......... .......... .......... 92% 57.8M 0s\n'}
[17.567041] (multirobot_map_merge) StderrLine: {'line': b' 14450K .......... .......... .......... .......... .......... 92% 11.5M 0s\n'}
[17.568270] (multirobot_map_merge) StderrLine: {'line': b' 14500K .......... .......... .......... .......... .......... 93% 38.2M 0s\n'}
[17.569861] (multirobot_map_merge) StderrLine: {'line': b' 14550K .......... .......... .......... .......... .......... 93% 31.6M 0s\n'}
[17.571016] (multirobot_map_merge) StderrLine: {'line': b' 14600K .......... .......... .......... .......... .......... 93% 40.7M 0s\n'}
[17.573599] (multirobot_map_merge) StderrLine: {'line': b' 14650K .......... .......... .......... .......... .......... 94% 19.5M 0s\n'}
[17.575828] (multirobot_map_merge) StderrLine: {'line': b' 14700K .......... .......... .......... .......... .......... 94% 21.9M 0s\n'}
[17.576256] (multirobot_map_merge) StderrLine: {'line': b' 14750K .......... .......... .......... .......... .......... 94% 99.6M 0s\n'}
[17.577653] (multirobot_map_merge) StderrLine: {'line': b' 14800K .......... .......... .......... .......... .......... 95% 38.5M 0s\n'}
[17.579425] (multirobot_map_merge) StderrLine: {'line': b' 14850K .......... .......... .......... .......... .......... 95% 31.6M 0s\n'}
[17.583663] (multirobot_map_merge) StderrLine: {'line': b' 14900K .......... .......... .......... .......... .......... 95% 10.9M 0s\n'}
[17.584304] (multirobot_map_merge) StderrLine: {'line': b' 14950K .......... .......... .......... .......... .......... 95% 70.1M 0s\n'}
[17.589172] (multirobot_map_merge) StderrLine: {'line': b' 15000K .......... .......... .......... .......... .......... 96% 10.1M 0s\n'}
[17.589602] (multirobot_map_merge) StderrLine: {'line': b' 15050K .......... .......... .......... .......... .......... 96%  139M 0s\n'}
[17.589831] (multirobot_map_merge) StderrLine: {'line': b' 15100K .......... .......... .......... .......... .......... 96%  134M 0s\n'}
[17.590482] (multirobot_map_merge) StderrLine: {'line': b' 15150K .......... .......... .......... .......... .......... 97% 67.2M 0s\n'}
[17.590795] (multirobot_map_merge) StderrLine: {'line': b' 15200K .......... .......... .......... .......... .......... 97%  160M 0s\n'}
[17.592278] (multirobot_map_merge) StderrLine: {'line': b' 15250K .......... .......... .......... .......... .......... 97% 37.2M 0s\n'}
[17.592614] (multirobot_map_merge) StderrLine: {'line': b' 15300K .......... .......... .......... .......... .......... 98%  118M 0s\n'}
[17.592897] (multirobot_map_merge) StderrLine: {'line': b' 15350K .......... .......... .......... .......... .......... 98%  150M 0s\n'}
[17.593833] (multirobot_map_merge) StderrLine: {'line': b' 15400K .......... .......... .......... .......... .......... 98% 49.9M 0s\n'}
[17.595209] (multirobot_map_merge) StderrLine: {'line': b' 15450K .......... .......... .......... .......... .......... 99% 35.7M 0s\n'}
[17.598113] (multirobot_map_merge) StderrLine: {'line': b' 15500K .......... .......... .......... .......... .......... 99% 16.7M 0s\n'}
[17.600220] (multirobot_map_merge) StderrLine: {'line': b' 15550K .......... .......... .......... .......... .......... 99% 23.4M 0s\n'}
[17.600556] (multirobot_map_merge) StderrLine: {'line': b' 15600K .......... .......... .....                           100%  102M=0.6s\n'}
[17.600759] (multirobot_map_merge) StderrLine: {'line': b'\n'}
[17.600892] (multirobot_map_merge) StderrLine: {'line': b'2026-07-01 18:06:08 (27.3 MB/s) - \xe2\x80\x98/home/safal/Desktop/unitreego2nav/build/multirobot_map_merge/2012-01-28-11-12-01.pgm\xe2\x80\x99 saved [16000058/16000058]\n'}
[17.601016] (multirobot_map_merge) StderrLine: {'line': b'\n'}
[17.602248] (multirobot_map_merge) StdoutLine: {'line': b'Checking MD5 sum of /home/safal/Desktop/unitreego2nav/build/multirobot_map_merge/2012-01-28-11-12-01.pgm\n'}
[17.634592] (multirobot_map_merge) StdoutLine: {'line': b'/home/safal/Desktop/unitreego2nav/build/multirobot_map_merge/2012-01-28-11-12-01.pgm: OK\n'}
[17.638451] (multirobot_map_merge) StdoutLine: {'line': b"-- Found gtest sources under '/opt/ros/humble/src/gtest_vendor': C++ tests using 'Google Test' will be built\n"}
[17.641673] (multirobot_map_merge) StderrLine: {'line': b'\x1b[0mCMake Deprecation Warning at /opt/ros/humble/src/gtest_vendor/CMakeLists.txt:2 (cmake_minimum_required):\n'}
[17.641841] (multirobot_map_merge) StderrLine: {'line': b'  Compatibility with CMake < 3.10 will be removed from a future version of\n'}
[17.641923] (multirobot_map_merge) StderrLine: {'line': b'  CMake.\n'}
[17.642013] (multirobot_map_merge) StderrLine: {'line': b'\n'}
[17.642112] (multirobot_map_merge) StderrLine: {'line': b'  Update the VERSION argument <min> value.  Or, use the <min>...<max> syntax\n'}
[17.642215] (multirobot_map_merge) StderrLine: {'line': b'  to tell CMake that the project requires at least <min> but has been updated\n'}
[17.642287] (multirobot_map_merge) StderrLine: {'line': b'  to work with policies introduced by <max> or earlier.\n'}
[17.642355] (multirobot_map_merge) StderrLine: {'line': b'\n'}
[17.642420] (multirobot_map_merge) StderrLine: {'line': b'\x1b[0m\n'}
[17.650622] (multirobot_map_merge) StdoutLine: {'line': b"-- Added test 'cppcheck' to perform static code analysis on C / C++ code\n"}
[17.651351] (multirobot_map_merge) StdoutLine: {'line': b'-- Configured cppcheck include dirs: /home/safal/Desktop/unitreego2nav/src/m-explore-ros2/map_merge/include;$<BUILD_INTERFACE:/home/safal/Desktop/unitreego2nav/src/m-explore-ros2/map_merge/include>\n'}
[17.651451] (-) TimerEvent: {}
[17.651573] (multirobot_map_merge) StdoutLine: {'line': b'-- Configured cppcheck exclude dirs and/or files: \n'}
[17.652398] (multirobot_map_merge) StdoutLine: {'line': b"-- Added test 'flake8' to check Python code syntax and style conventions\n"}
[17.653467] (multirobot_map_merge) StdoutLine: {'line': b"-- Added test 'lint_cmake' to check CMake code style\n"}
[17.654327] (multirobot_map_merge) StdoutLine: {'line': b"-- Added test 'pep257' to check Python code against some of the docstring style conventions in PEP 257\n"}
[17.656546] (multirobot_map_merge) StdoutLine: {'line': b"-- Added test 'uncrustify' to check C / C++ code style\n"}
[17.656738] (multirobot_map_merge) StdoutLine: {'line': b'-- Configured uncrustify additional arguments: \n'}
[17.657410] (multirobot_map_merge) StdoutLine: {'line': b"-- Added test 'xmllint' to check XML markup files\n"}
[17.660234] (multirobot_map_merge) StdoutLine: {'line': b'-- Configuring done (17.3s)\n'}
[17.751590] (-) TimerEvent: {}
[17.775265] (multirobot_map_merge) StdoutLine: {'line': b'-- Generating done (0.1s)\n'}
[17.851725] (-) TimerEvent: {}
[17.865770] (multirobot_map_merge) StdoutLine: {'line': b'-- Build files have been written to: /home/safal/Desktop/unitreego2nav/build/multirobot_map_merge\n'}
[17.881242] (multirobot_map_merge) CommandEnded: {'returncode': 0}
[17.882452] (multirobot_map_merge) JobProgress: {'identifier': 'multirobot_map_merge', 'progress': 'build'}
[17.883221] (multirobot_map_merge) Command: {'cmd': ['/usr/bin/cmake', '--build', '/home/safal/Desktop/unitreego2nav/build/multirobot_map_merge', '--', '-j8', '-l8'], 'cwd': '/home/safal/Desktop/unitreego2nav/build/multirobot_map_merge', 'env': OrderedDict([('LESSOPEN', '| /usr/bin/lesspipe %s'), ('USER', 'safal'), ('LC_TIME', 'bho_NP'), ('XDG_SESSION_TYPE', 'wayland'), ('SHLVL', '1'), ('LD_LIBRARY_PATH', '/usr/lib/x86_64-linux-gnu/gazebo-11/plugins:/opt/ros/humble/opt/rviz_ogre_vendor/lib:/opt/ros/humble/lib/x86_64-linux-gnu:/opt/ros/humble/lib'), ('HOME', '/home/safal'), ('CONDA_SHLVL', '0'), ('OLDPWD', '/home/safal'), ('DESKTOP_SESSION', 'ubuntu'), ('ROS_PYTHON_VERSION', '3'), ('GNOME_SHELL_SESSION_MODE', 'ubuntu'), ('GTK_MODULES', 'gail:atk-bridge'), ('LC_MONETARY', 'bho_NP'), ('SYSTEMD_EXEC_PID', '1655'), ('DBUS_SESSION_BUS_ADDRESS', 'unix:path=/run/user/1000/bus'), ('COLORTERM', 'truecolor'), ('_CE_M', ''), ('_CONDA_ROOT', '/home/safal/miniconda3'), ('IM_CONFIG_PHASE', '1'), ('WAYLAND_DISPLAY', 'wayland-0'), ('ROS_DISTRO', 'humble'), ('LOGNAME', 'safal'), ('_', '/usr/bin/colcon'), ('ROS_VERSION', '2'), ('XDG_SESSION_CLASS', 'user'), ('USERNAME', 'safal'), ('TERM', 'xterm-256color'), ('GNOME_DESKTOP_SESSION_ID', 'this-is-deprecated'), ('_CE_CONDA', ''), ('ROS_LOCALHOST_ONLY', '0'), ('PATH', '/opt/ros/humble/bin:/home/safal/miniconda3/condabin:/home/safal/.local/bin:/usr/local/sbin:/usr/local/bin:/usr/sbin:/usr/bin:/sbin:/bin:/usr/games:/usr/local/games:/snap/bin:/snap/bin'), ('SESSION_MANAGER', 'local/safal:@/tmp/.ICE-unix/1615,unix/safal:/tmp/.ICE-unix/1615'), ('XDG_MENU_PREFIX', 'gnome-'), ('LC_ADDRESS', 'bho_NP'), ('GNOME_TERMINAL_SCREEN', '/org/gnome/Terminal/screen/1e56160b_9632_47f5_a587_c3e5614d5f40'), ('GNOME_SETUP_DISPLAY', ':1'), ('COLCON_CMAKE_ARGS', '-DCMAKE_POLICY_VERSION_MINIMUM=3.5'), ('XDG_RUNTIME_DIR', '/run/user/1000'), ('DISPLAY', ':0'), ('LANG', 'en_US.UTF-8'), ('XDG_CURRENT_DESKTOP', 'ubuntu:GNOME'), ('LC_TELEPHONE', 'bho_NP'), ('XMODIFIERS', '@im=ibus'), ('XDG_SESSION_DESKTOP', 'ubuntu'), ('XAUTHORITY', '/run/user/1000/.mutter-Xwaylandauth.TNARR3'), ('LS_COLORS', 'rs=0:di=01;34:ln=01;36:mh=00:pi=40;33:so=01;35:do=01;35:bd=40;33;01:cd=40;33;01:or=40;31;01:mi=00:su=37;41:sg=30;43:ca=30;41:tw=30;42:ow=34;42:st=37;44:ex=01;32:*.tar=01;31:*.tgz=01;31:*.arc=01;31:*.arj=01;31:*.taz=01;31:*.lha=01;31:*.lz4=01;31:*.lzh=01;31:*.lzma=01;31:*.tlz=01;31:*.txz=01;31:*.tzo=01;31:*.t7z=01;31:*.zip=01;31:*.z=01;31:*.dz=01;31:*.gz=01;31:*.lrz=01;31:*.lz=01;31:*.lzo=01;31:*.xz=01;31:*.zst=01;31:*.tzst=01;31:*.bz2=01;31:*.bz=01;31:*.tbz=01;31:*.tbz2=01;31:*.tz=01;31:*.deb=01;31:*.rpm=01;31:*.jar=01;31:*.war=01;31:*.ear=01;31:*.sar=01;31:*.rar=01;31:*.alz=01;31:*.ace=01;31:*.zoo=01;31:*.cpio=01;31:*.7z=01;31:*.rz=01;31:*.cab=01;31:*.wim=01;31:*.swm=01;31:*.dwm=01;31:*.esd=01;31:*.jpg=01;35:*.jpeg=01;35:*.mjpg=01;35:*.mjpeg=01;35:*.gif=01;35:*.bmp=01;35:*.pbm=01;35:*.pgm=01;35:*.ppm=01;35:*.tga=01;35:*.xbm=01;35:*.xpm=01;35:*.tif=01;35:*.tiff=01;35:*.png=01;35:*.svg=01;35:*.svgz=01;35:*.mng=01;35:*.pcx=01;35:*.mov=01;35:*.mpg=01;35:*.mpeg=01;35:*.m2v=01;35:*.mkv=01;35:*.webm=01;35:*.webp=01;35:*.ogm=01;35:*.mp4=01;35:*.m4v=01;35:*.mp4v=01;35:*.vob=01;35:*.qt=01;35:*.nuv=01;35:*.wmv=01;35:*.asf=01;35:*.rm=01;35:*.rmvb=01;35:*.flc=01;35:*.avi=01;35:*.fli=01;35:*.flv=01;35:*.gl=01;35:*.dl=01;35:*.xcf=01;35:*.xwd=01;35:*.yuv=01;35:*.cgm=01;35:*.emf=01;35:*.ogv=01;35:*.ogx=01;35:*.aac=00;36:*.au=00;36:*.flac=00;36:*.m4a=00;36:*.mid=00;36:*.midi=00;36:*.mka=00;36:*.mp3=00;36:*.mpc=00;36:*.ogg=00;36:*.ra=00;36:*.wav=00;36:*.oga=00;36:*.opus=00;36:*.spx=00;36:*.xspf=00;36:'), ('GNOME_TERMINAL_SERVICE', ':1.385'), ('SSH_AGENT_LAUNCHER', 'gnome-keyring'), ('SSH_AUTH_SOCK', '/run/user/1000/keyring/ssh'), ('AMENT_PREFIX_PATH', '/opt/ros/humble'), ('CONDA_PYTHON_EXE', '/home/safal/miniconda3/bin/python'), ('SHELL', '/bin/bash'), ('LC_NAME', 'bho_NP'), ('QT_ACCESSIBILITY', '1'), ('GDMSESSION', 'ubuntu'), ('LESSCLOSE', '/usr/bin/lesspipe %s %s'), ('LC_MEASUREMENT', 'bho_NP'), ('_CONDA_EXE', '/home/safal/miniconda3/bin/conda'), ('LC_IDENTIFICATION', 'bho_NP'), ('QT_IM_MODULE', 'ibus'), ('PWD', '/home/safal/Desktop/unitreego2nav/build/multirobot_map_merge'), ('LC_ALL', 'en_US.UTF-8'), ('XDG_CONFIG_DIRS', '/etc/xdg/xdg-ubuntu:/etc/xdg'), ('CONDA_EXE', '/home/safal/miniconda3/bin/conda'), ('XDG_DATA_DIRS', '/usr/share/ubuntu:/usr/local/share/:/usr/share/:/var/lib/snapd/desktop'), ('PYTHONPATH', '/opt/ros/humble/lib/python3.10/site-packages:/opt/ros/humble/local/lib/python3.10/dist-packages'), ('LC_NUMERIC', 'bho_NP'), ('LC_PAPER', 'bho_NP'), ('COLCON', '1'), ('VTE_VERSION', '6800'), ('CMAKE_PREFIX_PATH', '/opt/ros/humble')]), 'shell': False}
[17.914213] (multirobot_map_merge) StdoutLine: {'line': b'[ 16%] \x1b[32mBuilding CXX object gtest/CMakeFiles/gtest_main.dir/src/gtest_main.cc.o\x1b[0m\n'}
[17.914461] (multirobot_map_merge) StdoutLine: {'line': b'[ 25%] \x1b[32mBuilding CXX object CMakeFiles/combine_grids.dir/src/combine_grids/grid_compositor.cpp.o\x1b[0m\n'}
[17.914894] (multirobot_map_merge) StdoutLine: {'line': b'[ 33%] \x1b[32mBuilding CXX object CMakeFiles/combine_grids.dir/src/combine_grids/grid_warper.cpp.o\x1b[0m\n'}
[17.915038] (multirobot_map_merge) StdoutLine: {'line': b'[ 33%] \x1b[32mBuilding CXX object CMakeFiles/combine_grids.dir/src/combine_grids/merging_pipeline.cpp.o\x1b[0m\n'}
[17.915271] (multirobot_map_merge) StdoutLine: {'line': b'[ 41%] \x1b[32mBuilding CXX object gtest/CMakeFiles/gtest.dir/src/gtest-all.cc.o\x1b[0m\n'}
[17.951858] (-) TimerEvent: {}
[18.054634] (-) TimerEvent: {}
[18.160157] (-) TimerEvent: {}
[18.260520] (-) TimerEvent: {}
[18.361659] (-) TimerEvent: {}
[18.462638] (-) TimerEvent: {}
[18.574652] (-) TimerEvent: {}
[18.675072] (-) TimerEvent: {}
[18.775578] (-) TimerEvent: {}
[18.876199] (-) TimerEvent: {}
[18.978700] (-) TimerEvent: {}
[19.079657] (-) TimerEvent: {}
[19.182670] (-) TimerEvent: {}
[19.286213] (-) TimerEvent: {}
[19.388650] (-) TimerEvent: {}
[19.492971] (-) TimerEvent: {}
[19.596642] (-) TimerEvent: {}
[19.699658] (-) TimerEvent: {}
[19.803947] (-) TimerEvent: {}
[19.848750] (multirobot_map_merge) StdoutLine: {'line': b'[ 50%] \x1b[1m\x1b[32mLinking CXX static library libgtest_main.a\x1b[0m\n'}
[19.904930] (-) TimerEvent: {}
[19.937112] (multirobot_map_merge) StdoutLine: {'line': b'[ 50%] Built target gtest_main\n'}
[20.005047] (-) TimerEvent: {}
[20.105625] (-) TimerEvent: {}
[20.208248] (-) TimerEvent: {}
[20.313476] (-) TimerEvent: {}
[20.413861] (-) TimerEvent: {}
[20.514267] (-) TimerEvent: {}
[20.614627] (-) TimerEvent: {}
[20.714961] (-) TimerEvent: {}
[20.815956] (-) TimerEvent: {}
[20.916312] (-) TimerEvent: {}
[21.016843] (-) TimerEvent: {}
[21.117304] (-) TimerEvent: {}
[21.217687] (-) TimerEvent: {}
[21.318034] (-) TimerEvent: {}
[21.418389] (-) TimerEvent: {}
[21.518794] (-) TimerEvent: {}
[21.619157] (-) TimerEvent: {}
[21.719509] (-) TimerEvent: {}
[21.819876] (-) TimerEvent: {}
[21.920233] (-) TimerEvent: {}
[22.020602] (-) TimerEvent: {}
[22.120958] (-) TimerEvent: {}
[22.221310] (-) TimerEvent: {}
[22.321638] (-) TimerEvent: {}
[22.422038] (-) TimerEvent: {}
[22.522472] (-) TimerEvent: {}
[22.622847] (-) TimerEvent: {}
[22.723223] (-) TimerEvent: {}
[22.823594] (-) TimerEvent: {}
[22.860977] (multirobot_map_merge) StdoutLine: {'line': b'[ 58%] \x1b[1m\x1b[32mLinking CXX static library libgtest.a\x1b[0m\n'}
[22.923734] (-) TimerEvent: {}
[22.944957] (multirobot_map_merge) StdoutLine: {'line': b'[ 58%] Built target gtest\n'}
[23.023844] (-) TimerEvent: {}
[23.124212] (-) TimerEvent: {}
[23.224593] (-) TimerEvent: {}
[23.324997] (-) TimerEvent: {}
[23.327215] (multirobot_map_merge) StdoutLine: {'line': b'[ 66%] \x1b[1m\x1b[32mLinking CXX static library libcombine_grids.a\x1b[0m\n'}
[23.386112] (multirobot_map_merge) StdoutLine: {'line': b'[ 66%] Built target combine_grids\n'}
[23.399994] (multirobot_map_merge) StdoutLine: {'line': b'[ 83%] \x1b[32mBuilding CXX object CMakeFiles/test_merging_pipeline.dir/test/test_merging_pipeline.cpp.o\x1b[0m\n'}
[23.400255] (multirobot_map_merge) StdoutLine: {'line': b'[ 83%] \x1b[32mBuilding CXX object CMakeFiles/map_merge.dir/src/map_merge.cpp.o\x1b[0m\n'}
[23.425108] (-) TimerEvent: {}
[23.525462] (-) TimerEvent: {}
[23.625867] (-) TimerEvent: {}
[23.726471] (-) TimerEvent: {}
[23.826884] (-) TimerEvent: {}
[23.927301] (-) TimerEvent: {}
[24.027640] (-) TimerEvent: {}
[24.127966] (-) TimerEvent: {}
[24.228280] (-) TimerEvent: {}
[24.328599] (-) TimerEvent: {}
[24.429029] (-) TimerEvent: {}
[24.529457] (-) TimerEvent: {}
[24.629853] (-) TimerEvent: {}
[24.730261] (-) TimerEvent: {}
[24.812667] (explore_lite) StdoutLine: {'line': b'[100%] \x1b[1m\x1b[32mLinking CXX executable explore\x1b[0m\n'}
[24.830391] (-) TimerEvent: {}
[24.930701] (-) TimerEvent: {}
[25.031092] (-) TimerEvent: {}
[25.131468] (-) TimerEvent: {}
[25.231867] (-) TimerEvent: {}
[25.332357] (-) TimerEvent: {}
[25.432791] (-) TimerEvent: {}
[25.533220] (-) TimerEvent: {}
[25.633672] (-) TimerEvent: {}
[25.734134] (-) TimerEvent: {}
[25.834643] (-) TimerEvent: {}
[25.935070] (-) TimerEvent: {}
[26.035444] (-) TimerEvent: {}
[26.135788] (-) TimerEvent: {}
[26.236128] (-) TimerEvent: {}
[26.336455] (-) TimerEvent: {}
[26.436776] (-) TimerEvent: {}
[26.537088] (-) TimerEvent: {}
[26.637423] (-) TimerEvent: {}
[26.737788] (-) TimerEvent: {}
[26.813157] (explore_lite) StdoutLine: {'line': b'[100%] Built target explore\n'}
[26.826594] (explore_lite) CommandEnded: {'returncode': 0}
[26.829118] (explore_lite) JobProgress: {'identifier': 'explore_lite', 'progress': 'install'}
[26.829533] (explore_lite) Command: {'cmd': ['/usr/bin/cmake', '--install', '/home/safal/Desktop/unitreego2nav/build/explore_lite'], 'cwd': '/home/safal/Desktop/unitreego2nav/build/explore_lite', 'env': OrderedDict([('LESSOPEN', '| /usr/bin/lesspipe %s'), ('USER', 'safal'), ('LC_TIME', 'bho_NP'), ('XDG_SESSION_TYPE', 'wayland'), ('SHLVL', '1'), ('LD_LIBRARY_PATH', '/home/safal/Desktop/unitreego2nav/install/explore_lite_msgs/lib:/usr/lib/x86_64-linux-gnu/gazebo-11/plugins:/opt/ros/humble/opt/rviz_ogre_vendor/lib:/opt/ros/humble/lib/x86_64-linux-gnu:/opt/ros/humble/lib'), ('HOME', '/home/safal'), ('CONDA_SHLVL', '0'), ('OLDPWD', '/home/safal'), ('DESKTOP_SESSION', 'ubuntu'), ('ROS_PYTHON_VERSION', '3'), ('GNOME_SHELL_SESSION_MODE', 'ubuntu'), ('GTK_MODULES', 'gail:atk-bridge'), ('LC_MONETARY', 'bho_NP'), ('SYSTEMD_EXEC_PID', '1655'), ('DBUS_SESSION_BUS_ADDRESS', 'unix:path=/run/user/1000/bus'), ('COLORTERM', 'truecolor'), ('_CE_M', ''), ('_CONDA_ROOT', '/home/safal/miniconda3'), ('IM_CONFIG_PHASE', '1'), ('WAYLAND_DISPLAY', 'wayland-0'), ('ROS_DISTRO', 'humble'), ('LOGNAME', 'safal'), ('_', '/usr/bin/colcon'), ('ROS_VERSION', '2'), ('XDG_SESSION_CLASS', 'user'), ('USERNAME', 'safal'), ('TERM', 'xterm-256color'), ('GNOME_DESKTOP_SESSION_ID', 'this-is-deprecated'), ('_CE_CONDA', ''), ('ROS_LOCALHOST_ONLY', '0'), ('PATH', '/opt/ros/humble/bin:/home/safal/miniconda3/condabin:/home/safal/.local/bin:/usr/local/sbin:/usr/local/bin:/usr/sbin:/usr/bin:/sbin:/bin:/usr/games:/usr/local/games:/snap/bin:/snap/bin'), ('SESSION_MANAGER', 'local/safal:@/tmp/.ICE-unix/1615,unix/safal:/tmp/.ICE-unix/1615'), ('XDG_MENU_PREFIX', 'gnome-'), ('LC_ADDRESS', 'bho_NP'), ('GNOME_TERMINAL_SCREEN', '/org/gnome/Terminal/screen/1e56160b_9632_47f5_a587_c3e5614d5f40'), ('GNOME_SETUP_DISPLAY', ':1'), ('COLCON_CMAKE_ARGS', '-DCMAKE_POLICY_VERSION_MINIMUM=3.5'), ('XDG_RUNTIME_DIR', '/run/user/1000'), ('DISPLAY', ':0'), ('LANG', 'en_US.UTF-8'), ('XDG_CURRENT_DESKTOP', 'ubuntu:GNOME'), ('LC_TELEPHONE', 'bho_NP'), ('XMODIFIERS', '@im=ibus'), ('XDG_SESSION_DESKTOP', 'ubuntu'), ('XAUTHORITY', '/run/user/1000/.mutter-Xwaylandauth.TNARR3'), ('LS_COLORS', 'rs=0:di=01;34:ln=01;36:mh=00:pi=40;33:so=01;35:do=01;35:bd=40;33;01:cd=40;33;01:or=40;31;01:mi=00:su=37;41:sg=30;43:ca=30;41:tw=30;42:ow=34;42:st=37;44:ex=01;32:*.tar=01;31:*.tgz=01;31:*.arc=01;31:*.arj=01;31:*.taz=01;31:*.lha=01;31:*.lz4=01;31:*.lzh=01;31:*.lzma=01;31:*.tlz=01;31:*.txz=01;31:*.tzo=01;31:*.t7z=01;31:*.zip=01;31:*.z=01;31:*.dz=01;31:*.gz=01;31:*.lrz=01;31:*.lz=01;31:*.lzo=01;31:*.xz=01;31:*.zst=01;31:*.tzst=01;31:*.bz2=01;31:*.bz=01;31:*.tbz=01;31:*.tbz2=01;31:*.tz=01;31:*.deb=01;31:*.rpm=01;31:*.jar=01;31:*.war=01;31:*.ear=01;31:*.sar=01;31:*.rar=01;31:*.alz=01;31:*.ace=01;31:*.zoo=01;31:*.cpio=01;31:*.7z=01;31:*.rz=01;31:*.cab=01;31:*.wim=01;31:*.swm=01;31:*.dwm=01;31:*.esd=01;31:*.jpg=01;35:*.jpeg=01;35:*.mjpg=01;35:*.mjpeg=01;35:*.gif=01;35:*.bmp=01;35:*.pbm=01;35:*.pgm=01;35:*.ppm=01;35:*.tga=01;35:*.xbm=01;35:*.xpm=01;35:*.tif=01;35:*.tiff=01;35:*.png=01;35:*.svg=01;35:*.svgz=01;35:*.mng=01;35:*.pcx=01;35:*.mov=01;35:*.mpg=01;35:*.mpeg=01;35:*.m2v=01;35:*.mkv=01;35:*.webm=01;35:*.webp=01;35:*.ogm=01;35:*.mp4=01;35:*.m4v=01;35:*.mp4v=01;35:*.vob=01;35:*.qt=01;35:*.nuv=01;35:*.wmv=01;35:*.asf=01;35:*.rm=01;35:*.rmvb=01;35:*.flc=01;35:*.avi=01;35:*.fli=01;35:*.flv=01;35:*.gl=01;35:*.dl=01;35:*.xcf=01;35:*.xwd=01;35:*.yuv=01;35:*.cgm=01;35:*.emf=01;35:*.ogv=01;35:*.ogx=01;35:*.aac=00;36:*.au=00;36:*.flac=00;36:*.m4a=00;36:*.mid=00;36:*.midi=00;36:*.mka=00;36:*.mp3=00;36:*.mpc=00;36:*.ogg=00;36:*.ra=00;36:*.wav=00;36:*.oga=00;36:*.opus=00;36:*.spx=00;36:*.xspf=00;36:'), ('GNOME_TERMINAL_SERVICE', ':1.385'), ('SSH_AGENT_LAUNCHER', 'gnome-keyring'), ('SSH_AUTH_SOCK', '/run/user/1000/keyring/ssh'), ('AMENT_PREFIX_PATH', '/home/safal/Desktop/unitreego2nav/install/explore_lite_msgs:/opt/ros/humble'), ('CONDA_PYTHON_EXE', '/home/safal/miniconda3/bin/python'), ('SHELL', '/bin/bash'), ('LC_NAME', 'bho_NP'), ('QT_ACCESSIBILITY', '1'), ('GDMSESSION', 'ubuntu'), ('LESSCLOSE', '/usr/bin/lesspipe %s %s'), ('LC_MEASUREMENT', 'bho_NP'), ('_CONDA_EXE', '/home/safal/miniconda3/bin/conda'), ('LC_IDENTIFICATION', 'bho_NP'), ('QT_IM_MODULE', 'ibus'), ('PWD', '/home/safal/Desktop/unitreego2nav/build/explore_lite'), ('LC_ALL', 'en_US.UTF-8'), ('XDG_CONFIG_DIRS', '/etc/xdg/xdg-ubuntu:/etc/xdg'), ('CONDA_EXE', '/home/safal/miniconda3/bin/conda'), ('XDG_DATA_DIRS', '/usr/share/ubuntu:/usr/local/share/:/usr/share/:/var/lib/snapd/desktop'), ('PYTHONPATH', '/home/safal/Desktop/unitreego2nav/install/explore_lite_msgs/local/lib/python3.10/dist-packages:/opt/ros/humble/lib/python3.10/site-packages:/opt/ros/humble/local/lib/python3.10/dist-packages'), ('LC_NUMERIC', 'bho_NP'), ('LC_PAPER', 'bho_NP'), ('COLCON', '1'), ('VTE_VERSION', '6800'), ('CMAKE_PREFIX_PATH', '/home/safal/Desktop/unitreego2nav/install/explore_lite_msgs:/opt/ros/humble')]), 'shell': False}
[26.835117] (explore_lite) StdoutLine: {'line': b'-- Install configuration: ""\n'}
[26.835620] (explore_lite) StdoutLine: {'line': b'-- Installing: /home/safal/Desktop/unitreego2nav/install/explore_lite/include/explore/\n'}
[26.836228] (explore_lite) StdoutLine: {'line': b'-- Installing: /home/safal/Desktop/unitreego2nav/install/explore_lite/include/explore//costmap_tools.h\n'}
[26.836546] (explore_lite) StdoutLine: {'line': b'-- Installing: /home/safal/Desktop/unitreego2nav/install/explore_lite/include/explore//costmap_client.h\n'}
[26.836762] (explore_lite) StdoutLine: {'line': b'-- Installing: /home/safal/Desktop/unitreego2nav/install/explore_lite/include/explore//explore.h\n'}
[26.836942] (explore_lite) StdoutLine: {'line': b'-- Installing: /home/safal/Desktop/unitreego2nav/install/explore_lite/include/explore//frontier_search.h\n'}
[26.837116] (explore_lite) StdoutLine: {'line': b'-- Installing: /home/safal/Desktop/unitreego2nav/install/explore_lite/share/explore_lite/config\n'}
[26.837300] (explore_lite) StdoutLine: {'line': b'-- Installing: /home/safal/Desktop/unitreego2nav/install/explore_lite/share/explore_lite/config/params.yaml\n'}
[26.837488] (explore_lite) StdoutLine: {'line': b'-- Installing: /home/safal/Desktop/unitreego2nav/install/explore_lite/share/explore_lite/config/params_costmap.yaml\n'}
[26.837680] (explore_lite) StdoutLine: {'line': b'-- Installing: /home/safal/Desktop/unitreego2nav/install/explore_lite/share/explore_lite/launch\n'}
[26.837843] (-) TimerEvent: {}
[26.838009] (explore_lite) StdoutLine: {'line': b'-- Installing: /home/safal/Desktop/unitreego2nav/install/explore_lite/share/explore_lite/launch/explore.launch.py\n'}
[26.838197] (explore_lite) StdoutLine: {'line': b'-- Installing: /home/safal/Desktop/unitreego2nav/install/explore_lite/lib/explore_lite/explore\n'}
[26.844529] (explore_lite) StdoutLine: {'line': b'-- Set non-toolchain portion of runtime path of "/home/safal/Desktop/unitreego2nav/install/explore_lite/lib/explore_lite/explore" to ""\n'}
[26.844847] (explore_lite) StdoutLine: {'line': b'-- Installing: /home/safal/Desktop/unitreego2nav/install/explore_lite/share/ament_index/resource_index/package_run_dependencies/explore_lite\n'}
[26.845057] (explore_lite) StdoutLine: {'line': b'-- Installing: /home/safal/Desktop/unitreego2nav/install/explore_lite/share/ament_index/resource_index/parent_prefix_path/explore_lite\n'}
[26.845246] (explore_lite) StdoutLine: {'line': b'-- Installing: /home/safal/Desktop/unitreego2nav/install/explore_lite/share/explore_lite/environment/ament_prefix_path.sh\n'}
[26.845411] (explore_lite) StdoutLine: {'line': b'-- Installing: /home/safal/Desktop/unitreego2nav/install/explore_lite/share/explore_lite/environment/ament_prefix_path.dsv\n'}
[26.845644] (explore_lite) StdoutLine: {'line': b'-- Installing: /home/safal/Desktop/unitreego2nav/install/explore_lite/share/explore_lite/environment/path.sh\n'}
[26.845970] (explore_lite) StdoutLine: {'line': b'-- Installing: /home/safal/Desktop/unitreego2nav/install/explore_lite/share/explore_lite/environment/path.dsv\n'}
[26.846198] (explore_lite) StdoutLine: {'line': b'-- Installing: /home/safal/Desktop/unitreego2nav/install/explore_lite/share/explore_lite/local_setup.bash\n'}
[26.846392] (explore_lite) StdoutLine: {'line': b'-- Installing: /home/safal/Desktop/unitreego2nav/install/explore_lite/share/explore_lite/local_setup.sh\n'}
[26.846602] (explore_lite) StdoutLine: {'line': b'-- Installing: /home/safal/Desktop/unitreego2nav/install/explore_lite/share/explore_lite/local_setup.zsh\n'}
[26.846828] (explore_lite) StdoutLine: {'line': b'-- Installing: /home/safal/Desktop/unitreego2nav/install/explore_lite/share/explore_lite/local_setup.dsv\n'}
[26.847022] (explore_lite) StdoutLine: {'line': b'-- Installing: /home/safal/Desktop/unitreego2nav/install/explore_lite/share/explore_lite/package.dsv\n'}
[26.847258] (explore_lite) StdoutLine: {'line': b'-- Installing: /home/safal/Desktop/unitreego2nav/install/explore_lite/share/ament_index/resource_index/packages/explore_lite\n'}
[26.847436] (explore_lite) StdoutLine: {'line': b'-- Installing: /home/safal/Desktop/unitreego2nav/install/explore_lite/share/explore_lite/cmake/ament_cmake_export_dependencies-extras.cmake\n'}
[26.847651] (explore_lite) StdoutLine: {'line': b'-- Installing: /home/safal/Desktop/unitreego2nav/install/explore_lite/share/explore_lite/cmake/ament_cmake_export_include_directories-extras.cmake\n'}
[26.847885] (explore_lite) StdoutLine: {'line': b'-- Installing: /home/safal/Desktop/unitreego2nav/install/explore_lite/share/explore_lite/cmake/explore_liteConfig.cmake\n'}
[26.848094] (explore_lite) StdoutLine: {'line': b'-- Installing: /home/safal/Desktop/unitreego2nav/install/explore_lite/share/explore_lite/cmake/explore_liteConfig-version.cmake\n'}
[26.848306] (explore_lite) StdoutLine: {'line': b'-- Installing: /home/safal/Desktop/unitreego2nav/install/explore_lite/share/explore_lite/package.xml\n'}
[26.850112] (explore_lite) CommandEnded: {'returncode': 0}
[26.870233] (explore_lite) JobEnded: {'identifier': 'explore_lite', 'rc': 0}
[26.937980] (-) TimerEvent: {}
[27.038345] (-) TimerEvent: {}
[27.138742] (-) TimerEvent: {}
[27.239129] (-) TimerEvent: {}
[27.339543] (-) TimerEvent: {}
[27.439980] (-) TimerEvent: {}
[27.540373] (-) TimerEvent: {}
[27.640742] (-) TimerEvent: {}
[27.741065] (-) TimerEvent: {}
[27.841517] (-) TimerEvent: {}
[27.941932] (-) TimerEvent: {}
[28.042291] (-) TimerEvent: {}
[28.142657] (-) TimerEvent: {}
[28.242950] (-) TimerEvent: {}
[28.343303] (-) TimerEvent: {}
[28.443682] (-) TimerEvent: {}
[28.544024] (-) TimerEvent: {}
[28.644347] (-) TimerEvent: {}
[28.744701] (-) TimerEvent: {}
[28.845018] (-) TimerEvent: {}
[28.945298] (-) TimerEvent: {}
[29.045626] (-) TimerEvent: {}
[29.131551] (multirobot_map_merge) StdoutLine: {'line': b'[ 91%] \x1b[1m\x1b[32mLinking CXX executable test_merging_pipeline\x1b[0m\n'}
[29.145723] (-) TimerEvent: {}
[29.246085] (-) TimerEvent: {}
[29.346448] (-) TimerEvent: {}
[29.446823] (-) TimerEvent: {}
[29.547122] (-) TimerEvent: {}
[29.647489] (-) TimerEvent: {}
[29.747848] (-) TimerEvent: {}
[29.848190] (-) TimerEvent: {}
[29.853151] (multirobot_map_merge) StdoutLine: {'line': b'[ 91%] Built target test_merging_pipeline\n'}
[29.948314] (-) TimerEvent: {}
[30.048660] (-) TimerEvent: {}
[30.148975] (-) TimerEvent: {}
[30.249345] (-) TimerEvent: {}
[30.349687] (-) TimerEvent: {}
[30.450032] (-) TimerEvent: {}
[30.550346] (-) TimerEvent: {}
[30.650778] (-) TimerEvent: {}
[30.751115] (-) TimerEvent: {}
[30.851447] (-) TimerEvent: {}
[30.951787] (-) TimerEvent: {}
[31.052146] (-) TimerEvent: {}
[31.152497] (-) TimerEvent: {}
[31.252875] (-) TimerEvent: {}
[31.353236] (-) TimerEvent: {}
[31.453578] (-) TimerEvent: {}
[31.553902] (-) TimerEvent: {}
[31.654218] (-) TimerEvent: {}
[31.754539] (-) TimerEvent: {}
[31.854897] (-) TimerEvent: {}
[31.955426] (-) TimerEvent: {}
[32.055913] (-) TimerEvent: {}
[32.156353] (-) TimerEvent: {}
[32.256811] (-) TimerEvent: {}
[32.357188] (-) TimerEvent: {}
[32.457640] (-) TimerEvent: {}
[32.558060] (-) TimerEvent: {}
[32.658518] (-) TimerEvent: {}
[32.758958] (-) TimerEvent: {}
[32.859351] (-) TimerEvent: {}
[32.959804] (-) TimerEvent: {}
[33.060199] (-) TimerEvent: {}
[33.160657] (-) TimerEvent: {}
[33.261084] (-) TimerEvent: {}
[33.361460] (-) TimerEvent: {}
[33.461903] (-) TimerEvent: {}
[33.562291] (-) TimerEvent: {}
[33.662720] (-) TimerEvent: {}
[33.763131] (-) TimerEvent: {}
[33.863485] (-) TimerEvent: {}
[33.963904] (-) TimerEvent: {}
[34.064288] (-) TimerEvent: {}
[34.164648] (-) TimerEvent: {}
[34.265044] (-) TimerEvent: {}
[34.365430] (-) TimerEvent: {}
[34.465788] (-) TimerEvent: {}
[34.566200] (-) TimerEvent: {}
[34.666596] (-) TimerEvent: {}
[34.766977] (-) TimerEvent: {}
[34.867369] (-) TimerEvent: {}
[34.967730] (-) TimerEvent: {}
[35.068103] (-) TimerEvent: {}
[35.168478] (-) TimerEvent: {}
[35.268879] (-) TimerEvent: {}
[35.369236] (-) TimerEvent: {}
[35.469597] (-) TimerEvent: {}
[35.569935] (-) TimerEvent: {}
[35.670305] (-) TimerEvent: {}
[35.770682] (-) TimerEvent: {}
[35.871024] (-) TimerEvent: {}
[35.971376] (-) TimerEvent: {}
[36.071802] (-) TimerEvent: {}
[36.172171] (-) TimerEvent: {}
[36.272559] (-) TimerEvent: {}
[36.372927] (-) TimerEvent: {}
[36.473353] (-) TimerEvent: {}
[36.573762] (-) TimerEvent: {}
[36.674078] (-) TimerEvent: {}
[36.774430] (-) TimerEvent: {}
[36.874776] (-) TimerEvent: {}
[36.975113] (-) TimerEvent: {}
[37.075439] (-) TimerEvent: {}
[37.175793] (-) TimerEvent: {}
[37.176756] (multirobot_map_merge) StdoutLine: {'line': b'[100%] \x1b[1m\x1b[32mLinking CXX executable map_merge\x1b[0m\n'}
[37.275920] (-) TimerEvent: {}
[37.376318] (-) TimerEvent: {}
[37.476705] (-) TimerEvent: {}
[37.577166] (-) TimerEvent: {}
[37.677614] (-) TimerEvent: {}
[37.778029] (-) TimerEvent: {}
[37.878502] (-) TimerEvent: {}
[37.978848] (-) TimerEvent: {}
[38.079263] (-) TimerEvent: {}
[38.096124] (multirobot_map_merge) StdoutLine: {'line': b'[100%] Built target map_merge\n'}
[38.107187] (multirobot_map_merge) CommandEnded: {'returncode': 0}
[38.108999] (multirobot_map_merge) JobProgress: {'identifier': 'multirobot_map_merge', 'progress': 'install'}
[38.109330] (multirobot_map_merge) Command: {'cmd': ['/usr/bin/cmake', '--install', '/home/safal/Desktop/unitreego2nav/build/multirobot_map_merge'], 'cwd': '/home/safal/Desktop/unitreego2nav/build/multirobot_map_merge', 'env': OrderedDict([('LESSOPEN', '| /usr/bin/lesspipe %s'), ('USER', 'safal'), ('LC_TIME', 'bho_NP'), ('XDG_SESSION_TYPE', 'wayland'), ('SHLVL', '1'), ('LD_LIBRARY_PATH', '/usr/lib/x86_64-linux-gnu/gazebo-11/plugins:/opt/ros/humble/opt/rviz_ogre_vendor/lib:/opt/ros/humble/lib/x86_64-linux-gnu:/opt/ros/humble/lib'), ('HOME', '/home/safal'), ('CONDA_SHLVL', '0'), ('OLDPWD', '/home/safal'), ('DESKTOP_SESSION', 'ubuntu'), ('ROS_PYTHON_VERSION', '3'), ('GNOME_SHELL_SESSION_MODE', 'ubuntu'), ('GTK_MODULES', 'gail:atk-bridge'), ('LC_MONETARY', 'bho_NP'), ('SYSTEMD_EXEC_PID', '1655'), ('DBUS_SESSION_BUS_ADDRESS', 'unix:path=/run/user/1000/bus'), ('COLORTERM', 'truecolor'), ('_CE_M', ''), ('_CONDA_ROOT', '/home/safal/miniconda3'), ('IM_CONFIG_PHASE', '1'), ('WAYLAND_DISPLAY', 'wayland-0'), ('ROS_DISTRO', 'humble'), ('LOGNAME', 'safal'), ('_', '/usr/bin/colcon'), ('ROS_VERSION', '2'), ('XDG_SESSION_CLASS', 'user'), ('USERNAME', 'safal'), ('TERM', 'xterm-256color'), ('GNOME_DESKTOP_SESSION_ID', 'this-is-deprecated'), ('_CE_CONDA', ''), ('ROS_LOCALHOST_ONLY', '0'), ('PATH', '/opt/ros/humble/bin:/home/safal/miniconda3/condabin:/home/safal/.local/bin:/usr/local/sbin:/usr/local/bin:/usr/sbin:/usr/bin:/sbin:/bin:/usr/games:/usr/local/games:/snap/bin:/snap/bin'), ('SESSION_MANAGER', 'local/safal:@/tmp/.ICE-unix/1615,unix/safal:/tmp/.ICE-unix/1615'), ('XDG_MENU_PREFIX', 'gnome-'), ('LC_ADDRESS', 'bho_NP'), ('GNOME_TERMINAL_SCREEN', '/org/gnome/Terminal/screen/1e56160b_9632_47f5_a587_c3e5614d5f40'), ('GNOME_SETUP_DISPLAY', ':1'), ('COLCON_CMAKE_ARGS', '-DCMAKE_POLICY_VERSION_MINIMUM=3.5'), ('XDG_RUNTIME_DIR', '/run/user/1000'), ('DISPLAY', ':0'), ('LANG', 'en_US.UTF-8'), ('XDG_CURRENT_DESKTOP', 'ubuntu:GNOME'), ('LC_TELEPHONE', 'bho_NP'), ('XMODIFIERS', '@im=ibus'), ('XDG_SESSION_DESKTOP', 'ubuntu'), ('XAUTHORITY', '/run/user/1000/.mutter-Xwaylandauth.TNARR3'), ('LS_COLORS', 'rs=0:di=01;34:ln=01;36:mh=00:pi=40;33:so=01;35:do=01;35:bd=40;33;01:cd=40;33;01:or=40;31;01:mi=00:su=37;41:sg=30;43:ca=30;41:tw=30;42:ow=34;42:st=37;44:ex=01;32:*.tar=01;31:*.tgz=01;31:*.arc=01;31:*.arj=01;31:*.taz=01;31:*.lha=01;31:*.lz4=01;31:*.lzh=01;31:*.lzma=01;31:*.tlz=01;31:*.txz=01;31:*.tzo=01;31:*.t7z=01;31:*.zip=01;31:*.z=01;31:*.dz=01;31:*.gz=01;31:*.lrz=01;31:*.lz=01;31:*.lzo=01;31:*.xz=01;31:*.zst=01;31:*.tzst=01;31:*.bz2=01;31:*.bz=01;31:*.tbz=01;31:*.tbz2=01;31:*.tz=01;31:*.deb=01;31:*.rpm=01;31:*.jar=01;31:*.war=01;31:*.ear=01;31:*.sar=01;31:*.rar=01;31:*.alz=01;31:*.ace=01;31:*.zoo=01;31:*.cpio=01;31:*.7z=01;31:*.rz=01;31:*.cab=01;31:*.wim=01;31:*.swm=01;31:*.dwm=01;31:*.esd=01;31:*.jpg=01;35:*.jpeg=01;35:*.mjpg=01;35:*.mjpeg=01;35:*.gif=01;35:*.bmp=01;35:*.pbm=01;35:*.pgm=01;35:*.ppm=01;35:*.tga=01;35:*.xbm=01;35:*.xpm=01;35:*.tif=01;35:*.tiff=01;35:*.png=01;35:*.svg=01;35:*.svgz=01;35:*.mng=01;35:*.pcx=01;35:*.mov=01;35:*.mpg=01;35:*.mpeg=01;35:*.m2v=01;35:*.mkv=01;35:*.webm=01;35:*.webp=01;35:*.ogm=01;35:*.mp4=01;35:*.m4v=01;35:*.mp4v=01;35:*.vob=01;35:*.qt=01;35:*.nuv=01;35:*.wmv=01;35:*.asf=01;35:*.rm=01;35:*.rmvb=01;35:*.flc=01;35:*.avi=01;35:*.fli=01;35:*.flv=01;35:*.gl=01;35:*.dl=01;35:*.xcf=01;35:*.xwd=01;35:*.yuv=01;35:*.cgm=01;35:*.emf=01;35:*.ogv=01;35:*.ogx=01;35:*.aac=00;36:*.au=00;36:*.flac=00;36:*.m4a=00;36:*.mid=00;36:*.midi=00;36:*.mka=00;36:*.mp3=00;36:*.mpc=00;36:*.ogg=00;36:*.ra=00;36:*.wav=00;36:*.oga=00;36:*.opus=00;36:*.spx=00;36:*.xspf=00;36:'), ('GNOME_TERMINAL_SERVICE', ':1.385'), ('SSH_AGENT_LAUNCHER', 'gnome-keyring'), ('SSH_AUTH_SOCK', '/run/user/1000/keyring/ssh'), ('AMENT_PREFIX_PATH', '/opt/ros/humble'), ('CONDA_PYTHON_EXE', '/home/safal/miniconda3/bin/python'), ('SHELL', '/bin/bash'), ('LC_NAME', 'bho_NP'), ('QT_ACCESSIBILITY', '1'), ('GDMSESSION', 'ubuntu'), ('LESSCLOSE', '/usr/bin/lesspipe %s %s'), ('LC_MEASUREMENT', 'bho_NP'), ('_CONDA_EXE', '/home/safal/miniconda3/bin/conda'), ('LC_IDENTIFICATION', 'bho_NP'), ('QT_IM_MODULE', 'ibus'), ('PWD', '/home/safal/Desktop/unitreego2nav/build/multirobot_map_merge'), ('LC_ALL', 'en_US.UTF-8'), ('XDG_CONFIG_DIRS', '/etc/xdg/xdg-ubuntu:/etc/xdg'), ('CONDA_EXE', '/home/safal/miniconda3/bin/conda'), ('XDG_DATA_DIRS', '/usr/share/ubuntu:/usr/local/share/:/usr/share/:/var/lib/snapd/desktop'), ('PYTHONPATH', '/opt/ros/humble/lib/python3.10/site-packages:/opt/ros/humble/local/lib/python3.10/dist-packages'), ('LC_NUMERIC', 'bho_NP'), ('LC_PAPER', 'bho_NP'), ('COLCON', '1'), ('VTE_VERSION', '6800'), ('CMAKE_PREFIX_PATH', '/opt/ros/humble')]), 'shell': False}
[38.114788] (multirobot_map_merge) StdoutLine: {'line': b'-- Install configuration: ""\n'}
[38.115111] (multirobot_map_merge) StdoutLine: {'line': b'-- Installing: /home/safal/Desktop/unitreego2nav/install/multirobot_map_merge/include/map_merge/\n'}
[38.115309] (multirobot_map_merge) StdoutLine: {'line': b'-- Installing: /home/safal/Desktop/unitreego2nav/install/multirobot_map_merge/include/map_merge//map_merge.h\n'}
[38.115534] (multirobot_map_merge) StdoutLine: {'line': b'-- Installing: /home/safal/Desktop/unitreego2nav/install/multirobot_map_merge/include/map_merge//ros1_names.hpp\n'}
[38.115766] (multirobot_map_merge) StdoutLine: {'line': b'-- Installing: /home/safal/Desktop/unitreego2nav/install/multirobot_map_merge/share/multirobot_map_merge/launch\n'}
[38.116087] (multirobot_map_merge) StdoutLine: {'line': b'-- Installing: /home/safal/Desktop/unitreego2nav/install/multirobot_map_merge/share/multirobot_map_merge/launch/from_map_server.launch.py\n'}
[38.116472] (multirobot_map_merge) StdoutLine: {'line': b'-- Installing: /home/safal/Desktop/unitreego2nav/install/multirobot_map_merge/share/multirobot_map_merge/launch/map_merge.launch.py\n'}
[38.116723] (multirobot_map_merge) StdoutLine: {'line': b'-- Installing: /home/safal/Desktop/unitreego2nav/install/multirobot_map_merge/share/multirobot_map_merge/launch/map_merge.rviz\n'}
[38.116995] (multirobot_map_merge) StdoutLine: {'line': b'-- Installing: /home/safal/Desktop/unitreego2nav/install/multirobot_map_merge/share/multirobot_map_merge/launch/tb3_simulation\n'}
[38.117225] (multirobot_map_merge) StdoutLine: {'line': b'-- Installing: /home/safal/Desktop/unitreego2nav/install/multirobot_map_merge/share/multirobot_map_merge/launch/tb3_simulation/bringup_launch.py\n'}
[38.117485] (multirobot_map_merge) StdoutLine: {'line': b'-- Installing: /home/safal/Desktop/unitreego2nav/install/multirobot_map_merge/share/multirobot_map_merge/launch/tb3_simulation/slam_toolbox.py\n'}
[38.117762] (multirobot_map_merge) StdoutLine: {'line': b'-- Installing: /home/safal/Desktop/unitreego2nav/install/multirobot_map_merge/share/multirobot_map_merge/launch/tb3_simulation/config\n'}
[38.117960] (multirobot_map_merge) StdoutLine: {'line': b'-- Installing: /home/safal/Desktop/unitreego2nav/install/multirobot_map_merge/share/multirobot_map_merge/launch/tb3_simulation/config/nav2_multirobot_params_1.yaml\n'}
[38.118254] (multirobot_map_merge) StdoutLine: {'line': b'-- Installing: /home/safal/Desktop/unitreego2nav/install/multirobot_map_merge/share/multirobot_map_merge/launch/tb3_simulation/config/nav2_multirobot_params_2.yaml\n'}
[38.118534] (multirobot_map_merge) StdoutLine: {'line': b'-- Installing: /home/safal/Desktop/unitreego2nav/install/multirobot_map_merge/share/multirobot_map_merge/launch/tb3_simulation/tb3_simulation_launch.py\n'}
[38.118875] (multirobot_map_merge) StdoutLine: {'line': b'-- Installing: /home/safal/Desktop/unitreego2nav/install/multirobot_map_merge/share/multirobot_map_merge/launch/tb3_simulation/multi_tb3_simulation_launch.py\n'}
[38.119125] (multirobot_map_merge) StdoutLine: {'line': b'-- Installing: /home/safal/Desktop/unitreego2nav/install/multirobot_map_merge/share/multirobot_map_merge/launch/tb3_simulation/worlds\n'}
[38.119315] (multirobot_map_merge) StdoutLine: {'line': b'-- Installing: /home/safal/Desktop/unitreego2nav/install/multirobot_map_merge/share/multirobot_map_merge/launch/tb3_simulation/worlds/world_only.model\n'}
[38.119578] (multirobot_map_merge) StdoutLine: {'line': b'-- Installing: /home/safal/Desktop/unitreego2nav/install/multirobot_map_merge/share/multirobot_map_merge/config\n'}
[38.119786] (multirobot_map_merge) StdoutLine: {'line': b'-- Installing: /home/safal/Desktop/unitreego2nav/install/multirobot_map_merge/share/multirobot_map_merge/config/params.yaml\n'}
[38.120128] (multirobot_map_merge) StdoutLine: {'line': b'-- Installing: /home/safal/Desktop/unitreego2nav/install/multirobot_map_merge/lib/libcombine_grids.a\n'}
[38.121693] (multirobot_map_merge) StdoutLine: {'line': b'-- Installing: /home/safal/Desktop/unitreego2nav/install/multirobot_map_merge/lib/multirobot_map_merge/map_merge\n'}
[38.129037] (multirobot_map_merge) StdoutLine: {'line': b'-- Set non-toolchain portion of runtime path of "/home/safal/Desktop/unitreego2nav/install/multirobot_map_merge/lib/multirobot_map_merge/map_merge" to ""\n'}
[38.129304] (multirobot_map_merge) StdoutLine: {'line': b'-- Installing: /home/safal/Desktop/unitreego2nav/install/multirobot_map_merge/share/multirobot_map_merge/environment/library_path.sh\n'}
[38.129648] (multirobot_map_merge) StdoutLine: {'line': b'-- Installing: /home/safal/Desktop/unitreego2nav/install/multirobot_map_merge/share/multirobot_map_merge/environment/library_path.dsv\n'}
[38.130034] (multirobot_map_merge) StdoutLine: {'line': b'-- Installing: /home/safal/Desktop/unitreego2nav/install/multirobot_map_merge/share/ament_index/resource_index/package_run_dependencies/multirobot_map_merge\n'}
[38.130360] (multirobot_map_merge) StdoutLine: {'line': b'-- Installing: /home/safal/Desktop/unitreego2nav/install/multirobot_map_merge/share/ament_index/resource_index/parent_prefix_path/multirobot_map_merge\n'}
[38.130644] (multirobot_map_merge) StdoutLine: {'line': b'-- Installing: /home/safal/Desktop/unitreego2nav/install/multirobot_map_merge/share/multirobot_map_merge/environment/ament_prefix_path.sh\n'}
[38.130861] (multirobot_map_merge) StdoutLine: {'line': b'-- Installing: /home/safal/Desktop/unitreego2nav/install/multirobot_map_merge/share/multirobot_map_merge/environment/ament_prefix_path.dsv\n'}
[38.131147] (multirobot_map_merge) StdoutLine: {'line': b'-- Installing: /home/safal/Desktop/unitreego2nav/install/multirobot_map_merge/share/multirobot_map_merge/environment/path.sh\n'}
[38.131364] (multirobot_map_merge) StdoutLine: {'line': b'-- Installing: /home/safal/Desktop/unitreego2nav/install/multirobot_map_merge/share/multirobot_map_merge/environment/path.dsv\n'}
[38.131639] (multirobot_map_merge) StdoutLine: {'line': b'-- Installing: /home/safal/Desktop/unitreego2nav/install/multirobot_map_merge/share/multirobot_map_merge/local_setup.bash\n'}
[38.131917] (multirobot_map_merge) StdoutLine: {'line': b'-- Installing: /home/safal/Desktop/unitreego2nav/install/multirobot_map_merge/share/multirobot_map_merge/local_setup.sh\n'}
[38.132170] (multirobot_map_merge) StdoutLine: {'line': b'-- Installing: /home/safal/Desktop/unitreego2nav/install/multirobot_map_merge/share/multirobot_map_merge/local_setup.zsh\n'}
[38.132432] (multirobot_map_merge) StdoutLine: {'line': b'-- Installing: /home/safal/Desktop/unitreego2nav/install/multirobot_map_merge/share/multirobot_map_merge/local_setup.dsv\n'}
[38.132718] (multirobot_map_merge) StdoutLine: {'line': b'-- Installing: /home/safal/Desktop/unitreego2nav/install/multirobot_map_merge/share/multirobot_map_merge/package.dsv\n'}
[38.133025] (multirobot_map_merge) StdoutLine: {'line': b'-- Installing: /home/safal/Desktop/unitreego2nav/install/multirobot_map_merge/share/ament_index/resource_index/packages/multirobot_map_merge\n'}
[38.133292] (multirobot_map_merge) StdoutLine: {'line': b'-- Installing: /home/safal/Desktop/unitreego2nav/install/multirobot_map_merge/share/multirobot_map_merge/cmake/ament_cmake_export_include_directories-extras.cmake\n'}
[38.133537] (multirobot_map_merge) StdoutLine: {'line': b'-- Installing: /home/safal/Desktop/unitreego2nav/install/multirobot_map_merge/share/multirobot_map_merge/cmake/ament_cmake_export_libraries-extras.cmake\n'}
[38.133852] (multirobot_map_merge) StdoutLine: {'line': b'-- Installing: /home/safal/Desktop/unitreego2nav/install/multirobot_map_merge/share/multirobot_map_merge/cmake/multirobot_map_mergeConfig.cmake\n'}
[38.134107] (multirobot_map_merge) StdoutLine: {'line': b'-- Installing: /home/safal/Desktop/unitreego2nav/install/multirobot_map_merge/share/multirobot_map_merge/cmake/multirobot_map_mergeConfig-version.cmake\n'}
[38.134358] (multirobot_map_merge) StdoutLine: {'line': b'-- Installing: /home/safal/Desktop/unitreego2nav/install/multirobot_map_merge/share/multirobot_map_merge/package.xml\n'}
[38.136364] (multirobot_map_merge) CommandEnded: {'returncode': 0}
[38.152853] (multirobot_map_merge) JobEnded: {'identifier': 'multirobot_map_merge', 'rc': 0}
[38.164682] (-) EventReactorShutdown: {}
