[0.000000] (-) TimerEvent: {}
[0.000660] (cyclonedds) JobQueued: {'identifier': 'cyclonedds', 'dependencies': OrderedDict()}
[0.001194] (explore_lite_msgs) JobQueued: {'identifier': 'explore_lite_msgs', 'dependencies': OrderedDict()}
[0.001413] (go2_nav) JobQueued: {'identifier': 'go2_nav', 'dependencies': OrderedDict()}
[0.001659] (go2_vision) JobQueued: {'identifier': 'go2_vision', 'dependencies': OrderedDict()}
[0.001748] (multirobot_map_merge) JobQueued: {'identifier': 'multirobot_map_merge', 'dependencies': OrderedDict()}
[0.001818] (explore_lite) JobQueued: {'identifier': 'explore_lite', 'dependencies': OrderedDict([('explore_lite_msgs', '/workspace/install/explore_lite_msgs')])}
[0.001906] (unitree_sdk2py) JobQueued: {'identifier': 'unitree_sdk2py', 'dependencies': OrderedDict([('cyclonedds', '/workspace/install/cyclonedds')])}
[0.001974] (cyclonedds) JobStarted: {'identifier': 'cyclonedds'}
[0.014101] (explore_lite_msgs) JobStarted: {'identifier': 'explore_lite_msgs'}
[0.020616] (go2_nav) JobStarted: {'identifier': 'go2_nav'}
[0.029735] (go2_vision) JobStarted: {'identifier': 'go2_vision'}
[0.037515] (multirobot_map_merge) JobStarted: {'identifier': 'multirobot_map_merge'}
[0.045815] (cyclonedds) JobProgress: {'identifier': 'cyclonedds', 'progress': 'cmake'}
[0.046730] (cyclonedds) JobProgress: {'identifier': 'cyclonedds', 'progress': 'build'}
[0.047682] (cyclonedds) Command: {'cmd': ['/usr/bin/cmake', '--build', '/workspace/build/cyclonedds', '--', '-j8', '-l8'], 'cwd': '/workspace/build/cyclonedds', 'env': OrderedDict([('HOSTNAME', 'ubuntu'), ('SHLVL', '2'), ('LD_LIBRARY_PATH', '/workspace/install/multirobot_map_merge/lib:/workspace/install/explore_lite_msgs/lib:/workspace/install/cyclonedds/lib:/opt/ros/humble/opt/rviz_ogre_vendor/lib:/opt/ros/humble/lib/aarch64-linux-gnu:/opt/ros/humble/lib'), ('HOME', '/root'), ('OLDPWD', '/workspace'), ('ROS_PYTHON_VERSION', '3'), ('COLCON_PREFIX_PATH', '/workspace/install'), ('ROS_DISTRO', 'humble'), ('_', '/usr/bin/colcon'), ('ROS_VERSION', '2'), ('PKG_CONFIG_PATH', '/workspace/install/cyclonedds/lib/aarch64-linux-gnu/pkgconfig:/workspace/install/cyclonedds/lib/pkgconfig'), ('TERM', 'xterm'), ('ROS_LOCALHOST_ONLY', '0'), ('PATH', '/workspace/install/cyclonedds/bin:/opt/ros/humble/bin:/usr/local/sbin:/usr/local/bin:/usr/sbin:/usr/bin:/sbin:/bin'), ('LANG', 'C.UTF-8'), ('RMW_IMPLEMENTATION', 'rmw_cyclonedds_cpp'), ('CYCLONEDDS_HOME', '/workspace/cyclonedds/install'), ('LS_COLORS', 'rs=0:di=01;34:ln=01;36:mh=00:pi=40;33:so=01;35:do=01;35:bd=40;33;01:cd=40;33;01:or=40;31;01:mi=00:su=37;41:sg=30;43:ca=30;41:tw=30;42:ow=34;42:st=37;44:ex=01;32:*.tar=01;31:*.tgz=01;31:*.arc=01;31:*.arj=01;31:*.taz=01;31:*.lha=01;31:*.lz4=01;31:*.lzh=01;31:*.lzma=01;31:*.tlz=01;31:*.txz=01;31:*.tzo=01;31:*.t7z=01;31:*.zip=01;31:*.z=01;31:*.dz=01;31:*.gz=01;31:*.lrz=01;31:*.lz=01;31:*.lzo=01;31:*.xz=01;31:*.zst=01;31:*.tzst=01;31:*.bz2=01;31:*.bz=01;31:*.tbz=01;31:*.tbz2=01;31:*.tz=01;31:*.deb=01;31:*.rpm=01;31:*.jar=01;31:*.war=01;31:*.ear=01;31:*.sar=01;31:*.rar=01;31:*.alz=01;31:*.ace=01;31:*.zoo=01;31:*.cpio=01;31:*.7z=01;31:*.rz=01;31:*.cab=01;31:*.wim=01;31:*.swm=01;31:*.dwm=01;31:*.esd=01;31:*.jpg=01;35:*.jpeg=01;35:*.mjpg=01;35:*.mjpeg=01;35:*.gif=01;35:*.bmp=01;35:*.pbm=01;35:*.pgm=01;35:*.ppm=01;35:*.tga=01;35:*.xbm=01;35:*.xpm=01;35:*.tif=01;35:*.tiff=01;35:*.png=01;35:*.svg=01;35:*.svgz=01;35:*.mng=01;35:*.pcx=01;35:*.mov=01;35:*.mpg=01;35:*.mpeg=01;35:*.m2v=01;35:*.mkv=01;35:*.webm=01;35:*.webp=01;35:*.ogm=01;35:*.mp4=01;35:*.m4v=01;35:*.mp4v=01;35:*.vob=01;35:*.qt=01;35:*.nuv=01;35:*.wmv=01;35:*.asf=01;35:*.rm=01;35:*.rmvb=01;35:*.flc=01;35:*.avi=01;35:*.fli=01;35:*.flv=01;35:*.gl=01;35:*.dl=01;35:*.xcf=01;35:*.xwd=01;35:*.yuv=01;35:*.cgm=01;35:*.emf=01;35:*.ogv=01;35:*.ogx=01;35:*.aac=00;36:*.au=00;36:*.flac=00;36:*.m4a=00;36:*.mid=00;36:*.midi=00;36:*.mka=00;36:*.mp3=00;36:*.mpc=00;36:*.ogg=00;36:*.ra=00;36:*.wav=00;36:*.oga=00;36:*.opus=00;36:*.spx=00;36:*.xspf=00;36:'), ('AMENT_PREFIX_PATH', '/workspace/install/multirobot_map_merge:/workspace/install/go2_vision:/workspace/install/go2_nav:/workspace/install/explore_lite:/workspace/install/explore_lite_msgs:/opt/ros/humble'), ('PWD', '/workspace/build/cyclonedds'), ('LC_ALL', 'C.UTF-8'), ('PYTHONPATH', '/workspace/install/unitree_sdk2py/lib/python3.10/site-packages:/workspace/install/go2_vision/lib/python3.10/site-packages:/workspace/install/go2_nav/lib/python3.10/site-packages:/workspace/install/explore_lite_msgs/local/lib/python3.10/dist-packages:/opt/ros/humble/lib/python3.10/site-packages:/opt/ros/humble/local/lib/python3.10/dist-packages'), ('COLCON', '1'), ('CMAKE_PREFIX_PATH', '/workspace/install/multirobot_map_merge:/workspace/install/explore_lite:/workspace/install/explore_lite_msgs:/workspace/install/cyclonedds:/workspace/install/go2_vision:/workspace/install/go2_nav:/opt/ros/humble')]), 'shell': False}
[0.051372] (explore_lite_msgs) JobProgress: {'identifier': 'explore_lite_msgs', 'progress': 'cmake'}
[0.052180] (explore_lite_msgs) JobProgress: {'identifier': 'explore_lite_msgs', 'progress': 'build'}
[0.052522] (explore_lite_msgs) Command: {'cmd': ['/usr/bin/cmake', '--build', '/workspace/build/explore_lite_msgs', '--', '-j8', '-l8'], 'cwd': '/workspace/build/explore_lite_msgs', 'env': OrderedDict([('HOSTNAME', 'ubuntu'), ('SHLVL', '2'), ('LD_LIBRARY_PATH', '/workspace/install/multirobot_map_merge/lib:/workspace/install/explore_lite_msgs/lib:/workspace/install/cyclonedds/lib:/opt/ros/humble/opt/rviz_ogre_vendor/lib:/opt/ros/humble/lib/aarch64-linux-gnu:/opt/ros/humble/lib'), ('HOME', '/root'), ('OLDPWD', '/workspace'), ('ROS_PYTHON_VERSION', '3'), ('COLCON_PREFIX_PATH', '/workspace/install'), ('ROS_DISTRO', 'humble'), ('_', '/usr/bin/colcon'), ('ROS_VERSION', '2'), ('PKG_CONFIG_PATH', '/workspace/install/cyclonedds/lib/aarch64-linux-gnu/pkgconfig:/workspace/install/cyclonedds/lib/pkgconfig'), ('TERM', 'xterm'), ('ROS_LOCALHOST_ONLY', '0'), ('PATH', '/workspace/install/cyclonedds/bin:/opt/ros/humble/bin:/usr/local/sbin:/usr/local/bin:/usr/sbin:/usr/bin:/sbin:/bin'), ('LANG', 'C.UTF-8'), ('RMW_IMPLEMENTATION', 'rmw_cyclonedds_cpp'), ('CYCLONEDDS_HOME', '/workspace/cyclonedds/install'), ('LS_COLORS', 'rs=0:di=01;34:ln=01;36:mh=00:pi=40;33:so=01;35:do=01;35:bd=40;33;01:cd=40;33;01:or=40;31;01:mi=00:su=37;41:sg=30;43:ca=30;41:tw=30;42:ow=34;42:st=37;44:ex=01;32:*.tar=01;31:*.tgz=01;31:*.arc=01;31:*.arj=01;31:*.taz=01;31:*.lha=01;31:*.lz4=01;31:*.lzh=01;31:*.lzma=01;31:*.tlz=01;31:*.txz=01;31:*.tzo=01;31:*.t7z=01;31:*.zip=01;31:*.z=01;31:*.dz=01;31:*.gz=01;31:*.lrz=01;31:*.lz=01;31:*.lzo=01;31:*.xz=01;31:*.zst=01;31:*.tzst=01;31:*.bz2=01;31:*.bz=01;31:*.tbz=01;31:*.tbz2=01;31:*.tz=01;31:*.deb=01;31:*.rpm=01;31:*.jar=01;31:*.war=01;31:*.ear=01;31:*.sar=01;31:*.rar=01;31:*.alz=01;31:*.ace=01;31:*.zoo=01;31:*.cpio=01;31:*.7z=01;31:*.rz=01;31:*.cab=01;31:*.wim=01;31:*.swm=01;31:*.dwm=01;31:*.esd=01;31:*.jpg=01;35:*.jpeg=01;35:*.mjpg=01;35:*.mjpeg=01;35:*.gif=01;35:*.bmp=01;35:*.pbm=01;35:*.pgm=01;35:*.ppm=01;35:*.tga=01;35:*.xbm=01;35:*.xpm=01;35:*.tif=01;35:*.tiff=01;35:*.png=01;35:*.svg=01;35:*.svgz=01;35:*.mng=01;35:*.pcx=01;35:*.mov=01;35:*.mpg=01;35:*.mpeg=01;35:*.m2v=01;35:*.mkv=01;35:*.webm=01;35:*.webp=01;35:*.ogm=01;35:*.mp4=01;35:*.m4v=01;35:*.mp4v=01;35:*.vob=01;35:*.qt=01;35:*.nuv=01;35:*.wmv=01;35:*.asf=01;35:*.rm=01;35:*.rmvb=01;35:*.flc=01;35:*.avi=01;35:*.fli=01;35:*.flv=01;35:*.gl=01;35:*.dl=01;35:*.xcf=01;35:*.xwd=01;35:*.yuv=01;35:*.cgm=01;35:*.emf=01;35:*.ogv=01;35:*.ogx=01;35:*.aac=00;36:*.au=00;36:*.flac=00;36:*.m4a=00;36:*.mid=00;36:*.midi=00;36:*.mka=00;36:*.mp3=00;36:*.mpc=00;36:*.ogg=00;36:*.ra=00;36:*.wav=00;36:*.oga=00;36:*.opus=00;36:*.spx=00;36:*.xspf=00;36:'), ('AMENT_PREFIX_PATH', '/workspace/install/multirobot_map_merge:/workspace/install/go2_vision:/workspace/install/go2_nav:/workspace/install/explore_lite:/workspace/install/explore_lite_msgs:/opt/ros/humble'), ('PWD', '/workspace/build/explore_lite_msgs'), ('LC_ALL', 'C.UTF-8'), ('PYTHONPATH', '/workspace/install/unitree_sdk2py/lib/python3.10/site-packages:/workspace/install/go2_vision/lib/python3.10/site-packages:/workspace/install/go2_nav/lib/python3.10/site-packages:/workspace/install/explore_lite_msgs/local/lib/python3.10/dist-packages:/opt/ros/humble/lib/python3.10/site-packages:/opt/ros/humble/local/lib/python3.10/dist-packages'), ('COLCON', '1'), ('CMAKE_PREFIX_PATH', '/workspace/install/multirobot_map_merge:/workspace/install/explore_lite:/workspace/install/explore_lite_msgs:/workspace/install/cyclonedds:/workspace/install/go2_vision:/workspace/install/go2_nav:/opt/ros/humble')]), 'shell': False}
[0.099538] (-) TimerEvent: {}
[0.200149] (-) TimerEvent: {}
[0.300851] (-) TimerEvent: {}
[0.401846] (-) TimerEvent: {}
[0.502441] (-) TimerEvent: {}
[0.603090] (-) TimerEvent: {}
[0.703815] (-) TimerEvent: {}
[0.804567] (-) TimerEvent: {}
[0.815817] (cyclonedds) StdoutLine: {'line': b'[  0%] Built target _confgen\n'}
[0.817439] (cyclonedds) StdoutLine: {'line': b'[  4%] Built target idlpp\n'}
[0.817915] (cyclonedds) StdoutLine: {'line': b'[ 12%] Built target idl\n'}
[0.818389] (cyclonedds) StdoutLine: {'line': b'[ 27%] Built target ddsrt-internal\n'}
[0.818645] (cyclonedds) StdoutLine: {'line': b'[ 87%] Built target ddsc\n'}
[0.819340] (cyclonedds) StdoutLine: {'line': b'[ 91%] Built target dds_security_auth\n'}
[0.820190] (cyclonedds) StdoutLine: {'line': b'[ 93%] Built target dds_security_ac\n'}
[0.820327] (cyclonedds) StdoutLine: {'line': b'[ 93%] Built target idlc\n'}
[0.820455] (cyclonedds) StdoutLine: {'line': b'[ 97%] Built target dds_security_crypto\n'}
[0.820643] (cyclonedds) StdoutLine: {'line': b'[ 97%] Built target ddsperf_types_generate\n'}
[0.820907] (cyclonedds) StdoutLine: {'line': b'[100%] Built target ddsperf\n'}
[0.821056] (explore_lite_msgs) StdoutLine: {'line': b'[  3%] Built target explore_lite_msgs__cpp\n'}
[0.821846] (explore_lite_msgs) StdoutLine: {'line': b'[  6%] Built target explore_lite_msgs__rs\n'}
[0.821993] (explore_lite_msgs) StdoutLine: {'line': b'[ 15%] Built target explore_lite_msgs__rosidl_generator_c\n'}
[0.822094] (explore_lite_msgs) StdoutLine: {'line': b'[ 15%] Built target ament_cmake_python_copy_explore_lite_msgs\n'}
[0.822190] (explore_lite_msgs) StdoutLine: {'line': b'[ 28%] Built target explore_lite_msgs__rosidl_typesupport_introspection_cpp\n'}
[0.822283] (explore_lite_msgs) StdoutLine: {'line': b'[ 34%] Built target explore_lite_msgs__rosidl_typesupport_fastrtps_cpp\n'}
[0.822373] (explore_lite_msgs) StdoutLine: {'line': b'[ 43%] Built target explore_lite_msgs__rosidl_typesupport_introspection_c\n'}
[0.822463] (explore_lite_msgs) StdoutLine: {'line': b'[ 62%] Built target explore_lite_msgs__rosidl_typesupport_cpp\n'}
[0.822551] (explore_lite_msgs) StdoutLine: {'line': b'[ 62%] Built target explore_lite_msgs__rosidl_typesupport_c\n'}
[0.822639] (explore_lite_msgs) StdoutLine: {'line': b'[ 71%] Built target explore_lite_msgs__rosidl_typesupport_fastrtps_c\n'}
[0.822727] (explore_lite_msgs) StdoutLine: {'line': b'[ 71%] Built target explore_lite_msgs\n'}
[0.822838] (explore_lite_msgs) StdoutLine: {'line': b'[ 75%] Built target explore_lite_msgs__py\n'}
[0.822929] (explore_lite_msgs) StdoutLine: {'line': b'[ 81%] Built target explore_lite_msgs__rosidl_generator_py\n'}
[0.823018] (explore_lite_msgs) StdoutLine: {'line': b'[ 93%] Built target explore_lite_msgs__rosidl_typesupport_c__pyext\n'}
[0.823107] (explore_lite_msgs) StdoutLine: {'line': b'[ 93%] Built target explore_lite_msgs__rosidl_typesupport_introspection_c__pyext\n'}
[0.823196] (explore_lite_msgs) StdoutLine: {'line': b'[100%] Built target explore_lite_msgs__rosidl_typesupport_fastrtps_c__pyext\n'}
[0.823284] (explore_lite_msgs) StdoutLine: {'line': b'running egg_info\n'}
[0.823371] (explore_lite_msgs) StdoutLine: {'line': b'writing explore_lite_msgs.egg-info/PKG-INFO\n'}
[0.823457] (explore_lite_msgs) StdoutLine: {'line': b'writing dependency_links to explore_lite_msgs.egg-info/dependency_links.txt\n'}
[0.823544] (explore_lite_msgs) StdoutLine: {'line': b'writing top-level names to explore_lite_msgs.egg-info/top_level.txt\n'}
[0.823630] (explore_lite_msgs) StdoutLine: {'line': b"reading manifest file 'explore_lite_msgs.egg-info/SOURCES.txt'\n"}
[0.823714] (explore_lite_msgs) StdoutLine: {'line': b"writing manifest file 'explore_lite_msgs.egg-info/SOURCES.txt'\n"}
[0.823812] (explore_lite_msgs) StdoutLine: {'line': b'[100%] Built target ament_cmake_python_build_explore_lite_msgs_egg\n'}
[0.823902] (cyclonedds) CommandEnded: {'returncode': 0}
[0.824302] (cyclonedds) JobProgress: {'identifier': 'cyclonedds', 'progress': 'install'}
[0.834565] (cyclonedds) Command: {'cmd': ['/usr/bin/cmake', '--install', '/workspace/build/cyclonedds'], 'cwd': '/workspace/build/cyclonedds', 'env': OrderedDict([('HOSTNAME', 'ubuntu'), ('SHLVL', '2'), ('LD_LIBRARY_PATH', '/workspace/install/multirobot_map_merge/lib:/workspace/install/explore_lite_msgs/lib:/workspace/install/cyclonedds/lib:/opt/ros/humble/opt/rviz_ogre_vendor/lib:/opt/ros/humble/lib/aarch64-linux-gnu:/opt/ros/humble/lib'), ('HOME', '/root'), ('OLDPWD', '/workspace'), ('ROS_PYTHON_VERSION', '3'), ('COLCON_PREFIX_PATH', '/workspace/install'), ('ROS_DISTRO', 'humble'), ('_', '/usr/bin/colcon'), ('ROS_VERSION', '2'), ('PKG_CONFIG_PATH', '/workspace/install/cyclonedds/lib/aarch64-linux-gnu/pkgconfig:/workspace/install/cyclonedds/lib/pkgconfig'), ('TERM', 'xterm'), ('ROS_LOCALHOST_ONLY', '0'), ('PATH', '/workspace/install/cyclonedds/bin:/opt/ros/humble/bin:/usr/local/sbin:/usr/local/bin:/usr/sbin:/usr/bin:/sbin:/bin'), ('LANG', 'C.UTF-8'), ('RMW_IMPLEMENTATION', 'rmw_cyclonedds_cpp'), ('CYCLONEDDS_HOME', '/workspace/cyclonedds/install'), ('LS_COLORS', 'rs=0:di=01;34:ln=01;36:mh=00:pi=40;33:so=01;35:do=01;35:bd=40;33;01:cd=40;33;01:or=40;31;01:mi=00:su=37;41:sg=30;43:ca=30;41:tw=30;42:ow=34;42:st=37;44:ex=01;32:*.tar=01;31:*.tgz=01;31:*.arc=01;31:*.arj=01;31:*.taz=01;31:*.lha=01;31:*.lz4=01;31:*.lzh=01;31:*.lzma=01;31:*.tlz=01;31:*.txz=01;31:*.tzo=01;31:*.t7z=01;31:*.zip=01;31:*.z=01;31:*.dz=01;31:*.gz=01;31:*.lrz=01;31:*.lz=01;31:*.lzo=01;31:*.xz=01;31:*.zst=01;31:*.tzst=01;31:*.bz2=01;31:*.bz=01;31:*.tbz=01;31:*.tbz2=01;31:*.tz=01;31:*.deb=01;31:*.rpm=01;31:*.jar=01;31:*.war=01;31:*.ear=01;31:*.sar=01;31:*.rar=01;31:*.alz=01;31:*.ace=01;31:*.zoo=01;31:*.cpio=01;31:*.7z=01;31:*.rz=01;31:*.cab=01;31:*.wim=01;31:*.swm=01;31:*.dwm=01;31:*.esd=01;31:*.jpg=01;35:*.jpeg=01;35:*.mjpg=01;35:*.mjpeg=01;35:*.gif=01;35:*.bmp=01;35:*.pbm=01;35:*.pgm=01;35:*.ppm=01;35:*.tga=01;35:*.xbm=01;35:*.xpm=01;35:*.tif=01;35:*.tiff=01;35:*.png=01;35:*.svg=01;35:*.svgz=01;35:*.mng=01;35:*.pcx=01;35:*.mov=01;35:*.mpg=01;35:*.mpeg=01;35:*.m2v=01;35:*.mkv=01;35:*.webm=01;35:*.webp=01;35:*.ogm=01;35:*.mp4=01;35:*.m4v=01;35:*.mp4v=01;35:*.vob=01;35:*.qt=01;35:*.nuv=01;35:*.wmv=01;35:*.asf=01;35:*.rm=01;35:*.rmvb=01;35:*.flc=01;35:*.avi=01;35:*.fli=01;35:*.flv=01;35:*.gl=01;35:*.dl=01;35:*.xcf=01;35:*.xwd=01;35:*.yuv=01;35:*.cgm=01;35:*.emf=01;35:*.ogv=01;35:*.ogx=01;35:*.aac=00;36:*.au=00;36:*.flac=00;36:*.m4a=00;36:*.mid=00;36:*.midi=00;36:*.mka=00;36:*.mp3=00;36:*.mpc=00;36:*.ogg=00;36:*.ra=00;36:*.wav=00;36:*.oga=00;36:*.opus=00;36:*.spx=00;36:*.xspf=00;36:'), ('AMENT_PREFIX_PATH', '/workspace/install/multirobot_map_merge:/workspace/install/go2_vision:/workspace/install/go2_nav:/workspace/install/explore_lite:/workspace/install/explore_lite_msgs:/opt/ros/humble'), ('PWD', '/workspace/build/cyclonedds'), ('LC_ALL', 'C.UTF-8'), ('PYTHONPATH', '/workspace/install/unitree_sdk2py/lib/python3.10/site-packages:/workspace/install/go2_vision/lib/python3.10/site-packages:/workspace/install/go2_nav/lib/python3.10/site-packages:/workspace/install/explore_lite_msgs/local/lib/python3.10/dist-packages:/opt/ros/humble/lib/python3.10/site-packages:/opt/ros/humble/local/lib/python3.10/dist-packages'), ('COLCON', '1'), ('CMAKE_PREFIX_PATH', '/workspace/install/multirobot_map_merge:/workspace/install/explore_lite:/workspace/install/explore_lite_msgs:/workspace/install/cyclonedds:/workspace/install/go2_vision:/workspace/install/go2_nav:/opt/ros/humble')]), 'shell': False}
[0.836824] (explore_lite_msgs) CommandEnded: {'returncode': 0}
[0.838063] (explore_lite_msgs) JobProgress: {'identifier': 'explore_lite_msgs', 'progress': 'install'}
[0.838362] (explore_lite_msgs) Command: {'cmd': ['/usr/bin/cmake', '--install', '/workspace/build/explore_lite_msgs'], 'cwd': '/workspace/build/explore_lite_msgs', 'env': OrderedDict([('HOSTNAME', 'ubuntu'), ('SHLVL', '2'), ('LD_LIBRARY_PATH', '/workspace/install/multirobot_map_merge/lib:/workspace/install/explore_lite_msgs/lib:/workspace/install/cyclonedds/lib:/opt/ros/humble/opt/rviz_ogre_vendor/lib:/opt/ros/humble/lib/aarch64-linux-gnu:/opt/ros/humble/lib'), ('HOME', '/root'), ('OLDPWD', '/workspace'), ('ROS_PYTHON_VERSION', '3'), ('COLCON_PREFIX_PATH', '/workspace/install'), ('ROS_DISTRO', 'humble'), ('_', '/usr/bin/colcon'), ('ROS_VERSION', '2'), ('PKG_CONFIG_PATH', '/workspace/install/cyclonedds/lib/aarch64-linux-gnu/pkgconfig:/workspace/install/cyclonedds/lib/pkgconfig'), ('TERM', 'xterm'), ('ROS_LOCALHOST_ONLY', '0'), ('PATH', '/workspace/install/cyclonedds/bin:/opt/ros/humble/bin:/usr/local/sbin:/usr/local/bin:/usr/sbin:/usr/bin:/sbin:/bin'), ('LANG', 'C.UTF-8'), ('RMW_IMPLEMENTATION', 'rmw_cyclonedds_cpp'), ('CYCLONEDDS_HOME', '/workspace/cyclonedds/install'), ('LS_COLORS', 'rs=0:di=01;34:ln=01;36:mh=00:pi=40;33:so=01;35:do=01;35:bd=40;33;01:cd=40;33;01:or=40;31;01:mi=00:su=37;41:sg=30;43:ca=30;41:tw=30;42:ow=34;42:st=37;44:ex=01;32:*.tar=01;31:*.tgz=01;31:*.arc=01;31:*.arj=01;31:*.taz=01;31:*.lha=01;31:*.lz4=01;31:*.lzh=01;31:*.lzma=01;31:*.tlz=01;31:*.txz=01;31:*.tzo=01;31:*.t7z=01;31:*.zip=01;31:*.z=01;31:*.dz=01;31:*.gz=01;31:*.lrz=01;31:*.lz=01;31:*.lzo=01;31:*.xz=01;31:*.zst=01;31:*.tzst=01;31:*.bz2=01;31:*.bz=01;31:*.tbz=01;31:*.tbz2=01;31:*.tz=01;31:*.deb=01;31:*.rpm=01;31:*.jar=01;31:*.war=01;31:*.ear=01;31:*.sar=01;31:*.rar=01;31:*.alz=01;31:*.ace=01;31:*.zoo=01;31:*.cpio=01;31:*.7z=01;31:*.rz=01;31:*.cab=01;31:*.wim=01;31:*.swm=01;31:*.dwm=01;31:*.esd=01;31:*.jpg=01;35:*.jpeg=01;35:*.mjpg=01;35:*.mjpeg=01;35:*.gif=01;35:*.bmp=01;35:*.pbm=01;35:*.pgm=01;35:*.ppm=01;35:*.tga=01;35:*.xbm=01;35:*.xpm=01;35:*.tif=01;35:*.tiff=01;35:*.png=01;35:*.svg=01;35:*.svgz=01;35:*.mng=01;35:*.pcx=01;35:*.mov=01;35:*.mpg=01;35:*.mpeg=01;35:*.m2v=01;35:*.mkv=01;35:*.webm=01;35:*.webp=01;35:*.ogm=01;35:*.mp4=01;35:*.m4v=01;35:*.mp4v=01;35:*.vob=01;35:*.qt=01;35:*.nuv=01;35:*.wmv=01;35:*.asf=01;35:*.rm=01;35:*.rmvb=01;35:*.flc=01;35:*.avi=01;35:*.fli=01;35:*.flv=01;35:*.gl=01;35:*.dl=01;35:*.xcf=01;35:*.xwd=01;35:*.yuv=01;35:*.cgm=01;35:*.emf=01;35:*.ogv=01;35:*.ogx=01;35:*.aac=00;36:*.au=00;36:*.flac=00;36:*.m4a=00;36:*.mid=00;36:*.midi=00;36:*.mka=00;36:*.mp3=00;36:*.mpc=00;36:*.ogg=00;36:*.ra=00;36:*.wav=00;36:*.oga=00;36:*.opus=00;36:*.spx=00;36:*.xspf=00;36:'), ('AMENT_PREFIX_PATH', '/workspace/install/multirobot_map_merge:/workspace/install/go2_vision:/workspace/install/go2_nav:/workspace/install/explore_lite:/workspace/install/explore_lite_msgs:/opt/ros/humble'), ('PWD', '/workspace/build/explore_lite_msgs'), ('LC_ALL', 'C.UTF-8'), ('PYTHONPATH', '/workspace/install/unitree_sdk2py/lib/python3.10/site-packages:/workspace/install/go2_vision/lib/python3.10/site-packages:/workspace/install/go2_nav/lib/python3.10/site-packages:/workspace/install/explore_lite_msgs/local/lib/python3.10/dist-packages:/opt/ros/humble/lib/python3.10/site-packages:/opt/ros/humble/local/lib/python3.10/dist-packages'), ('COLCON', '1'), ('CMAKE_PREFIX_PATH', '/workspace/install/multirobot_map_merge:/workspace/install/explore_lite:/workspace/install/explore_lite_msgs:/workspace/install/cyclonedds:/workspace/install/go2_vision:/workspace/install/go2_nav:/opt/ros/humble')]), 'shell': False}
[0.840420] (multirobot_map_merge) JobProgress: {'identifier': 'multirobot_map_merge', 'progress': 'cmake'}
[0.841617] (multirobot_map_merge) JobProgress: {'identifier': 'multirobot_map_merge', 'progress': 'build'}
[0.842122] (multirobot_map_merge) Command: {'cmd': ['/usr/bin/cmake', '--build', '/workspace/build/multirobot_map_merge', '--', '-j8', '-l8'], 'cwd': '/workspace/build/multirobot_map_merge', 'env': OrderedDict([('HOSTNAME', 'ubuntu'), ('SHLVL', '2'), ('LD_LIBRARY_PATH', '/workspace/install/multirobot_map_merge/lib:/workspace/install/explore_lite_msgs/lib:/workspace/install/cyclonedds/lib:/opt/ros/humble/opt/rviz_ogre_vendor/lib:/opt/ros/humble/lib/aarch64-linux-gnu:/opt/ros/humble/lib'), ('HOME', '/root'), ('OLDPWD', '/workspace'), ('ROS_PYTHON_VERSION', '3'), ('COLCON_PREFIX_PATH', '/workspace/install'), ('ROS_DISTRO', 'humble'), ('_', '/usr/bin/colcon'), ('ROS_VERSION', '2'), ('PKG_CONFIG_PATH', '/workspace/install/cyclonedds/lib/aarch64-linux-gnu/pkgconfig:/workspace/install/cyclonedds/lib/pkgconfig'), ('TERM', 'xterm'), ('ROS_LOCALHOST_ONLY', '0'), ('PATH', '/workspace/install/cyclonedds/bin:/opt/ros/humble/bin:/usr/local/sbin:/usr/local/bin:/usr/sbin:/usr/bin:/sbin:/bin'), ('LANG', 'C.UTF-8'), ('RMW_IMPLEMENTATION', 'rmw_cyclonedds_cpp'), ('CYCLONEDDS_HOME', '/workspace/cyclonedds/install'), ('LS_COLORS', 'rs=0:di=01;34:ln=01;36:mh=00:pi=40;33:so=01;35:do=01;35:bd=40;33;01:cd=40;33;01:or=40;31;01:mi=00:su=37;41:sg=30;43:ca=30;41:tw=30;42:ow=34;42:st=37;44:ex=01;32:*.tar=01;31:*.tgz=01;31:*.arc=01;31:*.arj=01;31:*.taz=01;31:*.lha=01;31:*.lz4=01;31:*.lzh=01;31:*.lzma=01;31:*.tlz=01;31:*.txz=01;31:*.tzo=01;31:*.t7z=01;31:*.zip=01;31:*.z=01;31:*.dz=01;31:*.gz=01;31:*.lrz=01;31:*.lz=01;31:*.lzo=01;31:*.xz=01;31:*.zst=01;31:*.tzst=01;31:*.bz2=01;31:*.bz=01;31:*.tbz=01;31:*.tbz2=01;31:*.tz=01;31:*.deb=01;31:*.rpm=01;31:*.jar=01;31:*.war=01;31:*.ear=01;31:*.sar=01;31:*.rar=01;31:*.alz=01;31:*.ace=01;31:*.zoo=01;31:*.cpio=01;31:*.7z=01;31:*.rz=01;31:*.cab=01;31:*.wim=01;31:*.swm=01;31:*.dwm=01;31:*.esd=01;31:*.jpg=01;35:*.jpeg=01;35:*.mjpg=01;35:*.mjpeg=01;35:*.gif=01;35:*.bmp=01;35:*.pbm=01;35:*.pgm=01;35:*.ppm=01;35:*.tga=01;35:*.xbm=01;35:*.xpm=01;35:*.tif=01;35:*.tiff=01;35:*.png=01;35:*.svg=01;35:*.svgz=01;35:*.mng=01;35:*.pcx=01;35:*.mov=01;35:*.mpg=01;35:*.mpeg=01;35:*.m2v=01;35:*.mkv=01;35:*.webm=01;35:*.webp=01;35:*.ogm=01;35:*.mp4=01;35:*.m4v=01;35:*.mp4v=01;35:*.vob=01;35:*.qt=01;35:*.nuv=01;35:*.wmv=01;35:*.asf=01;35:*.rm=01;35:*.rmvb=01;35:*.flc=01;35:*.avi=01;35:*.fli=01;35:*.flv=01;35:*.gl=01;35:*.dl=01;35:*.xcf=01;35:*.xwd=01;35:*.yuv=01;35:*.cgm=01;35:*.emf=01;35:*.ogv=01;35:*.ogx=01;35:*.aac=00;36:*.au=00;36:*.flac=00;36:*.m4a=00;36:*.mid=00;36:*.midi=00;36:*.mka=00;36:*.mp3=00;36:*.mpc=00;36:*.ogg=00;36:*.ra=00;36:*.wav=00;36:*.oga=00;36:*.opus=00;36:*.spx=00;36:*.xspf=00;36:'), ('AMENT_PREFIX_PATH', '/workspace/install/multirobot_map_merge:/workspace/install/go2_vision:/workspace/install/go2_nav:/workspace/install/explore_lite:/workspace/install/explore_lite_msgs:/opt/ros/humble'), ('PWD', '/workspace/build/multirobot_map_merge'), ('LC_ALL', 'C.UTF-8'), ('PYTHONPATH', '/workspace/install/unitree_sdk2py/lib/python3.10/site-packages:/workspace/install/go2_vision/lib/python3.10/site-packages:/workspace/install/go2_nav/lib/python3.10/site-packages:/workspace/install/explore_lite_msgs/local/lib/python3.10/dist-packages:/opt/ros/humble/lib/python3.10/site-packages:/opt/ros/humble/local/lib/python3.10/dist-packages'), ('COLCON', '1'), ('CMAKE_PREFIX_PATH', '/workspace/install/multirobot_map_merge:/workspace/install/explore_lite:/workspace/install/explore_lite_msgs:/workspace/install/cyclonedds:/workspace/install/go2_vision:/workspace/install/go2_nav:/opt/ros/humble')]), 'shell': False}
[0.846902] (cyclonedds) StdoutLine: {'line': b'-- Install configuration: "RelWithDebInfo"\n'}
[0.847305] (cyclonedds) StdoutLine: {'line': b'-- Up-to-date: /workspace/install/cyclonedds/lib/cmake/CycloneDDS/CycloneDDSConfig.cmake\n'}
[0.847670] (cyclonedds) StdoutLine: {'line': b'-- Up-to-date: /workspace/install/cyclonedds/lib/cmake/CycloneDDS/CycloneDDSConfigVersion.cmake\n'}
[0.847829] (cyclonedds) StdoutLine: {'line': b'-- Up-to-date: /workspace/install/cyclonedds/lib/cmake/CycloneDDS/CycloneDDSTargets.cmake\n'}
[0.850040] (cyclonedds) StdoutLine: {'line': b'-- Up-to-date: /workspace/install/cyclonedds/lib/cmake/CycloneDDS/CycloneDDSTargets-relwithdebinfo.cmake\n'}
[0.850876] (cyclonedds) StdoutLine: {'line': b'-- Up-to-date: /workspace/install/cyclonedds/lib/pkgconfig/CycloneDDS.pc\n'}
[0.852691] (cyclonedds) StdoutLine: {'line': b'-- Up-to-date: /workspace/install/cyclonedds/include/idlc\n'}
[0.853729] (cyclonedds) StdoutLine: {'line': b'-- Up-to-date: /workspace/install/cyclonedds/include/idlc/generator.h\n'}
[0.854198] (cyclonedds) StdoutLine: {'line': b'-- Up-to-date: /workspace/install/cyclonedds/include/idlc/options.h\n'}
[0.854477] (cyclonedds) StdoutLine: {'line': b'-- Up-to-date: /workspace/install/cyclonedds/bin/idlc\n'}
[0.854960] (cyclonedds) StdoutLine: {'line': b'-- Up-to-date: /workspace/install/cyclonedds/lib/cmake/CycloneDDS/idlc/Generate.cmake\n'}
[0.855234] (cyclonedds) StdoutLine: {'line': b'-- Up-to-date: /workspace/install/cyclonedds/bin/ddsperf\n'}
[0.855707] (cyclonedds) StdoutLine: {'line': b'-- Up-to-date: /workspace/install/cyclonedds/include\n'}
[0.855952] (cyclonedds) StdoutLine: {'line': b'-- Up-to-date: /workspace/install/cyclonedds/include/dds\n'}
[0.856621] (cyclonedds) StdoutLine: {'line': b'-- Up-to-date: /workspace/install/cyclonedds/include/dds/ddsrt\n'}
[0.856863] (cyclonedds) StdoutLine: {'line': b'-- Up-to-date: /workspace/install/cyclonedds/include/dds/ddsrt/threads\n'}
[0.857053] (cyclonedds) StdoutLine: {'line': b'-- Up-to-date: /workspace/install/cyclonedds/include/dds/ddsrt/threads/windows.h\n'}
[0.858232] (cyclonedds) StdoutLine: {'line': b'-- Up-to-date: /workspace/install/cyclonedds/include/dds/ddsrt/threads/posix.h\n'}
[0.858607] (cyclonedds) StdoutLine: {'line': b'-- Up-to-date: /workspace/install/cyclonedds/include/dds/ddsrt/threads/freertos.h\n'}
[0.862266] (cyclonedds) StdoutLine: {'line': b'-- Up-to-date: /workspace/install/cyclonedds/include/dds/ddsrt/iovec.h\n'}
[0.862979] (cyclonedds) StdoutLine: {'line': b'-- Up-to-date: /workspace/install/cyclonedds/include/dds/ddsrt/xmlparser.h\n'}
[0.863987] (cyclonedds) StdoutLine: {'line': b'-- Up-to-date: /workspace/install/cyclonedds/include/dds/ddsrt/io.h\n'}
[0.864359] (cyclonedds) StdoutLine: {'line': b'-- Up-to-date: /workspace/install/cyclonedds/include/dds/ddsrt/sockets.h\n'}
[0.865392] (cyclonedds) StdoutLine: {'line': b'-- Up-to-date: /workspace/install/cyclonedds/include/dds/ddsrt/expand_vars.h\n'}
[0.865696] (cyclonedds) StdoutLine: {'line': b'-- Up-to-date: /workspace/install/cyclonedds/include/dds/ddsrt/arch.h\n'}
[0.866188] (cyclonedds) StdoutLine: {'line': b'-- Up-to-date: /workspace/install/cyclonedds/include/dds/ddsrt/log.h\n'}
[0.866698] (explore_lite_msgs) StdoutLine: {'line': b'-- Install configuration: ""\n'}
[0.866884] (cyclonedds) StdoutLine: {'line': b'-- Up-to-date: /workspace/install/cyclonedds/include/dds/ddsrt/misc.h\n'}
[0.867132] (cyclonedds) StdoutLine: {'line': b'-- Up-to-date: /workspace/install/cyclonedds/include/dds/ddsrt/sched.h\n'}
[0.867366] (cyclonedds) StdoutLine: {'line': b'-- Up-to-date: /workspace/install/cyclonedds/include/dds/ddsrt/process.h\n'}
[0.867869] (cyclonedds) StdoutLine: {'line': b'-- Up-to-date: /workspace/install/cyclonedds/include/dds/ddsrt/sockets\n'}
[0.868667] (cyclonedds) StdoutLine: {'line': b'-- Up-to-date: /workspace/install/cyclonedds/include/dds/ddsrt/sockets/windows.h\n'}
[0.869224] (cyclonedds) StdoutLine: {'line': b'-- Up-to-date: /workspace/install/cyclonedds/include/dds/ddsrt/sockets/posix.h\n'}
[0.869400] (cyclonedds) StdoutLine: {'line': b'-- Up-to-date: /workspace/install/cyclonedds/include/dds/ddsrt/attributes.h\n'}
[0.869527] (cyclonedds) StdoutLine: {'line': b'-- Up-to-date: /workspace/install/cyclonedds/include/dds/ddsrt/time.h\n'}
[0.869688] (cyclonedds) StdoutLine: {'line': b'-- Up-to-date: /workspace/install/cyclonedds/include/dds/ddsrt/cdtors.h\n'}
[0.870041] (cyclonedds) StdoutLine: {'line': b'-- Up-to-date: /workspace/install/cyclonedds/include/dds/ddsrt/countargs.h\n'}
[0.870201] (cyclonedds) StdoutLine: {'line': b'-- Up-to-date: /workspace/install/cyclonedds/include/dds/ddsrt/sync.h\n'}
[0.870606] (cyclonedds) StdoutLine: {'line': b'-- Up-to-date: /workspace/install/cyclonedds/include/dds/ddsrt/netstat.h\n'}
[0.870974] (cyclonedds) StdoutLine: {'line': b'-- Up-to-date: /workspace/install/cyclonedds/include/dds/ddsrt/mh3.h\n'}
[0.871105] (cyclonedds) StdoutLine: {'line': b'-- Up-to-date: /workspace/install/cyclonedds/include/dds/ddsrt/time\n'}
[0.871450] (cyclonedds) StdoutLine: {'line': b'-- Up-to-date: /workspace/install/cyclonedds/include/dds/ddsrt/time/freertos.h\n'}
[0.871953] (cyclonedds) StdoutLine: {'line': b'-- Up-to-date: /workspace/install/cyclonedds/include/dds/ddsrt/filesystem\n'}
[0.872140] (cyclonedds) StdoutLine: {'line': b'-- Up-to-date: /workspace/install/cyclonedds/include/dds/ddsrt/filesystem/windows.h\n'}
[0.872269] (explore_lite_msgs) StdoutLine: {'line': b'-- Up-to-date: /workspace/install/explore_lite_msgs/share/ament_index/resource_index/rosidl_interfaces/explore_lite_msgs\n'}
[0.872431] (explore_lite_msgs) StdoutLine: {'line': b'-- Up-to-date: /workspace/install/explore_lite_msgs/include/explore_lite_msgs/explore_lite_msgs\n'}
[0.872684] (explore_lite_msgs) StdoutLine: {'line': b'-- Up-to-date: /workspace/install/explore_lite_msgs/include/explore_lite_msgs/explore_lite_msgs/msg\n'}
[0.873625] (cyclonedds) StdoutLine: {'line': b'-- Up-to-date: /workspace/install/cyclonedds/include/dds/ddsrt/filesystem/posix.h\n'}
[0.873739] (cyclonedds) StdoutLine: {'line': b'-- Up-to-date: /workspace/install/cyclonedds/include/dds/ddsrt/strtod.h\n'}
[0.873836] (cyclonedds) StdoutLine: {'line': b'-- Up-to-date: /workspace/install/cyclonedds/include/dds/ddsrt/fibheap.h\n'}
[0.873927] (cyclonedds) StdoutLine: {'line': b'-- Up-to-date: /workspace/install/cyclonedds/include/dds/ddsrt/md5.h\n'}
[0.874018] (cyclonedds) StdoutLine: {'line': b'-- Up-to-date: /workspace/install/cyclonedds/include/dds/ddsrt/avl.h\n'}
[0.874108] (explore_lite_msgs) StdoutLine: {'line': b'-- Up-to-date: /workspace/install/explore_lite_msgs/include/explore_lite_msgs/explore_lite_msgs/msg/explore_status.h\n'}
[0.874202] (cyclonedds) StdoutLine: {'line': b'-- Up-to-date: /workspace/install/cyclonedds/include/dds/ddsrt/atomics.h\n'}
[0.874293] (cyclonedds) StdoutLine: {'line': b'-- Up-to-date: /workspace/install/cyclonedds/include/dds/ddsrt/environ.h\n'}
[0.874383] (cyclonedds) StdoutLine: {'line': b'-- Up-to-date: /workspace/install/cyclonedds/include/dds/ddsrt/retcode.h\n'}
[0.874473] (cyclonedds) StdoutLine: {'line': b'-- Up-to-date: /workspace/install/cyclonedds/include/dds/ddsrt/filesystem.h\n'}
[0.874597] (cyclonedds) StdoutLine: {'line': b'-- Up-to-date: /workspace/install/cyclonedds/include/dds/ddsrt/sync\n'}
[0.874691] (cyclonedds) StdoutLine: {'line': b'-- Up-to-date: /workspace/install/cyclonedds/include/dds/ddsrt/sync/windows.h\n'}
[0.874813] (cyclonedds) StdoutLine: {'line': b'-- Up-to-date: /workspace/install/cyclonedds/include/dds/ddsrt/sync/posix.h\n'}
[0.874909] (cyclonedds) StdoutLine: {'line': b'-- Up-to-date: /workspace/install/cyclonedds/include/dds/ddsrt/sync/freertos.h\n'}
[0.875000] (cyclonedds) StdoutLine: {'line': b'-- Up-to-date: /workspace/install/cyclonedds/include/dds/ddsrt/circlist.h\n'}
[0.875099] (cyclonedds) StdoutLine: {'line': b'-- Up-to-date: /workspace/install/cyclonedds/include/dds/ddsrt/types.h\n'}
[0.875243] (cyclonedds) StdoutLine: {'line': b'-- Up-to-date: /workspace/install/cyclonedds/include/dds/ddsrt/random.h\n'}
[0.875498] (cyclonedds) StdoutLine: {'line': b'-- Up-to-date: /workspace/install/cyclonedds/include/dds/ddsrt/hopscotch.h\n'}
[0.876198] (cyclonedds) StdoutLine: {'line': b'-- Up-to-date: /workspace/install/cyclonedds/include/dds/ddsrt/endian.h\n'}
[0.876700] (cyclonedds) StdoutLine: {'line': b'-- Up-to-date: /workspace/install/cyclonedds/include/dds/ddsrt/atomics\n'}
[0.876888] (cyclonedds) StdoutLine: {'line': b'-- Up-to-date: /workspace/install/cyclonedds/include/dds/ddsrt/atomics/gcc.h\n'}
[0.877014] (cyclonedds) StdoutLine: {'line': b'-- Up-to-date: /workspace/install/cyclonedds/include/dds/ddsrt/atomics/sun.h\n'}
[0.877167] (cyclonedds) StdoutLine: {'line': b'-- Up-to-date: /workspace/install/cyclonedds/include/dds/ddsrt/atomics/arm.h\n'}
[0.877566] (cyclonedds) StdoutLine: {'line': b'-- Up-to-date: /workspace/install/cyclonedds/include/dds/ddsrt/atomics/msvc.h\n'}
[0.877922] (cyclonedds) StdoutLine: {'line': b'-- Up-to-date: /workspace/install/cyclonedds/include/dds/ddsrt/threads.h\n'}
[0.878067] (cyclonedds) StdoutLine: {'line': b'-- Up-to-date: /workspace/install/cyclonedds/include/dds/ddsrt/types\n'}
[0.878235] (cyclonedds) StdoutLine: {'line': b'-- Up-to-date: /workspace/install/cyclonedds/include/dds/ddsrt/types/windows.h\n'}
[0.878596] (cyclonedds) StdoutLine: {'line': b'-- Up-to-date: /workspace/install/cyclonedds/include/dds/ddsrt/types/posix.h\n'}
[0.879093] (explore_lite_msgs) StdoutLine: {'line': b'-- Up-to-date: /workspace/install/explore_lite_msgs/include/explore_lite_msgs/explore_lite_msgs/msg/rosidl_generator_c__visibility_control.h\n'}
[0.879255] (explore_lite_msgs) StdoutLine: {'line': b'-- Up-to-date: /workspace/install/explore_lite_msgs/include/explore_lite_msgs/explore_lite_msgs/msg/detail\n'}
[0.879427] (explore_lite_msgs) StdoutLine: {'line': b'-- Up-to-date: /workspace/install/explore_lite_msgs/include/explore_lite_msgs/explore_lite_msgs/msg/detail/explore_status__functions.h\n'}
[0.880071] (explore_lite_msgs) StdoutLine: {'line': b'-- Up-to-date: /workspace/install/explore_lite_msgs/include/explore_lite_msgs/explore_lite_msgs/msg/detail/explore_status__functions.c\n'}
[0.880317] (explore_lite_msgs) StdoutLine: {'line': b'-- Up-to-date: /workspace/install/explore_lite_msgs/include/explore_lite_msgs/explore_lite_msgs/msg/detail/explore_status__struct.h\n'}
[0.880543] (explore_lite_msgs) StdoutLine: {'line': b'-- Up-to-date: /workspace/install/explore_lite_msgs/include/explore_lite_msgs/explore_lite_msgs/msg/detail/explore_status__type_support.h\n'}
[0.880738] (cyclonedds) StdoutLine: {'line': b'-- Up-to-date: /workspace/install/cyclonedds/include/dds/ddsrt/types/vxworks.h\n'}
[0.881077] (cyclonedds) StdoutLine: {'line': b'-- Up-to-date: /workspace/install/cyclonedds/include/dds/ddsrt/string.h\n'}
[0.881404] (cyclonedds) StdoutLine: {'line': b'-- Up-to-date: /workspace/install/cyclonedds/include/dds/ddsrt/strtol.h\n'}
[0.881548] (cyclonedds) StdoutLine: {'line': b'-- Up-to-date: /workspace/install/cyclonedds/include/dds/ddsrt/heap.h\n'}
[0.881734] (cyclonedds) StdoutLine: {'line': b'-- Up-to-date: /workspace/install/cyclonedds/include/dds/ddsrt/rusage.h\n'}
[0.881957] (cyclonedds) StdoutLine: {'line': b'-- Up-to-date: /workspace/install/cyclonedds/include/dds/ddsrt/ifaddrs.h\n'}
[0.882162] (cyclonedds) StdoutLine: {'line': b'-- Up-to-date: /workspace/install/cyclonedds/include/dds/ddsrt/bswap.h\n'}
[0.882338] (cyclonedds) StdoutLine: {'line': b'-- Up-to-date: /workspace/install/cyclonedds/include/dds/ddsrt/static_assert.h\n'}
[0.882544] (cyclonedds) StdoutLine: {'line': b'-- Up-to-date: /workspace/install/cyclonedds/include/dds/ddsrt/align.h\n'}
[0.882693] (cyclonedds) StdoutLine: {'line': b'-- Up-to-date: /workspace/install/cyclonedds/include/dds/ddsrt/dynlib.h\n'}
[0.883160] (cyclonedds) StdoutLine: {'line': b'-- Up-to-date: /workspace/install/cyclonedds/include\n'}
[0.883386] (cyclonedds) StdoutLine: {'line': b'-- Up-to-date: /workspace/install/cyclonedds/include/dds\n'}
[0.883538] (cyclonedds) StdoutLine: {'line': b'-- Up-to-date: /workspace/install/cyclonedds/include/dds/config.h\n'}
[0.883766] (cyclonedds) StdoutLine: {'line': b'-- Up-to-date: /workspace/install/cyclonedds/include/dds/features.h\n'}
[0.883892] (cyclonedds) StdoutLine: {'line': b'-- Up-to-date: /workspace/install/cyclonedds/include/dds/version.h\n'}
[0.884115] (explore_lite_msgs) StdoutLine: {'line': b'-- Up-to-date: /workspace/install/explore_lite_msgs/share/explore_lite_msgs/environment/library_path.sh\n'}
[0.884269] (explore_lite_msgs) StdoutLine: {'line': b'-- Up-to-date: /workspace/install/explore_lite_msgs/share/explore_lite_msgs/environment/library_path.dsv\n'}
[0.884711] (explore_lite_msgs) StdoutLine: {'line': b'-- Up-to-date: /workspace/install/explore_lite_msgs/lib/libexplore_lite_msgs__rosidl_generator_c.so\n'}
[0.884841] (explore_lite_msgs) StdoutLine: {'line': b'-- Up-to-date: /workspace/install/explore_lite_msgs/include/explore_lite_msgs/explore_lite_msgs\n'}
[0.885191] (explore_lite_msgs) StdoutLine: {'line': b'-- Up-to-date: /workspace/install/explore_lite_msgs/include/explore_lite_msgs/explore_lite_msgs/msg\n'}
[0.885393] (explore_lite_msgs) StdoutLine: {'line': b'-- Up-to-date: /workspace/install/explore_lite_msgs/include/explore_lite_msgs/explore_lite_msgs/msg/rosidl_typesupport_fastrtps_c__visibility_control.h\n'}
[0.885543] (explore_lite_msgs) StdoutLine: {'line': b'-- Up-to-date: /workspace/install/explore_lite_msgs/include/explore_lite_msgs/explore_lite_msgs/msg/detail\n'}
[0.885932] (explore_lite_msgs) StdoutLine: {'line': b'-- Up-to-date: /workspace/install/explore_lite_msgs/include/explore_lite_msgs/explore_lite_msgs/msg/detail/explore_status__rosidl_typesupport_fastrtps_c.h\n'}
[0.886083] (explore_lite_msgs) StdoutLine: {'line': b'-- Up-to-date: /workspace/install/explore_lite_msgs/lib/libexplore_lite_msgs__rosidl_typesupport_fastrtps_c.so\n'}
[0.886439] (explore_lite_msgs) StdoutLine: {'line': b'-- Up-to-date: /workspace/install/explore_lite_msgs/include/explore_lite_msgs/explore_lite_msgs\n'}
[0.886644] (explore_lite_msgs) StdoutLine: {'line': b'-- Up-to-date: /workspace/install/explore_lite_msgs/include/explore_lite_msgs/explore_lite_msgs/msg\n'}
[0.886848] (explore_lite_msgs) StdoutLine: {'line': b'-- Up-to-date: /workspace/install/explore_lite_msgs/include/explore_lite_msgs/explore_lite_msgs/msg/rosidl_typesupport_introspection_c__visibility_control.h\n'}
[0.887041] (explore_lite_msgs) StdoutLine: {'line': b'-- Up-to-date: /workspace/install/explore_lite_msgs/include/explore_lite_msgs/explore_lite_msgs/msg/detail\n'}
[0.887273] (explore_lite_msgs) StdoutLine: {'line': b'-- Up-to-date: /workspace/install/explore_lite_msgs/include/explore_lite_msgs/explore_lite_msgs/msg/detail/explore_status__rosidl_typesupport_introspection_c.h\n'}
[0.887420] (cyclonedds) StdoutLine: {'line': b'-- Up-to-date: /workspace/install/cyclonedds/include/idl\n'}
[0.887661] (cyclonedds) StdoutLine: {'line': b'-- Up-to-date: /workspace/install/cyclonedds/include/idl/file.h\n'}
[0.887789] (cyclonedds) StdoutLine: {'line': b'-- Up-to-date: /workspace/install/cyclonedds/include/idl/visit.h\n'}
[0.888002] (cyclonedds) StdoutLine: {'line': b'-- Up-to-date: /workspace/install/cyclonedds/include/idl/stream.h\n'}
[0.888145] (cyclonedds) StdoutLine: {'line': b'-- Up-to-date: /workspace/install/cyclonedds/include/idl/retcode.h\n'}
[0.888357] (cyclonedds) StdoutLine: {'line': b'-- Up-to-date: /workspace/install/cyclonedds/include/idl/processor.h\n'}
[0.888479] (cyclonedds) StdoutLine: {'line': b'-- Up-to-date: /workspace/install/cyclonedds/include/idl/scope.h\n'}
[0.888698] (cyclonedds) StdoutLine: {'line': b'-- Up-to-date: /workspace/install/cyclonedds/include/idl/string.h\n'}
[0.888823] (cyclonedds) StdoutLine: {'line': b'-- Up-to-date: /workspace/install/cyclonedds/include/idl/tree.h\n'}
[0.889868] (cyclonedds) StdoutLine: {'line': b'-- Up-to-date: /workspace/install/cyclonedds/include/idl/symbol.h\n'}
[0.890063] (cyclonedds) StdoutLine: {'line': b'-- Up-to-date: /workspace/install/cyclonedds/include/idl/expression.h\n'}
[0.890242] (cyclonedds) StdoutLine: {'line': b'-- Up-to-date: /workspace/install/cyclonedds/include/idl/print.h\n'}
[0.890431] (cyclonedds) StdoutLine: {'line': b'-- Up-to-date: /workspace/install/cyclonedds/include/idl\n'}
[0.890606] (explore_lite_msgs) StdoutLine: {'line': b'-- Up-to-date: /workspace/install/explore_lite_msgs/include/explore_lite_msgs/explore_lite_msgs/msg/detail/explore_status__type_support.c\n'}
[0.890827] (explore_lite_msgs) StdoutLine: {'line': b'-- Up-to-date: /workspace/install/explore_lite_msgs/lib/libexplore_lite_msgs__rosidl_typesupport_introspection_c.so\n'}
[0.891139] (explore_lite_msgs) StdoutLine: {'line': b'-- Up-to-date: /workspace/install/explore_lite_msgs/lib/libexplore_lite_msgs__rosidl_typesupport_c.so\n'}
[0.891305] (cyclonedds) StdoutLine: {'line': b'-- Up-to-date: /workspace/install/cyclonedds/include/idl/misc.h\n'}
[0.891491] (explore_lite_msgs) StdoutLine: {'line': b'-- Up-to-date: /workspace/install/explore_lite_msgs/include/explore_lite_msgs/explore_lite_msgs\n'}
[0.891640] (cyclonedds) StdoutLine: {'line': b'-- Up-to-date: /workspace/install/cyclonedds/include/idl/attributes.h\n'}
[0.891785] (cyclonedds) StdoutLine: {'line': b'-- Up-to-date: /workspace/install/cyclonedds/include/idl/md5.h\n'}
[0.892014] (cyclonedds) StdoutLine: {'line': b'-- Up-to-date: /workspace/install/cyclonedds/include/idl/version.h\n'}
[0.892749] (cyclonedds) StdoutLine: {'line': b'-- Up-to-date: /workspace/install/cyclonedds/include/idl/endian.h\n'}
[0.892946] (cyclonedds) StdoutLine: {'line': b'-- Up-to-date: /workspace/install/cyclonedds/include/idl/export.h\n'}
[0.893463] (cyclonedds) StdoutLine: {'line': b'-- Up-to-date: /workspace/install/cyclonedds/lib/libcycloneddsidl.so.0.10.2\n'}
[0.893586] (cyclonedds) StdoutLine: {'line': b'-- Up-to-date: /workspace/install/cyclonedds/lib/libcycloneddsidl.so.0\n'}
[0.893750] (cyclonedds) StdoutLine: {'line': b'-- Up-to-date: /workspace/install/cyclonedds/lib/libcycloneddsidl.so\n'}
[0.893864] (explore_lite_msgs) StdoutLine: {'line': b'-- Up-to-date: /workspace/install/explore_lite_msgs/include/explore_lite_msgs/explore_lite_msgs/msg\n'}
[0.894217] (explore_lite_msgs) StdoutLine: {'line': b'-- Up-to-date: /workspace/install/explore_lite_msgs/include/explore_lite_msgs/explore_lite_msgs/msg/explore_status.hpp\n'}
[0.894621] (explore_lite_msgs) StdoutLine: {'line': b'-- Up-to-date: /workspace/install/explore_lite_msgs/include/explore_lite_msgs/explore_lite_msgs/msg/detail\n'}
[0.894874] (explore_lite_msgs) StdoutLine: {'line': b'-- Up-to-date: /workspace/install/explore_lite_msgs/include/explore_lite_msgs/explore_lite_msgs/msg/detail/explore_status__traits.hpp\n'}
[0.895036] (explore_lite_msgs) StdoutLine: {'line': b'-- Up-to-date: /workspace/install/explore_lite_msgs/include/explore_lite_msgs/explore_lite_msgs/msg/detail/explore_status__builder.hpp\n'}
[0.895369] (explore_lite_msgs) StdoutLine: {'line': b'-- Up-to-date: /workspace/install/explore_lite_msgs/include/explore_lite_msgs/explore_lite_msgs/msg/detail/explore_status__struct.hpp\n'}
[0.895522] (explore_lite_msgs) StdoutLine: {'line': b'-- Up-to-date: /workspace/install/explore_lite_msgs/include/explore_lite_msgs/explore_lite_msgs/msg/detail/explore_status__type_support.hpp\n'}
[0.896945] (explore_lite_msgs) StdoutLine: {'line': b'-- Up-to-date: /workspace/install/explore_lite_msgs/include/explore_lite_msgs/explore_lite_msgs/msg/rosidl_generator_cpp__visibility_control.hpp\n'}
[0.897171] (explore_lite_msgs) StdoutLine: {'line': b'-- Up-to-date: /workspace/install/explore_lite_msgs/include/explore_lite_msgs/explore_lite_msgs\n'}
[0.897667] (explore_lite_msgs) StdoutLine: {'line': b'-- Up-to-date: /workspace/install/explore_lite_msgs/include/explore_lite_msgs/explore_lite_msgs/msg\n'}
[0.897805] (explore_lite_msgs) StdoutLine: {'line': b'-- Up-to-date: /workspace/install/explore_lite_msgs/include/explore_lite_msgs/explore_lite_msgs/msg/rosidl_typesupport_fastrtps_cpp__visibility_control.h\n'}
[0.939251] (-) TimerEvent: {}
[0.939695] (explore_lite_msgs) StdoutLine: {'line': b'-- Up-to-date: /workspace/install/explore_lite_msgs/include/explore_lite_msgs/explore_lite_msgs/msg/detail\n'}
[0.940027] (explore_lite_msgs) StdoutLine: {'line': b'-- Up-to-date: /workspace/install/explore_lite_msgs/include/explore_lite_msgs/explore_lite_msgs/msg/detail/explore_status__rosidl_typesupport_fastrtps_cpp.hpp\n'}
[0.940217] (cyclonedds) StdoutLine: {'line': b'-- Up-to-date: /workspace/install/cyclonedds/include\n'}
[0.940713] (explore_lite_msgs) StdoutLine: {'line': b'-- Up-to-date: /workspace/install/explore_lite_msgs/include/explore_lite_msgs/explore_lite_msgs/msg/detail/dds_fastrtps\n'}
[0.941458] (cyclonedds) StdoutLine: {'line': b'-- Up-to-date: /workspace/install/cyclonedds/include/dds\n'}
[0.941775] (cyclonedds) StdoutLine: {'line': b'-- Up-to-date: /workspace/install/cyclonedds/include/dds/security\n'}
[0.942334] (cyclonedds) StdoutLine: {'line': b'-- Up-to-date: /workspace/install/cyclonedds/include/dds/security/dds_security_api_types.h\n'}
[0.942528] (cyclonedds) StdoutLine: {'line': b'-- Up-to-date: /workspace/install/cyclonedds/include/dds/security/dds_security_api_err.h\n'}
[0.942663] (explore_lite_msgs) StdoutLine: {'line': b'-- Up-to-date: /workspace/install/explore_lite_msgs/lib/libexplore_lite_msgs__rosidl_typesupport_fastrtps_cpp.so\n'}
[0.942846] (cyclonedds) StdoutLine: {'line': b'-- Up-to-date: /workspace/install/cyclonedds/include/dds/security/dds_security_api_access_control.h\n'}
[0.943247] (explore_lite_msgs) StdoutLine: {'line': b'-- Up-to-date: /workspace/install/explore_lite_msgs/include/explore_lite_msgs/explore_lite_msgs\n'}
[0.943420] (cyclonedds) StdoutLine: {'line': b'-- Up-to-date: /workspace/install/cyclonedds/include/dds/security/dds_security_api_defs.h\n'}
[0.943783] (cyclonedds) StdoutLine: {'line': b'-- Up-to-date: /workspace/install/cyclonedds/include/dds/security/dds_security_api.h\n'}
[0.943913] (cyclonedds) StdoutLine: {'line': b'-- Up-to-date: /workspace/install/cyclonedds/include/dds/security/dds_security_api_authentication.h\n'}
[0.944069] (cyclonedds) StdoutLine: {'line': b'-- Up-to-date: /workspace/install/cyclonedds/include/dds/security/dds_security_api_cryptography.h\n'}
[0.944391] (cyclonedds) StdoutLine: {'line': b'-- Up-to-date: /workspace/install/cyclonedds/include/dds/security/core/\n'}
[0.944843] (cyclonedds) StdoutLine: {'line': b'-- Up-to-date: /workspace/install/cyclonedds/include/dds/security/core//dds_security_fsm.h\n'}
[0.945019] (cyclonedds) StdoutLine: {'line': b'-- Up-to-date: /workspace/install/cyclonedds/include/dds/security/core//dds_security_types.h\n'}
[0.945144] (explore_lite_msgs) StdoutLine: {'line': b'-- Up-to-date: /workspace/install/explore_lite_msgs/include/explore_lite_msgs/explore_lite_msgs/msg\n'}
[0.945294] (explore_lite_msgs) StdoutLine: {'line': b'-- Up-to-date: /workspace/install/explore_lite_msgs/include/explore_lite_msgs/explore_lite_msgs/msg/detail\n'}
[0.945998] (explore_lite_msgs) StdoutLine: {'line': b'-- Up-to-date: /workspace/install/explore_lite_msgs/include/explore_lite_msgs/explore_lite_msgs/msg/detail/explore_status__rosidl_typesupport_introspection_cpp.hpp\n'}
[0.946682] (explore_lite_msgs) StdoutLine: {'line': b'-- Up-to-date: /workspace/install/explore_lite_msgs/include/explore_lite_msgs/explore_lite_msgs/msg/detail/explore_status__type_support.cpp\n'}
[0.946929] (explore_lite_msgs) StdoutLine: {'line': b'-- Up-to-date: /workspace/install/explore_lite_msgs/lib/libexplore_lite_msgs__rosidl_typesupport_introspection_cpp.so\n'}
[0.947733] (cyclonedds) StdoutLine: {'line': b'-- Up-to-date: /workspace/install/cyclonedds/include/dds/security/core//dds_security_serialize.h\n'}
[0.948229] (cyclonedds) StdoutLine: {'line': b'-- Up-to-date: /workspace/install/cyclonedds/include/dds/security/core//dds_security_timed_cb.h\n'}
[0.948393] (cyclonedds) StdoutLine: {'line': b'-- Up-to-date: /workspace/install/cyclonedds/include/dds/security/core//shared_secret.h\n'}
[0.948563] (cyclonedds) StdoutLine: {'line': b'-- Up-to-date: /workspace/install/cyclonedds/include/dds/security/core//dds_security_utils.h\n'}
[0.948976] (cyclonedds) StdoutLine: {'line': b'-- Up-to-date: /workspace/install/cyclonedds/include/dds/security/core//dds_security_plugins.h\n'}
[0.949378] (explore_lite_msgs) StdoutLine: {'line': b'-- Up-to-date: /workspace/install/explore_lite_msgs/lib/libexplore_lite_msgs__rosidl_typesupport_cpp.so\n'}
[0.949554] (explore_lite_msgs) StdoutLine: {'line': b'-- Up-to-date: /workspace/install/explore_lite_msgs/share/explore_lite_msgs/environment/pythonpath.sh\n'}
[0.949721] (cyclonedds) StdoutLine: {'line': b'-- Up-to-date: /workspace/install/cyclonedds/lib/libdds_security_ac.so\n'}
[0.950055] (explore_lite_msgs) StdoutLine: {'line': b'-- Up-to-date: /workspace/install/explore_lite_msgs/share/explore_lite_msgs/environment/pythonpath.dsv\n'}
[0.950504] (explore_lite_msgs) StdoutLine: {'line': b'-- Up-to-date: /workspace/install/explore_lite_msgs/local/lib/python3.10/dist-packages/explore_lite_msgs-1.0.0-py3.10.egg-info\n'}
[0.950697] (explore_lite_msgs) StdoutLine: {'line': b'-- Installing: /workspace/install/explore_lite_msgs/local/lib/python3.10/dist-packages/explore_lite_msgs-1.0.0-py3.10.egg-info/dependency_links.txt\n'}
[0.951099] (explore_lite_msgs) StdoutLine: {'line': b'-- Installing: /workspace/install/explore_lite_msgs/local/lib/python3.10/dist-packages/explore_lite_msgs-1.0.0-py3.10.egg-info/top_level.txt\n'}
[0.952144] (explore_lite_msgs) StdoutLine: {'line': b'-- Installing: /workspace/install/explore_lite_msgs/local/lib/python3.10/dist-packages/explore_lite_msgs-1.0.0-py3.10.egg-info/PKG-INFO\n'}
[0.954064] (explore_lite_msgs) StdoutLine: {'line': b'-- Installing: /workspace/install/explore_lite_msgs/local/lib/python3.10/dist-packages/explore_lite_msgs-1.0.0-py3.10.egg-info/SOURCES.txt\n'}
[0.954268] (cyclonedds) StdoutLine: {'line': b'-- Up-to-date: /workspace/install/cyclonedds/lib/libdds_security_auth.so\n'}
[0.954449] (explore_lite_msgs) StdoutLine: {'line': b'-- Up-to-date: /workspace/install/explore_lite_msgs/local/lib/python3.10/dist-packages/explore_lite_msgs\n'}
[0.954943] (explore_lite_msgs) StdoutLine: {'line': b'-- Up-to-date: /workspace/install/explore_lite_msgs/local/lib/python3.10/dist-packages/explore_lite_msgs/libexplore_lite_msgs__rosidl_generator_py.so\n'}
[0.955103] (cyclonedds) StdoutLine: {'line': b'-- Up-to-date: /workspace/install/cyclonedds/lib/libdds_security_crypto.so\n'}
[0.956056] (cyclonedds) StdoutLine: {'line': b'-- Up-to-date: /workspace/install/cyclonedds/include\n'}
[0.956184] (cyclonedds) StdoutLine: {'line': b'-- Up-to-date: /workspace/install/cyclonedds/include/dds\n'}
[0.956345] (cyclonedds) StdoutLine: {'line': b'-- Up-to-date: /workspace/install/cyclonedds/include/dds/ddsi\n'}
[0.956687] (cyclonedds) StdoutLine: {'line': b'-- Up-to-date: /workspace/install/cyclonedds/include/dds/ddsi/ddsi_guid.h\n'}
[0.956875] (cyclonedds) StdoutLine: {'line': b'-- Up-to-date: /workspace/install/cyclonedds/include/dds/ddsi/q_misc.h\n'}
[0.957978] (cyclonedds) StdoutLine: {'line': b'-- Up-to-date: /workspace/install/cyclonedds/include/dds/ddsi/ddsi_proxy_participant.h\n'}
[0.958103] (cyclonedds) StdoutLine: {'line': b'-- Up-to-date: /workspace/install/cyclonedds/include/dds/ddsi/ddsi_entity.h\n'}
[0.958283] (cyclonedds) StdoutLine: {'line': b'-- Up-to-date: /workspace/install/cyclonedds/include/dds/ddsi/ddsi_xt_impl.h\n'}
[0.958658] (cyclonedds) StdoutLine: {'line': b'-- Up-to-date: /workspace/install/cyclonedds/include/dds/ddsi/q_xevent.h\n'}
[0.959582] (cyclonedds) StdoutLine: {'line': b'-- Up-to-date: /workspace/install/cyclonedds/include/dds/ddsi/ddsi_ownip.h\n'}
[0.959766] (cyclonedds) StdoutLine: {'line': b'-- Up-to-date: /workspace/install/cyclonedds/include/dds/ddsi/ddsi_vnet.h\n'}
[0.959916] (cyclonedds) StdoutLine: {'line': b'-- Up-to-date: /workspace/install/cyclonedds/include/dds/ddsi/q_debmon.h\n'}
[0.960157] (cyclonedds) StdoutLine: {'line': b'-- Up-to-date: /workspace/install/cyclonedds/include/dds/ddsi/ddsi_entity_match.h\n'}
[0.960395] (cyclonedds) StdoutLine: {'line': b'-- Up-to-date: /workspace/install/cyclonedds/include/dds/ddsi/ddsi_security_msg.h\n'}
[0.961177] (explore_lite_msgs) StdoutLine: {'line': b'-- Up-to-date: /workspace/install/explore_lite_msgs/local/lib/python3.10/dist-packages/explore_lite_msgs/_explore_lite_msgs_s.ep.rosidl_typesupport_fastrtps_c.c\n'}
[0.961366] (explore_lite_msgs) StdoutLine: {'line': b'-- Up-to-date: /workspace/install/explore_lite_msgs/local/lib/python3.10/dist-packages/explore_lite_msgs/explore_lite_msgs_s__rosidl_typesupport_fastrtps_c.cpython-310-aarch64-linux-gnu.so\n'}
[0.961493] (explore_lite_msgs) StdoutLine: {'line': b'-- Up-to-date: /workspace/install/explore_lite_msgs/local/lib/python3.10/dist-packages/explore_lite_msgs/_explore_lite_msgs_s.ep.rosidl_typesupport_introspection_c.c\n'}
[0.961644] (explore_lite_msgs) StdoutLine: {'line': b'-- Up-to-date: /workspace/install/explore_lite_msgs/local/lib/python3.10/dist-packages/explore_lite_msgs/__init__.py\n'}
[0.962123] (explore_lite_msgs) StdoutLine: {'line': b'-- Up-to-date: /workspace/install/explore_lite_msgs/local/lib/python3.10/dist-packages/explore_lite_msgs/explore_lite_msgs_s__rosidl_typesupport_c.cpython-310-aarch64-linux-gnu.so\n'}
[0.962291] (explore_lite_msgs) StdoutLine: {'line': b'-- Up-to-date: /workspace/install/explore_lite_msgs/local/lib/python3.10/dist-packages/explore_lite_msgs/_explore_lite_msgs_s.ep.rosidl_typesupport_c.c\n'}
[0.963791] (explore_lite_msgs) StdoutLine: {'line': b'-- Up-to-date: /workspace/install/explore_lite_msgs/local/lib/python3.10/dist-packages/explore_lite_msgs/msg\n'}
[0.964170] (explore_lite_msgs) StdoutLine: {'line': b'-- Up-to-date: /workspace/install/explore_lite_msgs/local/lib/python3.10/dist-packages/explore_lite_msgs/msg/_explore_status.py\n'}
[0.964334] (explore_lite_msgs) StdoutLine: {'line': b'-- Up-to-date: /workspace/install/explore_lite_msgs/local/lib/python3.10/dist-packages/explore_lite_msgs/msg/__init__.py\n'}
[0.964496] (explore_lite_msgs) StdoutLine: {'line': b'-- Up-to-date: /workspace/install/explore_lite_msgs/local/lib/python3.10/dist-packages/explore_lite_msgs/msg/_explore_status_s.c\n'}
[0.964651] (explore_lite_msgs) StdoutLine: {'line': b'-- Up-to-date: /workspace/install/explore_lite_msgs/local/lib/python3.10/dist-packages/explore_lite_msgs/explore_lite_msgs_s__rosidl_typesupport_introspection_c.cpython-310-aarch64-linux-gnu.so\n'}
[0.964798] (cyclonedds) StdoutLine: {'line': b'-- Up-to-date: /workspace/install/cyclonedds/include/dds/ddsi/ddsi_typelib.h\n'}
[0.964962] (cyclonedds) StdoutLine: {'line': b'-- Up-to-date: /workspace/install/cyclonedds/include/dds/ddsi/ddsi_tcp.h\n'}
[0.965087] (cyclonedds) StdoutLine: {'line': b'-- Up-to-date: /workspace/install/cyclonedds/include/dds/ddsi/ddsi_statistics.h\n'}
[0.965229] (cyclonedds) StdoutLine: {'line': b'-- Up-to-date: /workspace/install/cyclonedds/include/dds/ddsi/ddsi_endpoint.h\n'}
[0.965382] (cyclonedds) StdoutLine: {'line': b'-- Up-to-date: /workspace/install/cyclonedds/include/dds/ddsi/ddsi_vendor.h\n'}
[0.965517] (cyclonedds) StdoutLine: {'line': b'-- Up-to-date: /workspace/install/cyclonedds/include/dds/ddsi/q_inverse_uint32_set.h\n'}
[0.965643] (cyclonedds) StdoutLine: {'line': b'-- Up-to-date: /workspace/install/cyclonedds/include/dds/ddsi/q_qosmatch.h\n'}
[0.965805] (cyclonedds) StdoutLine: {'line': b'-- Up-to-date: /workspace/install/cyclonedds/include/dds/ddsi/ddsi_proxy_endpoint.h\n'}
[0.965942] (cyclonedds) StdoutLine: {'line': b'-- Up-to-date: /workspace/install/cyclonedds/include/dds/ddsi/ddsi_plist_generic.h\n'}
[0.966116] (cyclonedds) StdoutLine: {'line': b'-- Up-to-date: /workspace/install/cyclonedds/include/dds/ddsi/q_log.h\n'}
[0.966221] (cyclonedds) StdoutLine: {'line': b'-- Up-to-date: /workspace/install/cyclonedds/include/dds/ddsi/ddsi_list_tmpl.h\n'}
[0.966338] (cyclonedds) StdoutLine: {'line': b'-- Up-to-date: /workspace/install/cyclonedds/include/dds/ddsi/ddsi_locator.h\n'}
[0.966537] (cyclonedds) StdoutLine: {'line': b'-- Up-to-date: /workspace/install/cyclonedds/include/dds/ddsi/ddsi_xt_typeinfo.h\n'}
[0.967016] (cyclonedds) StdoutLine: {'line': b'-- Up-to-date: /workspace/install/cyclonedds/include/dds/ddsi/ddsi_typebuilder.h\n'}
[0.967163] (cyclonedds) StdoutLine: {'line': b'-- Up-to-date: /workspace/install/cyclonedds/include/dds/ddsi/q_radmin.h\n'}
[0.967308] (cyclonedds) StdoutLine: {'line': b'-- Up-to-date: /workspace/install/cyclonedds/include/dds/ddsi/ddsi_lifespan.h\n'}
[0.967439] (cyclonedds) StdoutLine: {'line': b'-- Up-to-date: /workspace/install/cyclonedds/include/dds/ddsi/q_freelist.h\n'}
[0.967674] (cyclonedds) StdoutLine: {'line': b'-- Up-to-date: /workspace/install/cyclonedds/include/dds/ddsi/ddsi_sertype.h\n'}
[0.967870] (cyclonedds) StdoutLine: {'line': b'-- Up-to-date: /workspace/install/cyclonedds/include/dds/ddsi/q_rtps.h\n'}
[0.968083] (cyclonedds) StdoutLine: {'line': b'-- Up-to-date: /workspace/install/cyclonedds/include/dds/ddsi/ddsi_xt_typelookup.h\n'}
[0.968280] (cyclonedds) StdoutLine: {'line': b'-- Up-to-date: /workspace/install/cyclonedds/include/dds/ddsi/q_protocol.h\n'}
[0.968453] (cyclonedds) StdoutLine: {'line': b'-- Up-to-date: /workspace/install/cyclonedds/include/dds/ddsi/ddsi_builtin_topic_if.h\n'}
[0.968652] (cyclonedds) StdoutLine: {'line': b'-- Up-to-date: /workspace/install/cyclonedds/include/dds/ddsi/ddsi_pmd.h\n'}
[0.968839] (cyclonedds) StdoutLine: {'line': b'-- Up-to-date: /workspace/install/cyclonedds/include/dds/ddsi/ddsi_domaingv.h\n'}
[0.969218] (cyclonedds) StdoutLine: {'line': b'-- Up-to-date: /workspace/install/cyclonedds/include/dds/ddsi/ddsi_config_impl.h\n'}
[0.969342] (cyclonedds) StdoutLine: {'line': b'-- Up-to-date: /workspace/install/cyclonedds/include/dds/ddsi/ddsi_serdata.h\n'}
[0.969433] (cyclonedds) StdoutLine: {'line': b'-- Up-to-date: /workspace/install/cyclonedds/include/dds/ddsi/q_lat_estim.h\n'}
[0.969523] (cyclonedds) StdoutLine: {'line': b'-- Up-to-date: /workspace/install/cyclonedds/include/dds/ddsi/ddsi_security_exchange.h\n'}
[0.969611] (cyclonedds) StdoutLine: {'line': b'-- Up-to-date: /workspace/install/cyclonedds/include/dds/ddsi/ddsi_participant.h\n'}
[0.969697] (cyclonedds) StdoutLine: {'line': b'-- Up-to-date: /workspace/install/cyclonedds/include/dds/ddsi/ddsi_xt_typelookup.idl\n'}
[0.969792] (cyclonedds) StdoutLine: {'line': b'-- Up-to-date: /workspace/install/cyclonedds/include/dds/ddsi/ddsi_portmapping.h\n'}
[0.969905] (cyclonedds) StdoutLine: {'line': b'-- Up-to-date: /workspace/install/cyclonedds/include/dds/ddsi/ddsi_config.h\n'}
[0.970034] (cyclonedds) StdoutLine: {'line': b'-- Up-to-date: /workspace/install/cyclonedds/include/dds/ddsi/ddsi_cdrstream.h\n'}
[0.970159] (cyclonedds) StdoutLine: {'line': b'-- Up-to-date: /workspace/install/cyclonedds/include/dds/ddsi/q_addrset.h\n'}
[0.970285] (cyclonedds) StdoutLine: {'line': b'-- Up-to-date: /workspace/install/cyclonedds/include/dds/ddsi/ddsi_threadmon.h\n'}
[0.970413] (cyclonedds) StdoutLine: {'line': b'-- Up-to-date: /workspace/install/cyclonedds/include/dds/ddsi/ddsi_sertopic.h\n'}
[0.970517] (cyclonedds) StdoutLine: {'line': b'-- Up-to-date: /workspace/install/cyclonedds/include/dds/ddsi/q_hbcontrol.h\n'}
[0.971133] (cyclonedds) StdoutLine: {'line': b'-- Up-to-date: /workspace/install/cyclonedds/include/dds/ddsi/ddsi_ssl.h\n'}
[0.971274] (cyclonedds) StdoutLine: {'line': b'-- Up-to-date: /workspace/install/cyclonedds/include/dds/ddsi/ddsi_cfgelems.h\n'}
[0.971403] (cyclonedds) StdoutLine: {'line': b'-- Up-to-date: /workspace/install/cyclonedds/include/dds/ddsi/ddsi_deliver_locally.h\n'}
[0.971544] (cyclonedds) StdoutLine: {'line': b'-- Up-to-date: /workspace/install/cyclonedds/include/dds/ddsi/ddsi_tkmap.h\n'}
[0.971693] (cyclonedds) StdoutLine: {'line': b'-- Up-to-date: /workspace/install/cyclonedds/include/dds/ddsi/q_xmsg.h\n'}
[0.971824] (cyclonedds) StdoutLine: {'line': b'-- Up-to-date: /workspace/install/cyclonedds/include/dds/ddsi/q_feature_check.h\n'}
[0.971973] (cyclonedds) StdoutLine: {'line': b'-- Up-to-date: /workspace/install/cyclonedds/include/dds/ddsi/ddsi_iid.h\n'}
[0.972126] (cyclonedds) StdoutLine: {'line': b'-- Up-to-date: /workspace/install/cyclonedds/include/dds/ddsi/ddsi_raweth.h\n'}
[0.972253] (cyclonedds) StdoutLine: {'line': b'-- Up-to-date: /workspace/install/cyclonedds/include/dds/ddsi/ddsi_xt_typemap.h\n'}
[0.972396] (cyclonedds) StdoutLine: {'line': b'-- Up-to-date: /workspace/install/cyclonedds/include/dds/ddsi/q_bswap.h\n'}
[0.972535] (cyclonedds) StdoutLine: {'line': b'-- Up-to-date: /workspace/install/cyclonedds/include/dds/ddsi/ddsi_mcgroup.h\n'}
[0.972670] (cyclonedds) StdoutLine: {'line': b'-- Up-to-date: /workspace/install/cyclonedds/include/dds/ddsi/ddsi_rhc.h\n'}
[0.972797] (cyclonedds) StdoutLine: {'line': b'-- Up-to-date: /workspace/install/cyclonedds/include/dds/ddsi/ddsi_xt_typemap.idl\n'}
[0.972930] (cyclonedds) StdoutLine: {'line': b'-- Up-to-date: /workspace/install/cyclonedds/include/dds/ddsi/q_init.h\n'}
[0.973070] (cyclonedds) StdoutLine: {'line': b'-- Up-to-date: /workspace/install/cyclonedds/include/dds/ddsi/q_whc.h\n'}
[0.973206] (cyclonedds) StdoutLine: {'line': b'-- Up-to-date: /workspace/install/cyclonedds/include/dds/ddsi/sysdeps.h\n'}
[0.973351] (cyclonedds) StdoutLine: {'line': b'-- Up-to-date: /workspace/install/cyclonedds/include/dds/ddsi/ddsi_udp.h\n'}
[0.973478] (cyclonedds) StdoutLine: {'line': b'-- Up-to-date: /workspace/install/cyclonedds/include/dds/ddsi/ddsi_acknack.h\n'}
[0.973612] (cyclonedds) StdoutLine: {'line': b'-- Up-to-date: /workspace/install/cyclonedds/include/dds/ddsi/ddsi_keyhash.h\n'}
[0.973753] (cyclonedds) StdoutLine: {'line': b'-- Up-to-date: /workspace/install/cyclonedds/include/dds/ddsi/ddsi_ipaddr.h\n'}
[0.973885] (cyclonedds) StdoutLine: {'line': b'-- Up-to-date: /workspace/install/cyclonedds/include/dds/ddsi/q_bitset.h\n'}
[0.974019] (cyclonedds) StdoutLine: {'line': b'-- Up-to-date: /workspace/install/cyclonedds/include/dds/ddsi/ddsi_plist.h\n'}
[0.974151] (cyclonedds) StdoutLine: {'line': b'-- Up-to-date: /workspace/install/cyclonedds/include/dds/ddsi/ddsi_handshake.h\n'}
[0.974284] (cyclonedds) StdoutLine: {'line': b'-- Up-to-date: /workspace/install/cyclonedds/include/dds/ddsi/q_transmit.h\n'}
[0.974423] (cyclonedds) StdoutLine: {'line': b'-- Up-to-date: /workspace/install/cyclonedds/include/dds/ddsi/ddsi_list_genptr.h\n'}
[0.974560] (cyclonedds) StdoutLine: {'line': b'-- Up-to-date: /workspace/install/cyclonedds/include/dds/ddsi/ddsi_wraddrset.h\n'}
[0.974696] (cyclonedds) StdoutLine: {'line': b'-- Up-to-date: /workspace/install/cyclonedds/include/dds/ddsi/q_pcap.h\n'}
[0.975046] (cyclonedds) StdoutLine: {'line': b'-- Up-to-date: /workspace/install/cyclonedds/include/dds/ddsi/q_sockwaitset.h\n'}
[0.975196] (cyclonedds) StdoutLine: {'line': b'-- Up-to-date: /workspace/install/cyclonedds/include/dds/ddsi/ddsi_entity_index.h\n'}
[0.975356] (cyclonedds) StdoutLine: {'line': b'-- Up-to-date: /workspace/install/cyclonedds/include/dds/ddsi/q_receive.h\n'}
[0.975486] (cyclonedds) StdoutLine: {'line': b'-- Up-to-date: /workspace/install/cyclonedds/include/dds/ddsi/ddsi_serdata_pserop.h\n'}
[0.975629] (cyclonedds) StdoutLine: {'line': b'-- Up-to-date: /workspace/install/cyclonedds/include/dds/ddsi/ddsi_typewrap.h\n'}
[0.975795] (cyclonedds) StdoutLine: {'line': b'-- Up-to-date: /workspace/install/cyclonedds/include/dds/ddsi/ddsi_typelookup.h\n'}
[0.975924] (cyclonedds) StdoutLine: {'line': b'-- Up-to-date: /workspace/install/cyclonedds/include/dds/ddsi/ddsi_xt_typeinfo.idl\n'}
[0.976064] (cyclonedds) StdoutLine: {'line': b'-- Up-to-date: /workspace/install/cyclonedds/include/dds/ddsi/q_thread.h\n'}
[0.976201] (cyclonedds) StdoutLine: {'line': b'-- Up-to-date: /workspace/install/cyclonedds/include/dds/ddsi/ddsi_deadline.h\n'}
[0.976357] (cyclonedds) StdoutLine: {'line': b'-- Up-to-date: /workspace/install/cyclonedds/include/dds/ddsi/q_lease.h\n'}
[0.976490] (cyclonedds) StdoutLine: {'line': b'-- Up-to-date: /workspace/install/cyclonedds/include/dds/ddsi/q_ddsi_discovery.h\n'}
[0.976629] (cyclonedds) StdoutLine: {'line': b'-- Up-to-date: /workspace/install/cyclonedds/include/dds/ddsi/ddsi_time.h\n'}
[0.976782] (cyclonedds) StdoutLine: {'line': b'-- Up-to-date: /workspace/install/cyclonedds/include/dds/ddsi/q_gc.h\n'}
[0.976893] (cyclonedds) StdoutLine: {'line': b'-- Up-to-date: /workspace/install/cyclonedds/include/dds/ddsi/ddsi_serdata_plist.h\n'}
[0.976984] (cyclonedds) StdoutLine: {'line': b'-- Up-to-date: /workspace/install/cyclonedds/include/dds/ddsi/ddsi_tran.h\n'}
[0.977136] (cyclonedds) StdoutLine: {'line': b'-- Up-to-date: /workspace/install/cyclonedds/include/dds/ddsi/ddsi_cfgunits.h\n'}
[0.977229] (cyclonedds) StdoutLine: {'line': b'-- Up-to-date: /workspace/install/cyclonedds/include/dds/ddsi/ddsi_security_util.h\n'}
[0.977318] (cyclonedds) StdoutLine: {'line': b'-- Up-to-date: /workspace/install/cyclonedds/include/dds/ddsi/ddsi_topic.h\n'}
[0.977405] (cyclonedds) StdoutLine: {'line': b'-- Up-to-date: /workspace/install/cyclonedds/include/dds/ddsi/ddsi_serdata_default.h\n'}
[0.977492] (cyclonedds) StdoutLine: {'line': b'-- Up-to-date: /workspace/install/cyclonedds/include/dds/ddsi/ddsi_security_omg.h\n'}
[0.977578] (cyclonedds) StdoutLine: {'line': b'-- Up-to-date: /workspace/install/cyclonedds/include/dds/ddsi/q_unused.h\n'}
[0.977664] (cyclonedds) StdoutLine: {'line': b'-- Up-to-date: /workspace/install/cyclonedds/include/dds/ddsi/ddsi_shm_transport.h\n'}
[0.977750] (cyclonedds) StdoutLine: {'line': b'-- Up-to-date: /workspace/install/cyclonedds/include/dds/ddsi/ddsi_xqos.h\n'}
[0.977836] (cyclonedds) StdoutLine: {'line': b'-- Up-to-date: /workspace/install/cyclonedds/include\n'}
[0.977937] (cyclonedds) StdoutLine: {'line': b'-- Up-to-date: /workspace/install/cyclonedds/include/ddsc\n'}
[0.978033] (cyclonedds) StdoutLine: {'line': b'-- Up-to-date: /workspace/install/cyclonedds/include/ddsc/dds.h\n'}
[0.978121] (cyclonedds) StdoutLine: {'line': b'-- Up-to-date: /workspace/install/cyclonedds/include/dds\n'}
[0.978207] (cyclonedds) StdoutLine: {'line': b'-- Up-to-date: /workspace/install/cyclonedds/include/dds/ddsc\n'}
[0.978293] (cyclonedds) StdoutLine: {'line': b'-- Up-to-date: /workspace/install/cyclonedds/include/dds/ddsc/dds_public_qos.h\n'}
[0.978379] (cyclonedds) StdoutLine: {'line': b'-- Up-to-date: /workspace/install/cyclonedds/include/dds/ddsc/dds_internal_api.h\n'}
[0.978465] (cyclonedds) StdoutLine: {'line': b'-- Up-to-date: /workspace/install/cyclonedds/include/dds/ddsc/dds_opcodes.h\n'}
[0.978550] (cyclonedds) StdoutLine: {'line': b'-- Up-to-date: /workspace/install/cyclonedds/include/dds/ddsc/dds_public_alloc.h\n'}
[0.978636] (cyclonedds) StdoutLine: {'line': b'-- Up-to-date: /workspace/install/cyclonedds/include/dds/ddsc/dds_data_allocator.h\n'}
[0.978721] (cyclonedds) StdoutLine: {'line': b'-- Up-to-date: /workspace/install/cyclonedds/include/dds/ddsc/dds_loan_api.h\n'}
[0.978833] (cyclonedds) StdoutLine: {'line': b'-- Up-to-date: /workspace/install/cyclonedds/include/dds/ddsc/dds_public_listener.h\n'}
[0.978923] (cyclonedds) StdoutLine: {'line': b'-- Up-to-date: /workspace/install/cyclonedds/include/dds/ddsc/dds_rhc.h\n'}
[0.979009] (cyclonedds) StdoutLine: {'line': b'-- Up-to-date: /workspace/install/cyclonedds/include/dds/ddsc/dds_statistics.h\n'}
[0.979094] (cyclonedds) StdoutLine: {'line': b'-- Up-to-date: /workspace/install/cyclonedds/include/dds/ddsc/dds_public_impl.h\n'}
[0.979179] (cyclonedds) StdoutLine: {'line': b'-- Up-to-date: /workspace/install/cyclonedds/include/dds/ddsc/dds_public_qosdefs.h\n'}
[0.979263] (cyclonedds) StdoutLine: {'line': b'-- Up-to-date: /workspace/install/cyclonedds/include/dds/ddsc/dds_basic_types.h\n'}
[0.979349] (cyclonedds) StdoutLine: {'line': b'-- Up-to-date: /workspace/install/cyclonedds/include/dds/ddsc/dds_public_error.h\n'}
[0.979434] (cyclonedds) StdoutLine: {'line': b'-- Up-to-date: /workspace/install/cyclonedds/include/dds/ddsc/dds_public_status.h\n'}
[0.979519] (cyclonedds) StdoutLine: {'line': b'-- Up-to-date: /workspace/install/cyclonedds/include/dds/dds.h\n'}
[0.979603] (cyclonedds) StdoutLine: {'line': b'-- Up-to-date: /workspace/install/cyclonedds/include\n'}
[0.979688] (cyclonedds) StdoutLine: {'line': b'-- Up-to-date: /workspace/install/cyclonedds/include/dds\n'}
[0.979774] (cyclonedds) StdoutLine: {'line': b'-- Up-to-date: /workspace/install/cyclonedds/include/dds/export.h\n'}
[0.979860] (cyclonedds) StdoutLine: {'line': b'-- Up-to-date: /workspace/install/cyclonedds/lib/libddsc.so.0.10.2\n'}
[0.979945] (cyclonedds) StdoutLine: {'line': b'-- Up-to-date: /workspace/install/cyclonedds/lib/libddsc.so.0\n'}
[0.980030] (cyclonedds) StdoutLine: {'line': b'-- Up-to-date: /workspace/install/cyclonedds/lib/libddsc.so\n'}
[0.980116] (cyclonedds) StdoutLine: {'line': b'-- Up-to-date: /workspace/install/cyclonedds/share/doc/CycloneDDS/CONTRIBUTING.md\n'}
[0.980202] (cyclonedds) StdoutLine: {'line': b'-- Up-to-date: /workspace/install/cyclonedds/share/doc/CycloneDDS/CYCLONEDDS_QUALITY_DECLARATION.md\n'}
[0.980289] (cyclonedds) StdoutLine: {'line': b'-- Up-to-date: /workspace/install/cyclonedds/share/doc/CycloneDDS/LICENSE\n'}
[0.980373] (cyclonedds) StdoutLine: {'line': b'-- Up-to-date: /workspace/install/cyclonedds/share/doc/CycloneDDS/NOTICE.md\n'}
[0.980459] (cyclonedds) StdoutLine: {'line': b'-- Up-to-date: /workspace/install/cyclonedds/share/doc/CycloneDDS/README.md\n'}
[0.980544] (cyclonedds) StdoutLine: {'line': b'-- Up-to-date: /workspace/install/cyclonedds/share/doc/CycloneDDS/CHANGELOG.rst\n'}
[0.980634] (cyclonedds) CommandEnded: {'returncode': 0}
[0.981102] (multirobot_map_merge) StdoutLine: {'line': b'[ 33%] Built target gtest\n'}
[0.981288] (multirobot_map_merge) StdoutLine: {'line': b'[ 33%] Built target gtest_main\n'}
[0.981402] (explore_lite_msgs) StdoutLine: {'line': b"Listing '/workspace/install/explore_lite_msgs/local/lib/python3.10/dist-packages/explore_lite_msgs'...\n"}
[0.981517] (explore_lite_msgs) StdoutLine: {'line': b"Listing '/workspace/install/explore_lite_msgs/local/lib/python3.10/dist-packages/explore_lite_msgs/msg'...\n"}
[0.981609] (explore_lite_msgs) StdoutLine: {'line': b'-- Up-to-date: /workspace/install/explore_lite_msgs/local/lib/python3.10/dist-packages/explore_lite_msgs/explore_lite_msgs_s__rosidl_typesupport_fastrtps_c.cpython-310-aarch64-linux-gnu.so\n'}
[0.981706] (explore_lite_msgs) StdoutLine: {'line': b'-- Up-to-date: /workspace/install/explore_lite_msgs/local/lib/python3.10/dist-packages/explore_lite_msgs/explore_lite_msgs_s__rosidl_typesupport_introspection_c.cpython-310-aarch64-linux-gnu.so\n'}
[0.981809] (explore_lite_msgs) StdoutLine: {'line': b'-- Up-to-date: /workspace/install/explore_lite_msgs/local/lib/python3.10/dist-packages/explore_lite_msgs/explore_lite_msgs_s__rosidl_typesupport_c.cpython-310-aarch64-linux-gnu.so\n'}
[0.981905] (explore_lite_msgs) StdoutLine: {'line': b'-- Up-to-date: /workspace/install/explore_lite_msgs/lib/libexplore_lite_msgs__rosidl_generator_py.so\n'}
[0.981996] (explore_lite_msgs) StdoutLine: {'line': b'-- Up-to-date: /workspace/install/explore_lite_msgs/share/ament_index/resource_index/rust_packages/explore_lite_msgs\n'}
[0.982086] (explore_lite_msgs) StdoutLine: {'line': b'-- Up-to-date: /workspace/install/explore_lite_msgs/share/explore_lite_msgs/rust\n'}
[0.982175] (explore_lite_msgs) StdoutLine: {'line': b'-- Up-to-date: /workspace/install/explore_lite_msgs/share/explore_lite_msgs/rust/build.rs\n'}
[0.982264] (explore_lite_msgs) StdoutLine: {'line': b'-- Up-to-date: /workspace/install/explore_lite_msgs/share/explore_lite_msgs/rust/src\n'}
[0.982352] (explore_lite_msgs) StdoutLine: {'line': b'-- Up-to-date: /workspace/install/explore_lite_msgs/share/explore_lite_msgs/rust/src/msg.rs\n'}
[0.982439] (explore_lite_msgs) StdoutLine: {'line': b'-- Up-to-date: /workspace/install/explore_lite_msgs/share/explore_lite_msgs/rust/src/lib.rs\n'}
[0.982526] (explore_lite_msgs) StdoutLine: {'line': b'-- Up-to-date: /workspace/install/explore_lite_msgs/share/explore_lite_msgs/rust/src/msg\n'}
[0.982613] (explore_lite_msgs) StdoutLine: {'line': b'-- Up-to-date: /workspace/install/explore_lite_msgs/share/explore_lite_msgs/rust/src/msg/rmw.rs\n'}
[0.982701] (explore_lite_msgs) StdoutLine: {'line': b'-- Up-to-date: /workspace/install/explore_lite_msgs/share/explore_lite_msgs/rust/Cargo.toml\n'}
[0.982814] (explore_lite_msgs) StdoutLine: {'line': b'-- Up-to-date: /workspace/install/explore_lite_msgs/share/explore_lite_msgs/msg/ExploreStatus.idl\n'}
[0.982905] (explore_lite_msgs) StdoutLine: {'line': b'-- Up-to-date: /workspace/install/explore_lite_msgs/share/explore_lite_msgs/msg/ExploreStatus.msg\n'}
[0.982995] (explore_lite_msgs) StdoutLine: {'line': b'-- Up-to-date: /workspace/install/explore_lite_msgs/share/ament_index/resource_index/package_run_dependencies/explore_lite_msgs\n'}
[0.983084] (explore_lite_msgs) StdoutLine: {'line': b'-- Up-to-date: /workspace/install/explore_lite_msgs/share/ament_index/resource_index/parent_prefix_path/explore_lite_msgs\n'}
[0.983195] (explore_lite_msgs) StdoutLine: {'line': b'-- Up-to-date: /workspace/install/explore_lite_msgs/share/explore_lite_msgs/environment/ament_prefix_path.sh\n'}
[0.983286] (explore_lite_msgs) StdoutLine: {'line': b'-- Up-to-date: /workspace/install/explore_lite_msgs/share/explore_lite_msgs/environment/ament_prefix_path.dsv\n'}
[0.983373] (explore_lite_msgs) StdoutLine: {'line': b'-- Up-to-date: /workspace/install/explore_lite_msgs/share/explore_lite_msgs/environment/path.sh\n'}
[0.983463] (explore_lite_msgs) StdoutLine: {'line': b'-- Up-to-date: /workspace/install/explore_lite_msgs/share/explore_lite_msgs/environment/path.dsv\n'}
[0.983549] (explore_lite_msgs) StdoutLine: {'line': b'-- Up-to-date: /workspace/install/explore_lite_msgs/share/explore_lite_msgs/local_setup.bash\n'}
[0.983636] (explore_lite_msgs) StdoutLine: {'line': b'-- Up-to-date: /workspace/install/explore_lite_msgs/share/explore_lite_msgs/local_setup.sh\n'}
[0.983734] (explore_lite_msgs) StdoutLine: {'line': b'-- Up-to-date: /workspace/install/explore_lite_msgs/share/explore_lite_msgs/local_setup.zsh\n'}
[0.983821] (explore_lite_msgs) StdoutLine: {'line': b'-- Up-to-date: /workspace/install/explore_lite_msgs/share/explore_lite_msgs/local_setup.dsv\n'}
[0.983906] (explore_lite_msgs) StdoutLine: {'line': b'-- Installing: /workspace/install/explore_lite_msgs/share/explore_lite_msgs/package.dsv\n'}
[0.983993] (explore_lite_msgs) StdoutLine: {'line': b'-- Up-to-date: /workspace/install/explore_lite_msgs/share/ament_index/resource_index/packages/explore_lite_msgs\n'}
[0.984081] (explore_lite_msgs) StdoutLine: {'line': b'-- Up-to-date: /workspace/install/explore_lite_msgs/share/explore_lite_msgs/cmake/export_explore_lite_msgs__rosidl_generator_cExport.cmake\n'}
[0.984170] (explore_lite_msgs) StdoutLine: {'line': b'-- Up-to-date: /workspace/install/explore_lite_msgs/share/explore_lite_msgs/cmake/export_explore_lite_msgs__rosidl_generator_cExport-noconfig.cmake\n'}
[0.984261] (explore_lite_msgs) StdoutLine: {'line': b'-- Up-to-date: /workspace/install/explore_lite_msgs/share/explore_lite_msgs/cmake/export_explore_lite_msgs__rosidl_typesupport_fastrtps_cExport.cmake\n'}
[0.984350] (explore_lite_msgs) StdoutLine: {'line': b'-- Up-to-date: /workspace/install/explore_lite_msgs/share/explore_lite_msgs/cmake/export_explore_lite_msgs__rosidl_typesupport_fastrtps_cExport-noconfig.cmake\n'}
[0.984441] (explore_lite_msgs) StdoutLine: {'line': b'-- Up-to-date: /workspace/install/explore_lite_msgs/share/explore_lite_msgs/cmake/explore_lite_msgs__rosidl_typesupport_introspection_cExport.cmake\n'}
[0.984530] (explore_lite_msgs) StdoutLine: {'line': b'-- Up-to-date: /workspace/install/explore_lite_msgs/share/explore_lite_msgs/cmake/explore_lite_msgs__rosidl_typesupport_introspection_cExport-noconfig.cmake\n'}
[0.984618] (explore_lite_msgs) StdoutLine: {'line': b'-- Up-to-date: /workspace/install/explore_lite_msgs/share/explore_lite_msgs/cmake/explore_lite_msgs__rosidl_typesupport_cExport.cmake\n'}
[0.984707] (explore_lite_msgs) StdoutLine: {'line': b'-- Up-to-date: /workspace/install/explore_lite_msgs/share/explore_lite_msgs/cmake/explore_lite_msgs__rosidl_typesupport_cExport-noconfig.cmake\n'}
[0.984806] (explore_lite_msgs) StdoutLine: {'line': b'-- Up-to-date: /workspace/install/explore_lite_msgs/share/explore_lite_msgs/cmake/export_explore_lite_msgs__rosidl_generator_cppExport.cmake\n'}
[0.984897] (explore_lite_msgs) StdoutLine: {'line': b'-- Up-to-date: /workspace/install/explore_lite_msgs/share/explore_lite_msgs/cmake/export_explore_lite_msgs__rosidl_typesupport_fastrtps_cppExport.cmake\n'}
[0.984987] (explore_lite_msgs) StdoutLine: {'line': b'-- Up-to-date: /workspace/install/explore_lite_msgs/share/explore_lite_msgs/cmake/export_explore_lite_msgs__rosidl_typesupport_fastrtps_cppExport-noconfig.cmake\n'}
[0.985075] (explore_lite_msgs) StdoutLine: {'line': b'-- Up-to-date: /workspace/install/explore_lite_msgs/share/explore_lite_msgs/cmake/explore_lite_msgs__rosidl_typesupport_introspection_cppExport.cmake\n'}
[0.985165] (explore_lite_msgs) StdoutLine: {'line': b'-- Up-to-date: /workspace/install/explore_lite_msgs/share/explore_lite_msgs/cmake/explore_lite_msgs__rosidl_typesupport_introspection_cppExport-noconfig.cmake\n'}
[0.985253] (explore_lite_msgs) StdoutLine: {'line': b'-- Up-to-date: /workspace/install/explore_lite_msgs/share/explore_lite_msgs/cmake/explore_lite_msgs__rosidl_typesupport_cppExport.cmake\n'}
[0.985341] (explore_lite_msgs) StdoutLine: {'line': b'-- Up-to-date: /workspace/install/explore_lite_msgs/share/explore_lite_msgs/cmake/explore_lite_msgs__rosidl_typesupport_cppExport-noconfig.cmake\n'}
[0.985429] (explore_lite_msgs) StdoutLine: {'line': b'-- Up-to-date: /workspace/install/explore_lite_msgs/share/explore_lite_msgs/cmake/export_explore_lite_msgs__rosidl_generator_pyExport.cmake\n'}
[0.985516] (explore_lite_msgs) StdoutLine: {'line': b'-- Up-to-date: /workspace/install/explore_lite_msgs/share/explore_lite_msgs/cmake/export_explore_lite_msgs__rosidl_generator_pyExport-noconfig.cmake\n'}
[0.985615] (explore_lite_msgs) StdoutLine: {'line': b'-- Up-to-date: /workspace/install/explore_lite_msgs/share/explore_lite_msgs/cmake/rosidl_cmake-extras.cmake\n'}
[0.985703] (explore_lite_msgs) StdoutLine: {'line': b'-- Up-to-date: /workspace/install/explore_lite_msgs/share/explore_lite_msgs/cmake/ament_cmake_export_include_directories-extras.cmake\n'}
[0.985792] (explore_lite_msgs) StdoutLine: {'line': b'-- Up-to-date: /workspace/install/explore_lite_msgs/share/explore_lite_msgs/cmake/ament_cmake_export_libraries-extras.cmake\n'}
[0.985879] (explore_lite_msgs) StdoutLine: {'line': b'-- Up-to-date: /workspace/install/explore_lite_msgs/share/explore_lite_msgs/cmake/ament_cmake_export_targets-extras.cmake\n'}
[0.985969] (explore_lite_msgs) StdoutLine: {'line': b'-- Up-to-date: /workspace/install/explore_lite_msgs/share/explore_lite_msgs/cmake/rosidl_cmake_export_typesupport_targets-extras.cmake\n'}
[0.986078] (explore_lite_msgs) StdoutLine: {'line': b'-- Up-to-date: /workspace/install/explore_lite_msgs/share/explore_lite_msgs/cmake/ament_cmake_export_dependencies-extras.cmake\n'}
[0.986171] (explore_lite_msgs) StdoutLine: {'line': b'-- Up-to-date: /workspace/install/explore_lite_msgs/share/explore_lite_msgs/cmake/rosidl_cmake_export_typesupport_libraries-extras.cmake\n'}
[0.986260] (explore_lite_msgs) StdoutLine: {'line': b'-- Up-to-date: /workspace/install/explore_lite_msgs/share/explore_lite_msgs/cmake/explore_lite_msgsConfig.cmake\n'}
[0.986348] (explore_lite_msgs) StdoutLine: {'line': b'-- Up-to-date: /workspace/install/explore_lite_msgs/share/explore_lite_msgs/cmake/explore_lite_msgsConfig-version.cmake\n'}
[0.986436] (explore_lite_msgs) StdoutLine: {'line': b'-- Up-to-date: /workspace/install/explore_lite_msgs/share/explore_lite_msgs/package.xml\n'}
[0.986525] (multirobot_map_merge) StdoutLine: {'line': b'[ 66%] Built target combine_grids\n'}
[0.986646] (cyclonedds) JobEnded: {'identifier': 'cyclonedds', 'rc': 0}
[0.988938] (unitree_sdk2py) JobStarted: {'identifier': 'unitree_sdk2py'}
[0.989592] (multirobot_map_merge) StdoutLine: {'line': b'[ 83%] Built target test_merging_pipeline\n'}
[0.992607] (explore_lite_msgs) CommandEnded: {'returncode': 0}
[0.996095] (multirobot_map_merge) StdoutLine: {'line': b'[100%] Built target map_merge\n'}
[1.021574] (explore_lite_msgs) JobEnded: {'identifier': 'explore_lite_msgs', 'rc': 0}
[1.024289] (explore_lite) JobStarted: {'identifier': 'explore_lite'}
[1.030918] (multirobot_map_merge) CommandEnded: {'returncode': 0}
[1.031876] (multirobot_map_merge) JobProgress: {'identifier': 'multirobot_map_merge', 'progress': 'install'}
[1.032394] (multirobot_map_merge) Command: {'cmd': ['/usr/bin/cmake', '--install', '/workspace/build/multirobot_map_merge'], 'cwd': '/workspace/build/multirobot_map_merge', 'env': OrderedDict([('HOSTNAME', 'ubuntu'), ('SHLVL', '2'), ('LD_LIBRARY_PATH', '/workspace/install/multirobot_map_merge/lib:/workspace/install/explore_lite_msgs/lib:/workspace/install/cyclonedds/lib:/opt/ros/humble/opt/rviz_ogre_vendor/lib:/opt/ros/humble/lib/aarch64-linux-gnu:/opt/ros/humble/lib'), ('HOME', '/root'), ('OLDPWD', '/workspace'), ('ROS_PYTHON_VERSION', '3'), ('COLCON_PREFIX_PATH', '/workspace/install'), ('ROS_DISTRO', 'humble'), ('_', '/usr/bin/colcon'), ('ROS_VERSION', '2'), ('PKG_CONFIG_PATH', '/workspace/install/cyclonedds/lib/aarch64-linux-gnu/pkgconfig:/workspace/install/cyclonedds/lib/pkgconfig'), ('TERM', 'xterm'), ('ROS_LOCALHOST_ONLY', '0'), ('PATH', '/workspace/install/cyclonedds/bin:/opt/ros/humble/bin:/usr/local/sbin:/usr/local/bin:/usr/sbin:/usr/bin:/sbin:/bin'), ('LANG', 'C.UTF-8'), ('RMW_IMPLEMENTATION', 'rmw_cyclonedds_cpp'), ('CYCLONEDDS_HOME', '/workspace/cyclonedds/install'), ('LS_COLORS', 'rs=0:di=01;34:ln=01;36:mh=00:pi=40;33:so=01;35:do=01;35:bd=40;33;01:cd=40;33;01:or=40;31;01:mi=00:su=37;41:sg=30;43:ca=30;41:tw=30;42:ow=34;42:st=37;44:ex=01;32:*.tar=01;31:*.tgz=01;31:*.arc=01;31:*.arj=01;31:*.taz=01;31:*.lha=01;31:*.lz4=01;31:*.lzh=01;31:*.lzma=01;31:*.tlz=01;31:*.txz=01;31:*.tzo=01;31:*.t7z=01;31:*.zip=01;31:*.z=01;31:*.dz=01;31:*.gz=01;31:*.lrz=01;31:*.lz=01;31:*.lzo=01;31:*.xz=01;31:*.zst=01;31:*.tzst=01;31:*.bz2=01;31:*.bz=01;31:*.tbz=01;31:*.tbz2=01;31:*.tz=01;31:*.deb=01;31:*.rpm=01;31:*.jar=01;31:*.war=01;31:*.ear=01;31:*.sar=01;31:*.rar=01;31:*.alz=01;31:*.ace=01;31:*.zoo=01;31:*.cpio=01;31:*.7z=01;31:*.rz=01;31:*.cab=01;31:*.wim=01;31:*.swm=01;31:*.dwm=01;31:*.esd=01;31:*.jpg=01;35:*.jpeg=01;35:*.mjpg=01;35:*.mjpeg=01;35:*.gif=01;35:*.bmp=01;35:*.pbm=01;35:*.pgm=01;35:*.ppm=01;35:*.tga=01;35:*.xbm=01;35:*.xpm=01;35:*.tif=01;35:*.tiff=01;35:*.png=01;35:*.svg=01;35:*.svgz=01;35:*.mng=01;35:*.pcx=01;35:*.mov=01;35:*.mpg=01;35:*.mpeg=01;35:*.m2v=01;35:*.mkv=01;35:*.webm=01;35:*.webp=01;35:*.ogm=01;35:*.mp4=01;35:*.m4v=01;35:*.mp4v=01;35:*.vob=01;35:*.qt=01;35:*.nuv=01;35:*.wmv=01;35:*.asf=01;35:*.rm=01;35:*.rmvb=01;35:*.flc=01;35:*.avi=01;35:*.fli=01;35:*.flv=01;35:*.gl=01;35:*.dl=01;35:*.xcf=01;35:*.xwd=01;35:*.yuv=01;35:*.cgm=01;35:*.emf=01;35:*.ogv=01;35:*.ogx=01;35:*.aac=00;36:*.au=00;36:*.flac=00;36:*.m4a=00;36:*.mid=00;36:*.midi=00;36:*.mka=00;36:*.mp3=00;36:*.mpc=00;36:*.ogg=00;36:*.ra=00;36:*.wav=00;36:*.oga=00;36:*.opus=00;36:*.spx=00;36:*.xspf=00;36:'), ('AMENT_PREFIX_PATH', '/workspace/install/multirobot_map_merge:/workspace/install/go2_vision:/workspace/install/go2_nav:/workspace/install/explore_lite:/workspace/install/explore_lite_msgs:/opt/ros/humble'), ('PWD', '/workspace/build/multirobot_map_merge'), ('LC_ALL', 'C.UTF-8'), ('PYTHONPATH', '/workspace/install/unitree_sdk2py/lib/python3.10/site-packages:/workspace/install/go2_vision/lib/python3.10/site-packages:/workspace/install/go2_nav/lib/python3.10/site-packages:/workspace/install/explore_lite_msgs/local/lib/python3.10/dist-packages:/opt/ros/humble/lib/python3.10/site-packages:/opt/ros/humble/local/lib/python3.10/dist-packages'), ('COLCON', '1'), ('CMAKE_PREFIX_PATH', '/workspace/install/multirobot_map_merge:/workspace/install/explore_lite:/workspace/install/explore_lite_msgs:/workspace/install/cyclonedds:/workspace/install/go2_vision:/workspace/install/go2_nav:/opt/ros/humble')]), 'shell': False}
[1.039370] (-) TimerEvent: {}
[1.139877] (-) TimerEvent: {}
[1.240424] (-) TimerEvent: {}
[1.340990] (-) TimerEvent: {}
[1.409103] (multirobot_map_merge) StdoutLine: {'line': b'-- Install configuration: ""\n'}
[1.409845] (multirobot_map_merge) StdoutLine: {'line': b'-- Up-to-date: /workspace/install/multirobot_map_merge/include/map_merge/\n'}
[1.411229] (multirobot_map_merge) StdoutLine: {'line': b'-- Up-to-date: /workspace/install/multirobot_map_merge/include/map_merge//ros1_names.hpp\n'}
[1.411433] (multirobot_map_merge) StdoutLine: {'line': b'-- Up-to-date: /workspace/install/multirobot_map_merge/include/map_merge//map_merge.h\n'}
[1.411602] (multirobot_map_merge) StdoutLine: {'line': b'-- Up-to-date: /workspace/install/multirobot_map_merge/share/multirobot_map_merge/launch\n'}
[1.411782] (multirobot_map_merge) StdoutLine: {'line': b'-- Up-to-date: /workspace/install/multirobot_map_merge/share/multirobot_map_merge/launch/map_merge.rviz\n'}
[1.411925] (multirobot_map_merge) StdoutLine: {'line': b'-- Up-to-date: /workspace/install/multirobot_map_merge/share/multirobot_map_merge/launch/tb3_simulation\n'}
[1.412113] (multirobot_map_merge) StdoutLine: {'line': b'-- Up-to-date: /workspace/install/multirobot_map_merge/share/multirobot_map_merge/launch/tb3_simulation/slam_toolbox.py\n'}
[1.412289] (multirobot_map_merge) StdoutLine: {'line': b'-- Up-to-date: /workspace/install/multirobot_map_merge/share/multirobot_map_merge/launch/tb3_simulation/bringup_launch.py\n'}
[1.412464] (multirobot_map_merge) StdoutLine: {'line': b'-- Up-to-date: /workspace/install/multirobot_map_merge/share/multirobot_map_merge/launch/tb3_simulation/multi_tb3_simulation_launch.py\n'}
[1.412661] (multirobot_map_merge) StdoutLine: {'line': b'-- Up-to-date: /workspace/install/multirobot_map_merge/share/multirobot_map_merge/launch/tb3_simulation/tb3_simulation_launch.py\n'}
[1.412848] (multirobot_map_merge) StdoutLine: {'line': b'-- Up-to-date: /workspace/install/multirobot_map_merge/share/multirobot_map_merge/launch/tb3_simulation/worlds\n'}
[1.413055] (multirobot_map_merge) StdoutLine: {'line': b'-- Up-to-date: /workspace/install/multirobot_map_merge/share/multirobot_map_merge/launch/tb3_simulation/worlds/world_only.model\n'}
[1.413305] (multirobot_map_merge) StdoutLine: {'line': b'-- Up-to-date: /workspace/install/multirobot_map_merge/share/multirobot_map_merge/launch/tb3_simulation/config\n'}
[1.413472] (multirobot_map_merge) StdoutLine: {'line': b'-- Up-to-date: /workspace/install/multirobot_map_merge/share/multirobot_map_merge/launch/tb3_simulation/config/nav2_multirobot_params_1.yaml\n'}
[1.413592] (multirobot_map_merge) StdoutLine: {'line': b'-- Up-to-date: /workspace/install/multirobot_map_merge/share/multirobot_map_merge/launch/tb3_simulation/config/nav2_multirobot_params_2.yaml\n'}
[1.413734] (multirobot_map_merge) StdoutLine: {'line': b'-- Up-to-date: /workspace/install/multirobot_map_merge/share/multirobot_map_merge/launch/map_merge.launch.py\n'}
[1.413873] (multirobot_map_merge) StdoutLine: {'line': b'-- Up-to-date: /workspace/install/multirobot_map_merge/share/multirobot_map_merge/launch/from_map_server.launch.py\n'}
[1.414014] (multirobot_map_merge) StdoutLine: {'line': b'-- Up-to-date: /workspace/install/multirobot_map_merge/share/multirobot_map_merge/config\n'}
[1.414136] (multirobot_map_merge) StdoutLine: {'line': b'-- Up-to-date: /workspace/install/multirobot_map_merge/share/multirobot_map_merge/config/params.yaml\n'}
[1.414280] (multirobot_map_merge) StdoutLine: {'line': b'-- Up-to-date: /workspace/install/multirobot_map_merge/lib/libcombine_grids.a\n'}
[1.414429] (multirobot_map_merge) StdoutLine: {'line': b'-- Up-to-date: /workspace/install/multirobot_map_merge/lib/multirobot_map_merge/map_merge\n'}
[1.414544] (multirobot_map_merge) StdoutLine: {'line': b'-- Up-to-date: /workspace/install/multirobot_map_merge/share/multirobot_map_merge/environment/library_path.sh\n'}
[1.414676] (multirobot_map_merge) StdoutLine: {'line': b'-- Up-to-date: /workspace/install/multirobot_map_merge/share/multirobot_map_merge/environment/library_path.dsv\n'}
[1.414832] (multirobot_map_merge) StdoutLine: {'line': b'-- Up-to-date: /workspace/install/multirobot_map_merge/share/ament_index/resource_index/package_run_dependencies/multirobot_map_merge\n'}
[1.414957] (multirobot_map_merge) StdoutLine: {'line': b'-- Up-to-date: /workspace/install/multirobot_map_merge/share/ament_index/resource_index/parent_prefix_path/multirobot_map_merge\n'}
[1.415099] (multirobot_map_merge) StdoutLine: {'line': b'-- Up-to-date: /workspace/install/multirobot_map_merge/share/multirobot_map_merge/environment/ament_prefix_path.sh\n'}
[1.415247] (multirobot_map_merge) StdoutLine: {'line': b'-- Up-to-date: /workspace/install/multirobot_map_merge/share/multirobot_map_merge/environment/ament_prefix_path.dsv\n'}
[1.415379] (multirobot_map_merge) StdoutLine: {'line': b'-- Up-to-date: /workspace/install/multirobot_map_merge/share/multirobot_map_merge/environment/path.sh\n'}
[1.416036] (multirobot_map_merge) StdoutLine: {'line': b'-- Up-to-date: /workspace/install/multirobot_map_merge/share/multirobot_map_merge/environment/path.dsv\n'}
[1.416193] (multirobot_map_merge) StdoutLine: {'line': b'-- Up-to-date: /workspace/install/multirobot_map_merge/share/multirobot_map_merge/local_setup.bash\n'}
[1.416724] (multirobot_map_merge) StdoutLine: {'line': b'-- Up-to-date: /workspace/install/multirobot_map_merge/share/multirobot_map_merge/local_setup.sh\n'}
[1.416863] (multirobot_map_merge) StdoutLine: {'line': b'-- Up-to-date: /workspace/install/multirobot_map_merge/share/multirobot_map_merge/local_setup.zsh\n'}
[1.416982] (multirobot_map_merge) StdoutLine: {'line': b'-- Up-to-date: /workspace/install/multirobot_map_merge/share/multirobot_map_merge/local_setup.dsv\n'}
[1.417134] (multirobot_map_merge) StdoutLine: {'line': b'-- Installing: /workspace/install/multirobot_map_merge/share/multirobot_map_merge/package.dsv\n'}
[1.417439] (multirobot_map_merge) StdoutLine: {'line': b'-- Up-to-date: /workspace/install/multirobot_map_merge/share/ament_index/resource_index/packages/multirobot_map_merge\n'}
[1.417802] (multirobot_map_merge) StdoutLine: {'line': b'-- Up-to-date: /workspace/install/multirobot_map_merge/share/multirobot_map_merge/cmake/ament_cmake_export_include_directories-extras.cmake\n'}
[1.417968] (multirobot_map_merge) StdoutLine: {'line': b'-- Up-to-date: /workspace/install/multirobot_map_merge/share/multirobot_map_merge/cmake/ament_cmake_export_libraries-extras.cmake\n'}
[1.418130] (multirobot_map_merge) StdoutLine: {'line': b'-- Up-to-date: /workspace/install/multirobot_map_merge/share/multirobot_map_merge/cmake/multirobot_map_mergeConfig.cmake\n'}
[1.418474] (multirobot_map_merge) StdoutLine: {'line': b'-- Up-to-date: /workspace/install/multirobot_map_merge/share/multirobot_map_merge/cmake/multirobot_map_mergeConfig-version.cmake\n'}
[1.418953] (multirobot_map_merge) StdoutLine: {'line': b'-- Up-to-date: /workspace/install/multirobot_map_merge/share/multirobot_map_merge/package.xml\n'}
[1.419102] (multirobot_map_merge) CommandEnded: {'returncode': 0}
[1.435164] (multirobot_map_merge) JobEnded: {'identifier': 'multirobot_map_merge', 'rc': 0}
[1.436409] (explore_lite) JobProgress: {'identifier': 'explore_lite', 'progress': 'cmake'}
[1.437041] (explore_lite) JobProgress: {'identifier': 'explore_lite', 'progress': 'build'}
[1.437465] (explore_lite) Command: {'cmd': ['/usr/bin/cmake', '--build', '/workspace/build/explore_lite', '--', '-j8', '-l8'], 'cwd': '/workspace/build/explore_lite', 'env': OrderedDict([('HOSTNAME', 'ubuntu'), ('SHLVL', '2'), ('LD_LIBRARY_PATH', '/workspace/install/explore_lite_msgs/lib:/workspace/install/multirobot_map_merge/lib:/workspace/install/cyclonedds/lib:/opt/ros/humble/opt/rviz_ogre_vendor/lib:/opt/ros/humble/lib/aarch64-linux-gnu:/opt/ros/humble/lib'), ('HOME', '/root'), ('OLDPWD', '/workspace'), ('ROS_PYTHON_VERSION', '3'), ('COLCON_PREFIX_PATH', '/workspace/install'), ('ROS_DISTRO', 'humble'), ('_', '/usr/bin/colcon'), ('ROS_VERSION', '2'), ('PKG_CONFIG_PATH', '/workspace/install/cyclonedds/lib/aarch64-linux-gnu/pkgconfig:/workspace/install/cyclonedds/lib/pkgconfig'), ('TERM', 'xterm'), ('ROS_LOCALHOST_ONLY', '0'), ('PATH', '/workspace/install/cyclonedds/bin:/opt/ros/humble/bin:/usr/local/sbin:/usr/local/bin:/usr/sbin:/usr/bin:/sbin:/bin'), ('LANG', 'C.UTF-8'), ('RMW_IMPLEMENTATION', 'rmw_cyclonedds_cpp'), ('CYCLONEDDS_HOME', '/workspace/cyclonedds/install'), ('LS_COLORS', 'rs=0:di=01;34:ln=01;36:mh=00:pi=40;33:so=01;35:do=01;35:bd=40;33;01:cd=40;33;01:or=40;31;01:mi=00:su=37;41:sg=30;43:ca=30;41:tw=30;42:ow=34;42:st=37;44:ex=01;32:*.tar=01;31:*.tgz=01;31:*.arc=01;31:*.arj=01;31:*.taz=01;31:*.lha=01;31:*.lz4=01;31:*.lzh=01;31:*.lzma=01;31:*.tlz=01;31:*.txz=01;31:*.tzo=01;31:*.t7z=01;31:*.zip=01;31:*.z=01;31:*.dz=01;31:*.gz=01;31:*.lrz=01;31:*.lz=01;31:*.lzo=01;31:*.xz=01;31:*.zst=01;31:*.tzst=01;31:*.bz2=01;31:*.bz=01;31:*.tbz=01;31:*.tbz2=01;31:*.tz=01;31:*.deb=01;31:*.rpm=01;31:*.jar=01;31:*.war=01;31:*.ear=01;31:*.sar=01;31:*.rar=01;31:*.alz=01;31:*.ace=01;31:*.zoo=01;31:*.cpio=01;31:*.7z=01;31:*.rz=01;31:*.cab=01;31:*.wim=01;31:*.swm=01;31:*.dwm=01;31:*.esd=01;31:*.jpg=01;35:*.jpeg=01;35:*.mjpg=01;35:*.mjpeg=01;35:*.gif=01;35:*.bmp=01;35:*.pbm=01;35:*.pgm=01;35:*.ppm=01;35:*.tga=01;35:*.xbm=01;35:*.xpm=01;35:*.tif=01;35:*.tiff=01;35:*.png=01;35:*.svg=01;35:*.svgz=01;35:*.mng=01;35:*.pcx=01;35:*.mov=01;35:*.mpg=01;35:*.mpeg=01;35:*.m2v=01;35:*.mkv=01;35:*.webm=01;35:*.webp=01;35:*.ogm=01;35:*.mp4=01;35:*.m4v=01;35:*.mp4v=01;35:*.vob=01;35:*.qt=01;35:*.nuv=01;35:*.wmv=01;35:*.asf=01;35:*.rm=01;35:*.rmvb=01;35:*.flc=01;35:*.avi=01;35:*.fli=01;35:*.flv=01;35:*.gl=01;35:*.dl=01;35:*.xcf=01;35:*.xwd=01;35:*.yuv=01;35:*.cgm=01;35:*.emf=01;35:*.ogv=01;35:*.ogx=01;35:*.aac=00;36:*.au=00;36:*.flac=00;36:*.m4a=00;36:*.mid=00;36:*.midi=00;36:*.mka=00;36:*.mp3=00;36:*.mpc=00;36:*.ogg=00;36:*.ra=00;36:*.wav=00;36:*.oga=00;36:*.opus=00;36:*.spx=00;36:*.xspf=00;36:'), ('AMENT_PREFIX_PATH', '/workspace/install/multirobot_map_merge:/workspace/install/go2_vision:/workspace/install/go2_nav:/workspace/install/explore_lite:/workspace/install/explore_lite_msgs:/opt/ros/humble'), ('PWD', '/workspace/build/explore_lite'), ('LC_ALL', 'C.UTF-8'), ('PYTHONPATH', '/workspace/install/unitree_sdk2py/lib/python3.10/site-packages:/workspace/install/go2_vision/lib/python3.10/site-packages:/workspace/install/go2_nav/lib/python3.10/site-packages:/workspace/install/explore_lite_msgs/local/lib/python3.10/dist-packages:/opt/ros/humble/lib/python3.10/site-packages:/opt/ros/humble/local/lib/python3.10/dist-packages'), ('COLCON', '1'), ('CMAKE_PREFIX_PATH', '/workspace/install/explore_lite_msgs:/workspace/install/multirobot_map_merge:/workspace/install/explore_lite:/workspace/install/cyclonedds:/workspace/install/go2_vision:/workspace/install/go2_nav:/opt/ros/humble')]), 'shell': False}
[1.441166] (-) TimerEvent: {}
[1.441723] (go2_nav) Command: {'cmd': ['/usr/bin/python3', '-W', 'ignore:setup.py install is deprecated', '-W', 'ignore:easy_install command is deprecated', 'setup.py', 'egg_info', '--egg-base', '../../build/go2_nav', 'build', '--build-base', '/workspace/build/go2_nav/build', 'install', '--record', '/workspace/build/go2_nav/install.log', '--install-scripts', '$base/lib/go2_nav', '--single-version-externally-managed', 'install_data'], 'cwd': '/workspace/src/go2_nav', 'env': {'HOSTNAME': 'ubuntu', 'SHLVL': '2', 'LD_LIBRARY_PATH': '/workspace/install/multirobot_map_merge/lib:/workspace/install/explore_lite_msgs/lib:/workspace/install/cyclonedds/lib:/opt/ros/humble/opt/rviz_ogre_vendor/lib:/opt/ros/humble/lib/aarch64-linux-gnu:/opt/ros/humble/lib', 'HOME': '/root', 'OLDPWD': '/workspace', 'ROS_PYTHON_VERSION': '3', 'COLCON_PREFIX_PATH': '/workspace/install', 'ROS_DISTRO': 'humble', '_': '/usr/bin/colcon', 'ROS_VERSION': '2', 'PKG_CONFIG_PATH': '/workspace/install/cyclonedds/lib/aarch64-linux-gnu/pkgconfig:/workspace/install/cyclonedds/lib/pkgconfig', 'TERM': 'xterm', 'ROS_LOCALHOST_ONLY': '0', 'PATH': '/workspace/install/cyclonedds/bin:/opt/ros/humble/bin:/usr/local/sbin:/usr/local/bin:/usr/sbin:/usr/bin:/sbin:/bin', 'LANG': 'C.UTF-8', 'RMW_IMPLEMENTATION': 'rmw_cyclonedds_cpp', 'CYCLONEDDS_HOME': '/workspace/cyclonedds/install', 'LS_COLORS': 'rs=0:di=01;34:ln=01;36:mh=00:pi=40;33:so=01;35:do=01;35:bd=40;33;01:cd=40;33;01:or=40;31;01:mi=00:su=37;41:sg=30;43:ca=30;41:tw=30;42:ow=34;42:st=37;44:ex=01;32:*.tar=01;31:*.tgz=01;31:*.arc=01;31:*.arj=01;31:*.taz=01;31:*.lha=01;31:*.lz4=01;31:*.lzh=01;31:*.lzma=01;31:*.tlz=01;31:*.txz=01;31:*.tzo=01;31:*.t7z=01;31:*.zip=01;31:*.z=01;31:*.dz=01;31:*.gz=01;31:*.lrz=01;31:*.lz=01;31:*.lzo=01;31:*.xz=01;31:*.zst=01;31:*.tzst=01;31:*.bz2=01;31:*.bz=01;31:*.tbz=01;31:*.tbz2=01;31:*.tz=01;31:*.deb=01;31:*.rpm=01;31:*.jar=01;31:*.war=01;31:*.ear=01;31:*.sar=01;31:*.rar=01;31:*.alz=01;31:*.ace=01;31:*.zoo=01;31:*.cpio=01;31:*.7z=01;31:*.rz=01;31:*.cab=01;31:*.wim=01;31:*.swm=01;31:*.dwm=01;31:*.esd=01;31:*.jpg=01;35:*.jpeg=01;35:*.mjpg=01;35:*.mjpeg=01;35:*.gif=01;35:*.bmp=01;35:*.pbm=01;35:*.pgm=01;35:*.ppm=01;35:*.tga=01;35:*.xbm=01;35:*.xpm=01;35:*.tif=01;35:*.tiff=01;35:*.png=01;35:*.svg=01;35:*.svgz=01;35:*.mng=01;35:*.pcx=01;35:*.mov=01;35:*.mpg=01;35:*.mpeg=01;35:*.m2v=01;35:*.mkv=01;35:*.webm=01;35:*.webp=01;35:*.ogm=01;35:*.mp4=01;35:*.m4v=01;35:*.mp4v=01;35:*.vob=01;35:*.qt=01;35:*.nuv=01;35:*.wmv=01;35:*.asf=01;35:*.rm=01;35:*.rmvb=01;35:*.flc=01;35:*.avi=01;35:*.fli=01;35:*.flv=01;35:*.gl=01;35:*.dl=01;35:*.xcf=01;35:*.xwd=01;35:*.yuv=01;35:*.cgm=01;35:*.emf=01;35:*.ogv=01;35:*.ogx=01;35:*.aac=00;36:*.au=00;36:*.flac=00;36:*.m4a=00;36:*.mid=00;36:*.midi=00;36:*.mka=00;36:*.mp3=00;36:*.mpc=00;36:*.ogg=00;36:*.ra=00;36:*.wav=00;36:*.oga=00;36:*.opus=00;36:*.spx=00;36:*.xspf=00;36:', 'AMENT_PREFIX_PATH': '/workspace/install/multirobot_map_merge:/workspace/install/go2_vision:/workspace/install/go2_nav:/workspace/install/explore_lite:/workspace/install/explore_lite_msgs:/opt/ros/humble', 'PWD': '/workspace/build/go2_nav', 'LC_ALL': 'C.UTF-8', 'PYTHONPATH': '/workspace/build/go2_nav/prefix_override:/usr/lib/python3/dist-packages/colcon_core/task/python/colcon_distutils_commands:/workspace/install/go2_nav/lib/python3.10/site-packages:/workspace/install/unitree_sdk2py/lib/python3.10/site-packages:/workspace/install/go2_vision/lib/python3.10/site-packages:/workspace/install/go2_nav/lib/python3.10/site-packages:/workspace/install/explore_lite_msgs/local/lib/python3.10/dist-packages:/opt/ros/humble/lib/python3.10/site-packages:/opt/ros/humble/local/lib/python3.10/dist-packages', 'COLCON': '1', 'CMAKE_PREFIX_PATH': '/workspace/install/multirobot_map_merge:/workspace/install/explore_lite:/workspace/install/explore_lite_msgs:/workspace/install/cyclonedds'}, 'shell': False}
[1.445785] (go2_vision) Command: {'cmd': ['/usr/bin/python3', '-W', 'ignore:setup.py install is deprecated', '-W', 'ignore:easy_install command is deprecated', 'setup.py', 'egg_info', '--egg-base', '../../build/go2_vision', 'build', '--build-base', '/workspace/build/go2_vision/build', 'install', '--record', '/workspace/build/go2_vision/install.log', '--install-scripts', '$base/lib/go2_vision', '--single-version-externally-managed', 'install_data'], 'cwd': '/workspace/src/go2_vision', 'env': {'HOSTNAME': 'ubuntu', 'SHLVL': '2', 'LD_LIBRARY_PATH': '/workspace/install/multirobot_map_merge/lib:/workspace/install/explore_lite_msgs/lib:/workspace/install/cyclonedds/lib:/opt/ros/humble/opt/rviz_ogre_vendor/lib:/opt/ros/humble/lib/aarch64-linux-gnu:/opt/ros/humble/lib', 'HOME': '/root', 'OLDPWD': '/workspace', 'ROS_PYTHON_VERSION': '3', 'COLCON_PREFIX_PATH': '/workspace/install', 'ROS_DISTRO': 'humble', '_': '/usr/bin/colcon', 'ROS_VERSION': '2', 'PKG_CONFIG_PATH': '/workspace/install/cyclonedds/lib/aarch64-linux-gnu/pkgconfig:/workspace/install/cyclonedds/lib/pkgconfig', 'TERM': 'xterm', 'ROS_LOCALHOST_ONLY': '0', 'PATH': '/workspace/install/cyclonedds/bin:/opt/ros/humble/bin:/usr/local/sbin:/usr/local/bin:/usr/sbin:/usr/bin:/sbin:/bin', 'LANG': 'C.UTF-8', 'RMW_IMPLEMENTATION': 'rmw_cyclonedds_cpp', 'CYCLONEDDS_HOME': '/workspace/cyclonedds/install', 'LS_COLORS': 'rs=0:di=01;34:ln=01;36:mh=00:pi=40;33:so=01;35:do=01;35:bd=40;33;01:cd=40;33;01:or=40;31;01:mi=00:su=37;41:sg=30;43:ca=30;41:tw=30;42:ow=34;42:st=37;44:ex=01;32:*.tar=01;31:*.tgz=01;31:*.arc=01;31:*.arj=01;31:*.taz=01;31:*.lha=01;31:*.lz4=01;31:*.lzh=01;31:*.lzma=01;31:*.tlz=01;31:*.txz=01;31:*.tzo=01;31:*.t7z=01;31:*.zip=01;31:*.z=01;31:*.dz=01;31:*.gz=01;31:*.lrz=01;31:*.lz=01;31:*.lzo=01;31:*.xz=01;31:*.zst=01;31:*.tzst=01;31:*.bz2=01;31:*.bz=01;31:*.tbz=01;31:*.tbz2=01;31:*.tz=01;31:*.deb=01;31:*.rpm=01;31:*.jar=01;31:*.war=01;31:*.ear=01;31:*.sar=01;31:*.rar=01;31:*.alz=01;31:*.ace=01;31:*.zoo=01;31:*.cpio=01;31:*.7z=01;31:*.rz=01;31:*.cab=01;31:*.wim=01;31:*.swm=01;31:*.dwm=01;31:*.esd=01;31:*.jpg=01;35:*.jpeg=01;35:*.mjpg=01;35:*.mjpeg=01;35:*.gif=01;35:*.bmp=01;35:*.pbm=01;35:*.pgm=01;35:*.ppm=01;35:*.tga=01;35:*.xbm=01;35:*.xpm=01;35:*.tif=01;35:*.tiff=01;35:*.png=01;35:*.svg=01;35:*.svgz=01;35:*.mng=01;35:*.pcx=01;35:*.mov=01;35:*.mpg=01;35:*.mpeg=01;35:*.m2v=01;35:*.mkv=01;35:*.webm=01;35:*.webp=01;35:*.ogm=01;35:*.mp4=01;35:*.m4v=01;35:*.mp4v=01;35:*.vob=01;35:*.qt=01;35:*.nuv=01;35:*.wmv=01;35:*.asf=01;35:*.rm=01;35:*.rmvb=01;35:*.flc=01;35:*.avi=01;35:*.fli=01;35:*.flv=01;35:*.gl=01;35:*.dl=01;35:*.xcf=01;35:*.xwd=01;35:*.yuv=01;35:*.cgm=01;35:*.emf=01;35:*.ogv=01;35:*.ogx=01;35:*.aac=00;36:*.au=00;36:*.flac=00;36:*.m4a=00;36:*.mid=00;36:*.midi=00;36:*.mka=00;36:*.mp3=00;36:*.mpc=00;36:*.ogg=00;36:*.ra=00;36:*.wav=00;36:*.oga=00;36:*.opus=00;36:*.spx=00;36:*.xspf=00;36:', 'AMENT_PREFIX_PATH': '/workspace/install/multirobot_map_merge:/workspace/install/go2_vision:/workspace/install/go2_nav:/workspace/install/explore_lite:/workspace/install/explore_lite_msgs:/opt/ros/humble', 'PWD': '/workspace/build/go2_vision', 'LC_ALL': 'C.UTF-8', 'PYTHONPATH': '/workspace/build/go2_vision/prefix_override:/usr/lib/python3/dist-packages/colcon_core/task/python/colcon_distutils_commands:/workspace/install/go2_vision/lib/python3.10/site-packages:/workspace/install/unitree_sdk2py/lib/python3.10/site-packages:/workspace/install/go2_vision/lib/python3.10/site-packages:/workspace/install/go2_nav/lib/python3.10/site-packages:/workspace/install/explore_lite_msgs/local/lib/python3.10/dist-packages:/opt/ros/humble/lib/python3.10/site-packages:/opt/ros/humble/local/lib/python3.10/dist-packages', 'COLCON': '1', 'CMAKE_PREFIX_PATH': '/workspace/install/multirobot_map_merge:/workspace/install/explore_lite:/workspace/install/explore_lite_msgs:/workspace/install/cyclonedds'}, 'shell': False}
[1.529986] (explore_lite) StdoutLine: {'line': b'[ 40%] Built target gtest_main\n'}
[1.530420] (explore_lite) StdoutLine: {'line': b'[ 40%] Built target gtest\n'}
[1.541350] (-) TimerEvent: {}
[1.545614] (explore_lite) StdoutLine: {'line': b'[ 80%] Built target explore\n'}
[1.567157] (explore_lite) StdoutLine: {'line': b'[100%] Built target test_explore\n'}
[1.585816] (explore_lite) CommandEnded: {'returncode': 0}
[1.587031] (explore_lite) JobProgress: {'identifier': 'explore_lite', 'progress': 'install'}
[1.587455] (explore_lite) Command: {'cmd': ['/usr/bin/cmake', '--install', '/workspace/build/explore_lite'], 'cwd': '/workspace/build/explore_lite', 'env': OrderedDict([('HOSTNAME', 'ubuntu'), ('SHLVL', '2'), ('LD_LIBRARY_PATH', '/workspace/install/explore_lite_msgs/lib:/workspace/install/multirobot_map_merge/lib:/workspace/install/cyclonedds/lib:/opt/ros/humble/opt/rviz_ogre_vendor/lib:/opt/ros/humble/lib/aarch64-linux-gnu:/opt/ros/humble/lib'), ('HOME', '/root'), ('OLDPWD', '/workspace'), ('ROS_PYTHON_VERSION', '3'), ('COLCON_PREFIX_PATH', '/workspace/install'), ('ROS_DISTRO', 'humble'), ('_', '/usr/bin/colcon'), ('ROS_VERSION', '2'), ('PKG_CONFIG_PATH', '/workspace/install/cyclonedds/lib/aarch64-linux-gnu/pkgconfig:/workspace/install/cyclonedds/lib/pkgconfig'), ('TERM', 'xterm'), ('ROS_LOCALHOST_ONLY', '0'), ('PATH', '/workspace/install/cyclonedds/bin:/opt/ros/humble/bin:/usr/local/sbin:/usr/local/bin:/usr/sbin:/usr/bin:/sbin:/bin'), ('LANG', 'C.UTF-8'), ('RMW_IMPLEMENTATION', 'rmw_cyclonedds_cpp'), ('CYCLONEDDS_HOME', '/workspace/cyclonedds/install'), ('LS_COLORS', 'rs=0:di=01;34:ln=01;36:mh=00:pi=40;33:so=01;35:do=01;35:bd=40;33;01:cd=40;33;01:or=40;31;01:mi=00:su=37;41:sg=30;43:ca=30;41:tw=30;42:ow=34;42:st=37;44:ex=01;32:*.tar=01;31:*.tgz=01;31:*.arc=01;31:*.arj=01;31:*.taz=01;31:*.lha=01;31:*.lz4=01;31:*.lzh=01;31:*.lzma=01;31:*.tlz=01;31:*.txz=01;31:*.tzo=01;31:*.t7z=01;31:*.zip=01;31:*.z=01;31:*.dz=01;31:*.gz=01;31:*.lrz=01;31:*.lz=01;31:*.lzo=01;31:*.xz=01;31:*.zst=01;31:*.tzst=01;31:*.bz2=01;31:*.bz=01;31:*.tbz=01;31:*.tbz2=01;31:*.tz=01;31:*.deb=01;31:*.rpm=01;31:*.jar=01;31:*.war=01;31:*.ear=01;31:*.sar=01;31:*.rar=01;31:*.alz=01;31:*.ace=01;31:*.zoo=01;31:*.cpio=01;31:*.7z=01;31:*.rz=01;31:*.cab=01;31:*.wim=01;31:*.swm=01;31:*.dwm=01;31:*.esd=01;31:*.jpg=01;35:*.jpeg=01;35:*.mjpg=01;35:*.mjpeg=01;35:*.gif=01;35:*.bmp=01;35:*.pbm=01;35:*.pgm=01;35:*.ppm=01;35:*.tga=01;35:*.xbm=01;35:*.xpm=01;35:*.tif=01;35:*.tiff=01;35:*.png=01;35:*.svg=01;35:*.svgz=01;35:*.mng=01;35:*.pcx=01;35:*.mov=01;35:*.mpg=01;35:*.mpeg=01;35:*.m2v=01;35:*.mkv=01;35:*.webm=01;35:*.webp=01;35:*.ogm=01;35:*.mp4=01;35:*.m4v=01;35:*.mp4v=01;35:*.vob=01;35:*.qt=01;35:*.nuv=01;35:*.wmv=01;35:*.asf=01;35:*.rm=01;35:*.rmvb=01;35:*.flc=01;35:*.avi=01;35:*.fli=01;35:*.flv=01;35:*.gl=01;35:*.dl=01;35:*.xcf=01;35:*.xwd=01;35:*.yuv=01;35:*.cgm=01;35:*.emf=01;35:*.ogv=01;35:*.ogx=01;35:*.aac=00;36:*.au=00;36:*.flac=00;36:*.m4a=00;36:*.mid=00;36:*.midi=00;36:*.mka=00;36:*.mp3=00;36:*.mpc=00;36:*.ogg=00;36:*.ra=00;36:*.wav=00;36:*.oga=00;36:*.opus=00;36:*.spx=00;36:*.xspf=00;36:'), ('AMENT_PREFIX_PATH', '/workspace/install/multirobot_map_merge:/workspace/install/go2_vision:/workspace/install/go2_nav:/workspace/install/explore_lite:/workspace/install/explore_lite_msgs:/opt/ros/humble'), ('PWD', '/workspace/build/explore_lite'), ('LC_ALL', 'C.UTF-8'), ('PYTHONPATH', '/workspace/install/unitree_sdk2py/lib/python3.10/site-packages:/workspace/install/go2_vision/lib/python3.10/site-packages:/workspace/install/go2_nav/lib/python3.10/site-packages:/workspace/install/explore_lite_msgs/local/lib/python3.10/dist-packages:/opt/ros/humble/lib/python3.10/site-packages:/opt/ros/humble/local/lib/python3.10/dist-packages'), ('COLCON', '1'), ('CMAKE_PREFIX_PATH', '/workspace/install/explore_lite_msgs:/workspace/install/multirobot_map_merge:/workspace/install/explore_lite:/workspace/install/cyclonedds:/workspace/install/go2_vision:/workspace/install/go2_nav:/opt/ros/humble')]), 'shell': False}
[1.600267] (explore_lite) StdoutLine: {'line': b'-- Install configuration: ""\n'}
[1.600641] (explore_lite) StdoutLine: {'line': b'-- Up-to-date: /workspace/install/explore_lite/include/explore/\n'}
[1.600835] (explore_lite) StdoutLine: {'line': b'-- Up-to-date: /workspace/install/explore_lite/include/explore//costmap_client.h\n'}
[1.600946] (explore_lite) StdoutLine: {'line': b'-- Up-to-date: /workspace/install/explore_lite/include/explore//explore.h\n'}
[1.601069] (explore_lite) StdoutLine: {'line': b'-- Up-to-date: /workspace/install/explore_lite/include/explore//costmap_tools.h\n'}
[1.601172] (explore_lite) StdoutLine: {'line': b'-- Up-to-date: /workspace/install/explore_lite/include/explore//frontier_search.h\n'}
[1.601267] (explore_lite) StdoutLine: {'line': b'-- Up-to-date: /workspace/install/explore_lite/share/explore_lite/config\n'}
[1.601409] (explore_lite) StdoutLine: {'line': b'-- Up-to-date: /workspace/install/explore_lite/share/explore_lite/config/params.yaml\n'}
[1.601549] (explore_lite) StdoutLine: {'line': b'-- Up-to-date: /workspace/install/explore_lite/share/explore_lite/config/params_costmap.yaml\n'}
[1.601686] (explore_lite) StdoutLine: {'line': b'-- Up-to-date: /workspace/install/explore_lite/share/explore_lite/launch\n'}
[1.601843] (explore_lite) StdoutLine: {'line': b'-- Up-to-date: /workspace/install/explore_lite/share/explore_lite/launch/explore.launch.py\n'}
[1.601985] (explore_lite) StdoutLine: {'line': b'-- Up-to-date: /workspace/install/explore_lite/lib/explore_lite/explore\n'}
[1.602082] (explore_lite) StdoutLine: {'line': b'-- Up-to-date: /workspace/install/explore_lite/share/ament_index/resource_index/package_run_dependencies/explore_lite\n'}
[1.602178] (explore_lite) StdoutLine: {'line': b'-- Up-to-date: /workspace/install/explore_lite/share/ament_index/resource_index/parent_prefix_path/explore_lite\n'}
[1.602273] (explore_lite) StdoutLine: {'line': b'-- Up-to-date: /workspace/install/explore_lite/share/explore_lite/environment/ament_prefix_path.sh\n'}
[1.602413] (explore_lite) StdoutLine: {'line': b'-- Up-to-date: /workspace/install/explore_lite/share/explore_lite/environment/ament_prefix_path.dsv\n'}
[1.602566] (explore_lite) StdoutLine: {'line': b'-- Up-to-date: /workspace/install/explore_lite/share/explore_lite/environment/path.sh\n'}
[1.602682] (explore_lite) StdoutLine: {'line': b'-- Up-to-date: /workspace/install/explore_lite/share/explore_lite/environment/path.dsv\n'}
[1.602810] (explore_lite) StdoutLine: {'line': b'-- Up-to-date: /workspace/install/explore_lite/share/explore_lite/local_setup.bash\n'}
[1.602910] (explore_lite) StdoutLine: {'line': b'-- Up-to-date: /workspace/install/explore_lite/share/explore_lite/local_setup.sh\n'}
[1.603000] (explore_lite) StdoutLine: {'line': b'-- Up-to-date: /workspace/install/explore_lite/share/explore_lite/local_setup.zsh\n'}
[1.603090] (explore_lite) StdoutLine: {'line': b'-- Up-to-date: /workspace/install/explore_lite/share/explore_lite/local_setup.dsv\n'}
[1.603178] (explore_lite) StdoutLine: {'line': b'-- Installing: /workspace/install/explore_lite/share/explore_lite/package.dsv\n'}
[1.603266] (explore_lite) StdoutLine: {'line': b'-- Up-to-date: /workspace/install/explore_lite/share/ament_index/resource_index/packages/explore_lite\n'}
[1.603375] (explore_lite) StdoutLine: {'line': b'-- Up-to-date: /workspace/install/explore_lite/share/explore_lite/cmake/ament_cmake_export_dependencies-extras.cmake\n'}
[1.603467] (explore_lite) StdoutLine: {'line': b'-- Up-to-date: /workspace/install/explore_lite/share/explore_lite/cmake/ament_cmake_export_include_directories-extras.cmake\n'}
[1.603556] (explore_lite) StdoutLine: {'line': b'-- Up-to-date: /workspace/install/explore_lite/share/explore_lite/cmake/explore_liteConfig.cmake\n'}
[1.603659] (explore_lite) StdoutLine: {'line': b'-- Up-to-date: /workspace/install/explore_lite/share/explore_lite/cmake/explore_liteConfig-version.cmake\n'}
[1.603749] (explore_lite) StdoutLine: {'line': b'-- Up-to-date: /workspace/install/explore_lite/share/explore_lite/package.xml\n'}
[1.605792] (explore_lite) CommandEnded: {'returncode': 0}
[1.628116] (explore_lite) JobEnded: {'identifier': 'explore_lite', 'rc': 0}
[1.641419] (-) TimerEvent: {}
[1.741820] (-) TimerEvent: {}
[1.778218] (go2_vision) StdoutLine: {'line': b'running egg_info\n'}
[1.779043] (go2_vision) StdoutLine: {'line': b'writing ../../build/go2_vision/go2_vision.egg-info/PKG-INFO\n'}
[1.779337] (go2_nav) StdoutLine: {'line': b'running egg_info\n'}
[1.779507] (go2_vision) StdoutLine: {'line': b'writing dependency_links to ../../build/go2_vision/go2_vision.egg-info/dependency_links.txt\n'}
[1.779651] (go2_vision) StdoutLine: {'line': b'writing entry points to ../../build/go2_vision/go2_vision.egg-info/entry_points.txt\n'}
[1.780125] (go2_vision) StdoutLine: {'line': b'writing requirements to ../../build/go2_vision/go2_vision.egg-info/requires.txt\n'}
[1.780331] (go2_vision) StdoutLine: {'line': b'writing top-level names to ../../build/go2_vision/go2_vision.egg-info/top_level.txt\n'}
[1.780843] (go2_nav) StdoutLine: {'line': b'writing ../../build/go2_nav/go2_nav.egg-info/PKG-INFO\n'}
[1.781300] (go2_nav) StdoutLine: {'line': b'writing dependency_links to ../../build/go2_nav/go2_nav.egg-info/dependency_links.txt\n'}
[1.781643] (go2_nav) StdoutLine: {'line': b'writing entry points to ../../build/go2_nav/go2_nav.egg-info/entry_points.txt\n'}
[1.781882] (go2_nav) StdoutLine: {'line': b'writing requirements to ../../build/go2_nav/go2_nav.egg-info/requires.txt\n'}
[1.782047] (go2_nav) StdoutLine: {'line': b'writing top-level names to ../../build/go2_nav/go2_nav.egg-info/top_level.txt\n'}
[1.782803] (go2_vision) StdoutLine: {'line': b"reading manifest file '../../build/go2_vision/go2_vision.egg-info/SOURCES.txt'\n"}
[1.784301] (go2_vision) StdoutLine: {'line': b"writing manifest file '../../build/go2_vision/go2_vision.egg-info/SOURCES.txt'\n"}
[1.784560] (go2_vision) StdoutLine: {'line': b'running build\n'}
[1.784691] (go2_vision) StdoutLine: {'line': b'running build_py\n'}
[1.785069] (go2_vision) StdoutLine: {'line': b'running install\n'}
[1.785276] (go2_nav) StdoutLine: {'line': b"reading manifest file '../../build/go2_nav/go2_nav.egg-info/SOURCES.txt'\n"}
[1.785591] (go2_vision) StdoutLine: {'line': b'running install_lib\n'}
[1.786711] (go2_nav) StdoutLine: {'line': b"writing manifest file '../../build/go2_nav/go2_nav.egg-info/SOURCES.txt'\n"}
[1.787046] (go2_nav) StdoutLine: {'line': b'running build\n'}
[1.787172] (go2_nav) StdoutLine: {'line': b'running build_py\n'}
[1.787675] (go2_vision) StdoutLine: {'line': b'running install_data\n'}
[1.787821] (go2_nav) StdoutLine: {'line': b'running install\n'}
[1.787946] (go2_vision) StdoutLine: {'line': b'running install_egg_info\n'}
[1.788399] (go2_nav) StdoutLine: {'line': b'running install_lib\n'}
[1.790667] (go2_nav) StdoutLine: {'line': b'running install_data\n'}
[1.790864] (go2_vision) StdoutLine: {'line': b"removing '/workspace/install/go2_vision/lib/python3.10/site-packages/go2_vision-0.0.0-py3.10.egg-info' (and everything under it)\n"}
[1.791227] (go2_nav) StdoutLine: {'line': b'running install_egg_info\n'}
[1.791421] (go2_vision) StdoutLine: {'line': b'Copying ../../build/go2_vision/go2_vision.egg-info to /workspace/install/go2_vision/lib/python3.10/site-packages/go2_vision-0.0.0-py3.10.egg-info\n'}
[1.792913] (go2_vision) StdoutLine: {'line': b'running install_scripts\n'}
[1.794627] (go2_nav) StdoutLine: {'line': b"removing '/workspace/install/go2_nav/lib/python3.10/site-packages/go2_nav-0.0.0-py3.10.egg-info' (and everything under it)\n"}
[1.795268] (go2_nav) StdoutLine: {'line': b'Copying ../../build/go2_nav/go2_nav.egg-info to /workspace/install/go2_nav/lib/python3.10/site-packages/go2_nav-0.0.0-py3.10.egg-info\n'}
[1.796876] (go2_nav) StdoutLine: {'line': b'running install_scripts\n'}
[1.827133] (go2_vision) StdoutLine: {'line': b'Installing cameraimg script to /workspace/install/go2_vision/lib/go2_vision\n'}
[1.827888] (go2_vision) StdoutLine: {'line': b"writing list of installed files to '/workspace/build/go2_vision/install.log'\n"}
[1.833584] (go2_nav) StdoutLine: {'line': b'Installing go2_sport_bridge script to /workspace/install/go2_nav/lib/go2_nav\n'}
[1.834002] (go2_nav) StdoutLine: {'line': b'Installing odom_broadcast script to /workspace/install/go2_nav/lib/go2_nav\n'}
[1.834227] (go2_nav) StdoutLine: {'line': b'Installing restamp_node script to /workspace/install/go2_nav/lib/go2_nav\n'}
[1.835000] (go2_nav) StdoutLine: {'line': b"writing list of installed files to '/workspace/build/go2_nav/install.log'\n"}
[1.841905] (-) TimerEvent: {}
[1.892859] (go2_vision) CommandEnded: {'returncode': 0}
[1.907224] (go2_vision) JobEnded: {'identifier': 'go2_vision', 'rc': 0}
[1.910489] (go2_nav) CommandEnded: {'returncode': 0}
[1.923894] (go2_nav) JobEnded: {'identifier': 'go2_nav', 'rc': 0}
[1.941989] (-) TimerEvent: {}
[1.945788] (unitree_sdk2py) Command: {'cmd': ['/usr/bin/python3', '-W', 'ignore:setup.py install is deprecated', '-W', 'ignore:easy_install command is deprecated', 'setup.py', 'egg_info', '--egg-base', '../../build/unitree_sdk2py', 'build', '--build-base', '/workspace/build/unitree_sdk2py/build', 'install', '--record', '/workspace/build/unitree_sdk2py/install.log', '--single-version-externally-managed'], 'cwd': '/workspace/sdk/unitree_sdk2_python', 'env': {'HOSTNAME': 'ubuntu', 'SHLVL': '2', 'LD_LIBRARY_PATH': '/workspace/install/cyclonedds/lib:/workspace/install/multirobot_map_merge/lib:/workspace/install/explore_lite_msgs/lib:/opt/ros/humble/opt/rviz_ogre_vendor/lib:/opt/ros/humble/lib/aarch64-linux-gnu:/opt/ros/humble/lib', 'HOME': '/root', 'OLDPWD': '/workspace', 'ROS_PYTHON_VERSION': '3', 'COLCON_PREFIX_PATH': '/workspace/install', 'ROS_DISTRO': 'humble', '_': '/usr/bin/colcon', 'ROS_VERSION': '2', 'PKG_CONFIG_PATH': '/workspace/install/cyclonedds/lib/aarch64-linux-gnu/pkgconfig:/workspace/install/cyclonedds/lib/pkgconfig', 'TERM': 'xterm', 'ROS_LOCALHOST_ONLY': '0', 'PATH': '/workspace/install/cyclonedds/bin:/opt/ros/humble/bin:/usr/local/sbin:/usr/local/bin:/usr/sbin:/usr/bin:/sbin:/bin', 'LANG': 'C.UTF-8', 'RMW_IMPLEMENTATION': 'rmw_cyclonedds_cpp', 'CYCLONEDDS_HOME': '/workspace/cyclonedds/install', 'LS_COLORS': 'rs=0:di=01;34:ln=01;36:mh=00:pi=40;33:so=01;35:do=01;35:bd=40;33;01:cd=40;33;01:or=40;31;01:mi=00:su=37;41:sg=30;43:ca=30;41:tw=30;42:ow=34;42:st=37;44:ex=01;32:*.tar=01;31:*.tgz=01;31:*.arc=01;31:*.arj=01;31:*.taz=01;31:*.lha=01;31:*.lz4=01;31:*.lzh=01;31:*.lzma=01;31:*.tlz=01;31:*.txz=01;31:*.tzo=01;31:*.t7z=01;31:*.zip=01;31:*.z=01;31:*.dz=01;31:*.gz=01;31:*.lrz=01;31:*.lz=01;31:*.lzo=01;31:*.xz=01;31:*.zst=01;31:*.tzst=01;31:*.bz2=01;31:*.bz=01;31:*.tbz=01;31:*.tbz2=01;31:*.tz=01;31:*.deb=01;31:*.rpm=01;31:*.jar=01;31:*.war=01;31:*.ear=01;31:*.sar=01;31:*.rar=01;31:*.alz=01;31:*.ace=01;31:*.zoo=01;31:*.cpio=01;31:*.7z=01;31:*.rz=01;31:*.cab=01;31:*.wim=01;31:*.swm=01;31:*.dwm=01;31:*.esd=01;31:*.jpg=01;35:*.jpeg=01;35:*.mjpg=01;35:*.mjpeg=01;35:*.gif=01;35:*.bmp=01;35:*.pbm=01;35:*.pgm=01;35:*.ppm=01;35:*.tga=01;35:*.xbm=01;35:*.xpm=01;35:*.tif=01;35:*.tiff=01;35:*.png=01;35:*.svg=01;35:*.svgz=01;35:*.mng=01;35:*.pcx=01;35:*.mov=01;35:*.mpg=01;35:*.mpeg=01;35:*.m2v=01;35:*.mkv=01;35:*.webm=01;35:*.webp=01;35:*.ogm=01;35:*.mp4=01;35:*.m4v=01;35:*.mp4v=01;35:*.vob=01;35:*.qt=01;35:*.nuv=01;35:*.wmv=01;35:*.asf=01;35:*.rm=01;35:*.rmvb=01;35:*.flc=01;35:*.avi=01;35:*.fli=01;35:*.flv=01;35:*.gl=01;35:*.dl=01;35:*.xcf=01;35:*.xwd=01;35:*.yuv=01;35:*.cgm=01;35:*.emf=01;35:*.ogv=01;35:*.ogx=01;35:*.aac=00;36:*.au=00;36:*.flac=00;36:*.m4a=00;36:*.mid=00;36:*.midi=00;36:*.mka=00;36:*.mp3=00;36:*.mpc=00;36:*.ogg=00;36:*.ra=00;36:*.wav=00;36:*.oga=00;36:*.opus=00;36:*.spx=00;36:*.xspf=00;36:', 'AMENT_PREFIX_PATH': '/workspace/install/multirobot_map_merge:/workspace/install/go2_vision:/workspace/install/go2_nav:/workspace/install/explore_lite:/workspace/install/explore_lite_msgs:/opt/ros/humble', 'PWD': '/workspace/build/unitree_sdk2py', 'LC_ALL': 'C.UTF-8', 'PYTHONPATH': '/workspace/build/unitree_sdk2py/prefix_override:/usr/lib/python3/dist-packages/colcon_core/task/python/colcon_distutils_commands:/workspace/install/unitree_sdk2py/lib/python3.10/site-packages:/workspace/install/unitree_sdk2py/lib/python3.10/site-packages:/workspace/install/go2_vision/lib/python3.10/site-packages:/workspace/install/go2_nav/lib/python3.10/site-packages:/workspace/install/explore_lite_msgs/local/lib/python3.10/dist-packages:/opt/ros/humble/lib/python3.10/site-packages:/opt/ros/humble/local/lib/python3.10/dist-packages', 'COLCON': '1', 'CMAKE_PREFIX_PATH': '/workspace/install/cyclonedds:/workspace/install/multirobot_map_merge:/workspace/install/explore_lite:/workspace/install/explore_lite_msgs'}, 'shell': False}
[2.042112] (-) TimerEvent: {}
[2.142629] (-) TimerEvent: {}
[2.243146] (-) TimerEvent: {}
[2.260705] (unitree_sdk2py) StdoutLine: {'line': b'running egg_info\n'}
[2.261567] (unitree_sdk2py) StdoutLine: {'line': b'writing ../../build/unitree_sdk2py/unitree_sdk2py.egg-info/PKG-INFO\n'}
[2.261864] (unitree_sdk2py) StdoutLine: {'line': b'writing dependency_links to ../../build/unitree_sdk2py/unitree_sdk2py.egg-info/dependency_links.txt\n'}
[2.262179] (unitree_sdk2py) StdoutLine: {'line': b'writing requirements to ../../build/unitree_sdk2py/unitree_sdk2py.egg-info/requires.txt\n'}
[2.262354] (unitree_sdk2py) StdoutLine: {'line': b'writing top-level names to ../../build/unitree_sdk2py/unitree_sdk2py.egg-info/top_level.txt\n'}
[2.272384] (unitree_sdk2py) StdoutLine: {'line': b"reading manifest file '../../build/unitree_sdk2py/unitree_sdk2py.egg-info/SOURCES.txt'\n"}
[2.273556] (unitree_sdk2py) StdoutLine: {'line': b"adding license file 'LICENSE'\n"}
[2.276995] (unitree_sdk2py) StdoutLine: {'line': b"writing manifest file '../../build/unitree_sdk2py/unitree_sdk2py.egg-info/SOURCES.txt'\n"}
[2.277349] (unitree_sdk2py) StdoutLine: {'line': b'running build\n'}
[2.277459] (unitree_sdk2py) StdoutLine: {'line': b'running build_py\n'}
[2.298343] (unitree_sdk2py) StdoutLine: {'line': b'running install\n'}
[2.298503] (unitree_sdk2py) StdoutLine: {'line': b'running install_lib\n'}
[2.313547] (unitree_sdk2py) StdoutLine: {'line': b'running install_egg_info\n'}
[2.316299] (unitree_sdk2py) StdoutLine: {'line': b"removing '/workspace/install/unitree_sdk2py/lib/python3.10/site-packages/unitree_sdk2py-1.0.1-py3.10.egg-info' (and everything under it)\n"}
[2.316772] (unitree_sdk2py) StdoutLine: {'line': b'Copying ../../build/unitree_sdk2py/unitree_sdk2py.egg-info to /workspace/install/unitree_sdk2py/lib/python3.10/site-packages/unitree_sdk2py-1.0.1-py3.10.egg-info\n'}
[2.317891] (unitree_sdk2py) StdoutLine: {'line': b'running install_scripts\n'}
[2.343222] (-) TimerEvent: {}
[2.358315] (unitree_sdk2py) StdoutLine: {'line': b"writing list of installed files to '/workspace/build/unitree_sdk2py/install.log'\n"}
[2.416637] (unitree_sdk2py) CommandEnded: {'returncode': 0}
[2.443569] (-) TimerEvent: {}
[2.448300] (unitree_sdk2py) JobEnded: {'identifier': 'unitree_sdk2py', 'rc': 0}
[2.451064] (-) EventReactorShutdown: {}
